,title,budget,popularity,release_year,revenue,runtime,vote_average,vote_count
0,The Godfather,"36,703,349.28",41.109264,1972,"1,499,126,346.72",175,8.5,6024
1,The Shawshank Redemption,"43,134,278.00",51.645403,1994,"48,899,552.11",142,8.5,8358
2,Fight Club,"96,693,277.31",63.869599,1999,"154,791,744.55",139,8.3,9678
3,Schindler's List,"38,930,103.81",41.725123,1993,"568,672,494.68",195,8.3,4436
4,One Flew Over the Cuckoo's Nest,"14,258,364.31",35.529554,1975,"517,964,907.39",133,8.3,3001
5,The Dark Knight,"219,714,352.07",123.167259,2008,"1,193,058,960.20",152,8.3,12269
6,Whiplash,"3,564,892.27",64.29999000000001,2014,"14,142,899.87",105,8.3,4376
7,Psycho,"6,970,831.20",36.826309,1960,"276,432,432.43",109,8.3,2405
8,The Godfather: Part II,"67,425,963.49",36.629307,1974,"246,586,297.03",200,8.3,3418
9,Pulp Fiction,"13,802,968.96",140.95023600000005,1994,"369,106,507.72",154,8.3,8670
10,GoodFellas,"48,909,716.91",15.424092000000002,1990,"91,630,190.86",145,8.2,3211
11,The Empire Strikes Back,"55,856,796.12",19.470959,1980,"1,670,738,834.95",124,8.2,5998
12,American History X,"31,374,233.13",18.157166,1998,"37,453,190.02",119,8.2,3120
13,Forrest Gump,"94,895,411.61",48.307194,1994,"1,169,707,412.44",142,8.2,8147
14,12 Angry Men,"3,184,875.44",16.503959,1957,"9,099,644.13",96,8.2,2130
15,Rear Window,"9,505,576.21",17.911314,1954,"349,465,978.96",112,8.2,1531
16,The Green Mile,"92,088,835.53",19.96678,1999,"436,808,043.22",189,8.2,4166
17,The Shining,"58,959,951.46",19.611589,1980,"136,592,749.17",144,8.1,3890
18,Inception,"187,583,677.21",29.108149,2010,"967,852,947.06",148,8.1,14075
19,The Lord of the Rings: The Return of the King,"130,629,347.83",29.324358,2003,"1,554,890,825.71",201,8.1,8226
20,The Silence of the Lambs,"35,670,337.74",4.307222,1991,"512,043,797.03",119,8.1,4549
21,Se7en,"55,368,110.24",18.45743,1995,"549,170,881.54",127,8.1,5915
22,The Usual Suspects,"10,066,929.13",16.302466,1995,"39,162,985.15",106,8.1,3334
23,Interstellar,"178,244,613.43",32.213481,2014,"729,312,160.32",169,8.1,11187
24,Memento,"13,364,111.50",15.450789000000002,2000,"58,984,876.00",113,8.1,4168
25,Reservoir Dogs,"2,187,027.80",12.22034,1992,"26,720,024.87",99,8.1,3821
26,Taxi Driver,"5,842,003.51",14.092713,1976,"127,007,735.88",114,8.1,2632
27,Star Wars,"46,414,191.42",42.149697,1977,"3,271,770,138.45",121,8.1,6778
28,Dead Poets Society,"33,818,387.10",19.905716,1989,"486,366,384.36",129,8.1,2786
29,The Pianist,"49,747,081.71",14.811594,2002,"170,664,579.98",150,8.1,1927
30,Room,"6,473,417.72",12.443291,2015,"38,195,061.27",117,8.1,2838
31,It's a Wonderful Life,"41,698,769.23",15.031588,1946,"126,461,667.02",130,8.0,1103
32,Dr. Strangelove or: How I Learned to Stop Worrying and Love the Bomb,"14,847,096.77",9.80398,1964,"77,867,017.75",95,8.0,1472
33,Scarface,"64,181,726.91",11.299673,1983,"169,143,760.61",170,8.0,3017
34,The Lord of the Rings: The Fellowship of the Ring,"134,274,985.88",32.070725,2001,"1,258,096,502.96",178,8.0,8892
35,Citizen Kane,"14,606,679.86",15.811921,1941,"403,861,172.91",119,8.0,1244
36,Vertigo,"21,933,574.39",18.20822,1958,"247,737,024.22",128,8.0,1162
37,The Imitation Game,"15,123,785.38",31.59594,2014,"252,303,314.47",113,8.0,5895
38,A Clockwork Orange,"13,889,876.54",17.112594,1971,"167,871,785.19",136,8.0,3432
39,Lion,"12,785,000.00",17.085145,2016,"149,480,892.49",118,8.0,1699
40,Apocalypse Now,"110,944,214.88",13.5963,1979,"315,082,912.14",153,8.0,2112
41,The Lion King,"77,641,700.40",21.605761,1994,"1,360,009,595.97",89,8.0,5520
42,The Grand Budapest Hotel,"32,408,111.53",14.442048000000002,2014,"188,615,552.65",99,8.0,4644
43,The Lord of the Rings: The Two Towers,"112,286,270.15",29.423537,2002,"1,316,574,142.19",179,8.0,7641
44,Back to the Future,"45,151,486.99",25.778509,1985,"905,666,971.59",116,8.0,6239
45,The Prestige,"50,734,126.98",16.94556,2006,"139,108,297.24",130,8.0,4510
46,Good Will Hunting,"15,931,464.17",15.064832999999998,1997,"359,945,042.55",126,7.9,2880
47,Guardians of the Galaxy,"183,645,965.36",53.291601,2014,"835,404,015.36",121,7.9,10014
48,Gone Girl,"65,896,493.45",154.80100900000005,2014,"398,976,653.23",145,7.9,6023
49,Saving Private Ryan,"109,809,815.95",21.758054,1998,"755,869,450.50",169,7.9,5148
50,2001: A Space Odyssey,"77,150,862.07",22.494622,1968,"504,787,068.97",149,7.9,3075
51,The Wolf of Wall Street,"109,742,489.27",16.382422000000002,2013,"430,191,319.55",180,7.9,6768
52,Full Metal Jacket,"38,264,964.79",13.94148,1987,"104,345,578.81",116,7.9,2595
53,Inside Out,"188,808,016.88",23.985587,2015,"925,279,228.66",94,7.9,6737
54,Dallas Buyers Club,"5,487,124.46",14.785719,2013,"60,575,971.99",117,7.9,2973
55,American Beauty,"23,022,208.88",20.726578,1999,"546,848,984.85",122,7.9,3438
56,Prisoners,"50,481,545.06",11.96262,2013,"134,024,866.38",153,7.9,3183
57,Alien,"38,742,424.24",23.37742,1979,"369,573,850.08",117,7.9,4564
58,Casablanca,"13,773,288.34",13.916101,1942,"164,126,457.06",102,7.9,1462
59,Return of the Jedi,"83,051,154.62",14.586087,1983,"1,470,275,000.00",135,7.9,4763
60,The Matrix,"96,693,277.31",33.366332,1999,"711,412,934.17",136,7.9,9079
61,12 Years a Slave,"21,948,497.85",30.316249,2013,"205,218,454.94",134,7.9,3787
62,The Help,"28,423,743.89",7.4861179999999985,2011,"141,291,160.99",146,7.9,1966
63,Her,"25,240,772.53",13.829515,2013,"51,964,441.55",126,7.9,4215
64,Captain Fantastic,"5,327,083.33",16.519276,2016,"6,264,368.73",119,7.9,1569
65,Inglourious Basterds,"83,445,221.45",16.89564,2009,"380,428,016.25",153,7.9,6598
66,Eternal Sunshine of the Spotless Mind,"27,072,525.15",12.906327,2004,"97,810,496.66",108,7.9,3758
67,The Departed,"114,151,785.71",18.515448000000006,2006,"367,628,811.60",151,7.9,4455
68,La La Land,"31,962,500.00",19.681686,2016,"474,574,618.71",128,7.9,4745
69,There Will Be Blood,"30,836,951.28",8.200627,2007,"95,235,250.37",158,7.9,1581
70,Blade Runner,"74,192,746.11",96.272374,1982,"87,811,402.31",117,7.9,3833
71,Harry Potter and the Deathly Hallows: Part 2,"142,118,719.43",24.990737,2011,"1,525,786,571.81",130,7.9,6141
72,Mr. Nobody,"56,027,505.83",11.817059,2009,"4,228,537.72",156,7.9,1616
73,Requiem for a Dream,"6,682,055.75",6.874828,2000,"10,973,580.81",102,7.9,2525
74,Gladiator,"152,944,831.59",23.186667,2000,"679,550,854.73",155,7.9,5566
75,Stand by Me,"18,664,233.58",15.206957,1986,"121,988,063.50",89,7.8,1568
76,Hacksaw Ridge,"42,616,666.67",21.037699,2016,"186,770,049.66",140,7.8,3294
77,Amadeus,"44,298,363.81",12.677592,1984,"127,906,674.83",160,7.8,1107
78,Annie Hall,"16,877,887.79",18.146043,1977,"161,400,814.73",93,7.8,1044
79,The Thing,"39,746,113.99",16.83125,1982,"52,013,778.57",109,7.8,1629
80,Hidden Figures,"26,635,416.67",16.816834,2016,"245,790,336.91",127,7.8,2178
81,Trainspotting,"6,518,801.78",19.348466,1996,"26,875,520.43",93,7.8,2737
82,The Theory of Everything,"16,204,055.77",11.85302,2014,"133,658,276.81",123,7.8,3403
83,Pride & Prejudice,"36,659,498.21",14.439082999999998,2005,"158,615,105.21",135,7.8,1406
84,Casino,"87,246,719.16",10.137389,1995,"194,815,841.78",178,7.8,1343
85,The Breakfast Club,"2,376,394.05",12.627678,1985,"122,444,109.89",97,7.8,2189
86,The Big Lebowski,"23,530,674.85",15.952524,1998,"72,458,113.73",117,7.8,3001
87,The Truman Show,"94,122,699.39",13.155901,1998,"414,325,300.59",103,7.8,4702
88,Big Hero 6,"178,244,613.43",213.849907,2014,"704,450,197.61",102,7.8,6289
89,Into the Wild,"18,502,170.77",15.423538,2007,"69,389,482.92",148,7.8,3139
90,North by Northwest,"35,027,397.26",12.410427,1959,"116,247,174.66",136,7.8,1062
91,WALL·E,"213,776,126.34",16.088366,2008,"619,133,500.24",98,7.8,6439
92,Django Unchained,"111,367,595.82",19.785025,2012,"473,722,380.04",165,7.8,10297
93,Gran Torino,"39,192,289.83",14.794228,2008,"320,614,579.19",116,7.8,3181
94,Spotlight,"21,578,059.07",14.63239,2015,"95,317,270.66",128,7.8,2751
95,About Time,"13,169,098.71",11.213913,2013,"95,586,200.90",123,7.8,2140
96,Shutter Island,"93,791,838.61",15.813629,2010,"345,627,843.47",138,7.8,6559
97,Up,"208,613,053.61",19.330884,2009,"876,292,938.31",96,7.8,7048
98,Monty Python and the Holy Grail,"1,901,115.24",10.43389,1975,"23,901,524.23",91,7.8,1742
99,Warrior,"28,423,743.89",13.121626,2011,"26,214,781.26",140,7.7,1297
100,Kill Bill: Vol. 1,"41,690,217.39",25.261865,2003,"251,460,104.89",111,7.7,5091
101,The Sixth Sense,"61,392,557.02",18.449169,1999,"1,032,632,466.17",107,7.7,3223
102,L.A. Confidential,"55,760,124.61",10.989442,1997,"201,082,065.78",138,7.7,1340
103,Kill Bill: Vol. 2,"40,608,787.72",21.533072,2004,"205,967,041.70",136,7.7,4061
104,Hachi: A Dog's Tale,"19,073,193.47",8.621359,2009,"56,982,821.29",93,7.7,1769
105,Rush,"41,702,145.92",10.63552,2013,"99,039,989.08",123,7.7,2310
106,Million Dollar Baby,"40,608,787.72",14.471373000000002,2004,"293,416,962.85",132,7.7,2519
107,The Pursuit of Happyness,"69,759,424.60",20.981716,2006,"389,482,461.96",117,7.7,2607
108,V for Vendetta,"68,491,071.43",20.214422,2006,"168,070,791.91",132,7.7,4562
109,No Country for Old Men,"30,836,951.28",15.565484,2007,"211,664,833.57",122,7.7,3083
110,Harry Potter and the Prisoner of Azkaban,"175,971,413.45",28.460276,2004,"1,069,100,182.41",141,7.7,6037
111,Mulholland Drive,"21,657,255.79",18.184056,2001,"29,045,757.10",147,7.7,1517
112,Catch Me If You Can,"73,909,949.97",19.833077,2002,"500,475,984.32",141,7.7,3917
113,Donnie Darko,"8,662,902.32",18.303148,2001,"1,834,401.33",113,7.7,3574
114,The Boy in the Striped Pyjamas,"14,845,564.33",8.912738000000003,2008,"24,247,631.95",94,7.7,1492
115,The Perks of Being a Wallflower,"14,477,787.46",12.775679,2012,"37,196,777.00",102,7.7,3056
116,A Beautiful Mind,"86,629,023.15",11.93646,2001,"452,697,778.62",135,7.7,3087
117,Snatch,"14,849,012.78",14.014025,2000,"124,075,190.89",103,7.7,2953
118,Toy Story,"50,334,645.67",21.946943,1995,"626,756,996.31",81,7.7,5415
119,The Notebook,"39,255,161.46",15.239013,2004,"156,483,566.20",123,7.7,3163
120,Raiders of the Lost Ark,"50,633,663.37",19.901576,1981,"1,096,854,464.08",115,7.7,3949
121,Fargo,"11,407,903.12",12.61469,1996,"98,779,362.70",98,7.7,2080
122,Zootopia,"159,812,500.00",26.024867999999998,2016,"1,090,756,744.42",108,7.7,4961
123,Unforgiven,"25,515,324.31",10.942149,1992,"290,068,133.98",131,7.7,1133
124,Straight Outta Compton,"30,209,282.70",21.183077,2015,"217,544,587.34",147,7.7,1381
125,Terminator 2: Judgment Day,"187,738,619.68",22.661695,1991,"976,240,822.32",137,7.7,4274
126,Aliens,"43,161,040.15",21.761179,1986,"427,682,641.82",137,7.7,3282
127,Braveheart,"120,803,149.61",20.755149,1995,"352,342,519.69",177,7.7,3404
128,Life of Brian,"14,088,154.27",10.714173,1979,"70,599,668.12",94,7.7,1230
129,Heat,"100,669,291.34",17.924927,1995,"314,485,527.31",170,7.7,1886
130,Captain Phillips,"60,358,369.10",13.776068,2013,"104,255,364.81",134,7.6,2495
131,How to Train Your Dragon 2,"156,639,205.75",12.256689,2014,"658,017,589.24",102,7.6,3163
132,The Fault in Our Stars,"12,963,244.61",16.274653,2014,"331,823,233.86",125,7.6,3868
133,Edge of Tomorrow,"192,288,128.43",31.982986,2014,"400,284,745.07",113,7.6,4979
134,The Hateful Eight,"47,471,729.96",20.328822,2015,"168,050,050.28",167,7.6,4405
135,Moon,"5,960,372.96",13.336773,2009,"11,634,771.99",97,7.6,1831
136,Captain America: The Winter Soldier,"183,645,965.36",18.717704,2014,"772,141,159.53",136,7.6,5881
137,Indiana Jones and the Last Crusade,"98,980,645.16",14.788987,1989,"977,788,151.57",127,7.6,3221
138,Toy Story 3,"234,479,596.52",16.96647,2010,"1,250,913,127.27",103,7.6,4710
139,The Dark Knight Rises,"278,418,989.55",20.58258,2012,"1,208,270,590.65",165,7.6,9263
140,The Untouchables,"56,272,007.04",11.062203,1987,"171,675,660.98",119,7.6,1424
141,The Princess Bride,"36,014,084.51",15.15267,1987,"69,457,245.07",98,7.6,1518
142,Moonrise Kingdom,"17,818,815.33",8.692433,2012,"76,023,046.80",94,7.6,1701
143,The Martian,"116,521,518.99",25.62993,2015,"679,883,524.36",141,7.6,7442
144,The King's Speech,"17,585,969.74",11.260387,2010,"485,620,784.41",118,7.6,2817
145,Misery,"39,127,773.53",15.020845,1990,"119,881,378.50",107,7.6,1085
146,Breakfast at Tiffany's,"21,379,598.66",10.879289,1961,"81,242,474.92",110,7.6,1082
147,The Hobbit: The Desolation of Smaug,"274,356,223.18",20.644776,2013,"1,051,772,017.17",161,7.6,4633
148,Dances with Wolves,"43,040,550.88",11.654349,1990,"829,917,386.64",181,7.6,1084
149,The Iron Giant,"107,436,974.79",15.441459,1999,"35,545,223.82",86,7.6,1470
150,Me Before You,"21,308,333.33",34.347590000000004,2016,"221,548,148.66",110,7.6,2674
151,Mystic River,"34,741,847.83",12.602438,2003,"217,931,470.18",138,7.6,1473
152,Guardians of the Galaxy Vol. 2,"208,649,530.80",185.330992,2017,"900,756,863.54",137,7.6,4858
153,The Nightmare Before Christmas,"31,851,903.11",17.730913,1993,"133,838,881.53",76,7.6,2135
154,Philadelphia,"46,008,304.50",13.373006,1993,"365,727,869.26",125,7.6,1019
155,Slumdog Millionaire,"17,814,677.19",11.258181,2008,"448,823,623.32",120,7.6,2918
156,Rain Man,"54,036,348.27",11.267467,1988,"892,248,182.59",133,7.6,1762
157,Finding Nemo,"130,629,347.83",25.497794,2003,"1,306,759,763.89",100,7.6,6292
158,Logan,"101,195,022.44",54.581996999999994,2017,"643,477,039.19",137,7.6,6310
159,Ex Machina,"16,183,544.30",14.14078,2015,"39,778,519.66",108,7.6,4862
160,Big Fish,"97,277,173.91",14.739983,2003,"170,817,404.15",125,7.6,2064
161,Kingsman: The Secret Service,"87,391,139.24",28.224212,2015,"447,045,106.80",130,7.6,6069
162,Jurassic Park,"111,481,660.90",8.863776,1993,"1,628,163,114.19",127,7.6,4956
163,Mulan,"141,184,049.08",21.180857,1998,"477,390,729.74",88,7.6,2089
164,Nightcrawler,"9,182,298.27",21.277073,2014,"41,803,457.49",117,7.6,3475
165,Dunkirk,"104,324,765.40",30.938854,2017,"542,360,407.42",107,7.5,2712
166,"Monsters, Inc.","166,038,961.04",26.419962,2001,"812,603,707.84",92,7.5,6150
167,Brokeback Mountain,"18,329,749.10",11.787044,2005,"233,106,962.05",134,7.5,1531
168,Ferris Bueller's Day Off,"13,998,175.18",12.724645,1986,"163,630,196.65",103,7.5,1340
169,Die Hard,"60,520,710.06",16.640522,1988,"304,263,451.81",131,7.5,4005
170,Shaun of the Dead,"5,414,505.03",14.902948,2004,"40,662,109.76",99,7.5,2479
171,Batman Begins,"196,390,168.97",28.505341,2005,"489,952,456.15",140,7.5,7511
172,Little Miss Sunshine,"10,146,825.40",5.320117,2006,"127,498,895.74",102,7.5,1728
173,Pirates of the Caribbean: The Curse of the Black Pearl,"194,554,347.83",47.32666500000001,2003,"910,252,010.74",143,7.5,7191
174,Harry Potter and the Goblet of Fire,"196,390,168.97",24.903058,2005,"1,173,000,557.63",157,7.5,5758
175,Harry Potter and the Deathly Hallows: Part 1,"293,099,495.64",23.300362,2010,"1,118,826,274.40",146,7.5,5708
176,Harry Potter and the Philosopher's Stone,"180,477,131.56",38.187238,2001,"1,409,852,050.45",152,7.5,7188
177,Manchester by the Sea,"9,588,750.00",12.821257000000001,2016,"79,934,978.96",135,7.5,1553
178,Ratatouille,"185,021,707.67",20.50803,2007,"769,348,405.99",111,7.5,4510
179,How to Train Your Dragon,"193,445,667.13",14.416681,2010,"580,194,858.67",98,7.5,4319
180,Cast Away,"133,641,114.98",21.296343,2000,"637,961,316.55",143,7.5,3304
181,Fantastic Mr. Fox,"47,682,983.68",8.695893,2009,"55,396,925.79",87,7.5,1206
182,Beauty and the Beast,"46,934,654.92",23.433511,1991,"708,432,719.55",84,7.5,3029
183,A Walk to Remember,"15,634,797.11",8.054499,2002,"58,597,896.29",101,7.5,1057
184,Platoon,"13,998,175.18",18.206972,1986,"323,195,852.83",120,7.5,1236
185,Seven Pounds,"65,320,483.05",21.708267000000006,2008,"199,723,541.98",123,7.5,2092
186,Still Alice,"5,401,351.92",8.823253,2014,"47,407,289.89",99,7.5,1126
187,Star Wars: The Force Awakens,"264,331,223.63",31.626013,2015,"2,231,412,576.61",136,7.5,7993
188,X-Men: Days of Future Past,"270,067,596.11",26.058586,2014,"807,894,007.47",131,7.5,6155
189,Rocky,"4,493,848.86",14.774066,1976,"526,837,031.42",119,7.5,1843
190,The Blues Brothers,"83,785,194.17",10.076901,1980,"357,576,248.46",133,7.5,1092
191,"Lock, Stock and Two Smoking Barrels","2,117,760.74",4.60786,1998,"6,114,161.92",105,7.5,1671
192,Gattaca,"57,353,271.03",12.89312,1997,"19,966,548.78",106,7.5,1846
193,Boyhood,"4,321,081.54",6.4305910000000015,2014,"47,908,911.28",164,7.5,2008
194,The Exorcist,"46,072,072.07",12.137595,1973,"2,541,486,064.79",122,7.5,2046
195,Jaws,"33,269,516.73",19.726114000000006,1975,"2,236,918,732.34",124,7.5,2628
196,Edward Scissorhands,"39,127,773.53",17.612244,1990,"103,688,599.85",105,7.5,3731
197,The Game,"79,657,320.87",14.825587,1997,"174,327,892.80",129,7.5,1556
198,The Lego Movie,"64,816,223.07",16.418132999999994,2014,"506,820,401.12",100,7.5,3127
199,Titanic,"318,629,283.49",26.88907,1997,"2,939,409,606.68",194,7.5,7770
200,Blow,"76,522,303.78",12.332223,2001,"120,244,399.14",124,7.4,1352
201,Twelve Monkeys,"49,495,734.91",12.297305,1995,"283,283,385.83",129,7.4,2470
202,Fury,"73,458,386.14",36.713807,2014,"228,820,610.75",135,7.4,4028
203,Star Trek,"178,811,188.81",15.362632,2009,"459,759,860.34",127,7.4,4574
204,Back to the Future Part II,"82,483,870.97",13.689855,1989,"684,616,129.03",108,7.4,3926
205,Birdman,"19,444,866.92",18.193263,2014,"111,500,209.28",119,7.4,4657
206,The Danish Girl,"16,183,544.30",11.245661,2015,"69,256,423.76",120,7.4,1689
207,The Conjuring,"14,266,523.61",14.90169,2013,"348,981,270.62",112,7.4,3169
208,Aladdin,"51,030,648.61",16.357419,1992,"918,643,200.27",90,7.4,3495
209,Harry Potter and the Half-Blood Prince,"298,018,648.02",19.083723000000006,2009,"1,113,349,028.78",153,7.4,5435
210,Halloween,"1,176,533.74",13.672759,1978,"274,524,539.88",91,7.4,1066
211,The Royal Tenenbaums,"30,320,158.10",9.707542,2001,"103,148,095.00",110,7.4,1317
212,Groundhog Day,"25,835,432.53",12.989627,1993,"125,473,446.34",101,7.4,2358
213,Lucky Number Slevin,"34,245,535.71",11.15092,2006,"71,419,547.97",110,7.4,1356
214,Anastasia,"84,436,760.12",11.911173,1997,"222,728,796.16",94,7.4,1481
215,Children of Men,"96,394,841.27",14.114606,2006,"88,733,672.28",109,7.4,2120
216,Rogue One: A Star Wars Story,"213,083,333.33",36.567575,2016,"1,125,141,019.61",133,7.4,5111
217,Blood Diamond,"126,835,317.46",12.477872,2006,"216,733,547.23",143,7.4,2344
218,American Sniper,"63,519,898.61",19.228561,2014,"585,838,648.34",133,7.4,4600
219,Hot Fuzz,"14,801,736.61",13.535195000000002,2007,"99,385,981.73",121,7.4,2252
220,Harry Potter and the Chamber of Secrets,"142,134,519.18",29.741452,2002,"1,246,076,958.57",161,7.4,5966
221,Harry Potter and the Order of the Phoenix,"185,021,707.67",21.3643,2007,"1,157,264,819.62",138,7.4,5633
222,Atonement,"37,004,341.53",8.913338000000003,2007,"159,446,849.00",123,7.4,1075
223,American Gangster,"123,347,805.11",9.644542,2007,"328,678,774.53",157,7.4,1527
224,Serenity,"51,061,443.93",11.919995,2005,"50,890,537.35",119,7.4,1287
225,In Bruges,"17,814,677.19",9.895652,2008,"41,013,879.76",107,7.4,1414
226,Iron Man,"166,270,320.48",22.073099,2008,"694,979,324.50",126,7.4,8951
227,Deadpool,"61,794,166.67",187.860492,2016,"834,341,619.71",108,7.4,11444
228,Lone Survivor,"43,896,995.71",10.855502,2013,"163,840,708.91",121,7.4,1549
229,The Goonies,"45,151,486.99",14.280703,1985,"146,155,881.44",114,7.4,1563
230,The Incredibles,"124,533,615.67",22.220214,2004,"854,736,595.68",115,7.4,5290
231,Midnight in Paris,"34,108,492.66",11.43256,2011,"171,814,959.09",94,7.4,2049
232,Star Trek Into Darkness,"208,510,729.61",15.78129,2013,"512,898,254.95",132,7.4,4479
233,The Age of Adaline,"26,972,573.84",10.542026,2015,"70,844,302.42",112,7.4,2052
234,Office Space,"15,348,139.26",12.329066,1999,"19,688,306.03",89,7.4,1068
235,The Hunger Games: Catching Fire,"142,665,236.05",25.309139,2013,"929,983,590.89",146,7.4,6656
236,Mary Poppins,"49,490,322.58",15.11549,1964,"843,585,041.74",139,7.4,1217
237,Donnie Brasco,"55,760,124.61",12.201954,1997,"66,840,453.16",127,7.4,1175
238,The Avengers,"245,008,710.80",89.887648,2012,"1,692,295,111.44",143,7.4,12000
239,The Wizard of Oz,"51,084,812.95",22.064932,1939,"620,945,687.91",102,7.4,1689
240,Drive,"17,054,246.33",15.388875,2011,"88,744,414.20",100,7.4,3832
241,Moulin Rouge!,"75,800,395.26",13.691781,2001,"258,751,412.05",127,7.4,1348
242,The Terminator,"15,750,529.36",19.293562,1984,"192,873,107.22",108,7.4,4208
243,Tangled,"304,823,475.47",14.684760999999998,2010,"693,819,189.07",100,7.4,3419
244,Hercules,"135,417,445.48",14.048694,1997,"402,607,378.35",93,7.3,1741
245,Lost in Translation,"5,558,695.65",11.609441,2003,"166,377,119.45",102,7.3,1943
246,Black Swan,"15,241,173.77",12.989056,2010,"384,316,432.91",108,7.3,4562
247,If I Stay,"11,882,974.23",9.659244,2014,"85,206,156.97",106,7.3,1415
248,The Bourne Identity,"85,280,711.51",21.040126,2002,"304,216,515.16",119,7.3,3640
249,Pitch Perfect,"18,932,491.29",11.03595,2012,"128,462,996.20",112,7.3,2310
250,10 Things I Hate About You,"24,557,022.81",12.069966,1999,"82,079,033.89",97,7.3,1768
251,Road to Perdition,"113,707,615.34",13.426684,2002,"257,265,580.46",117,7.3,1102
252,Moonlight,"4,261,666.67",14.171675,2016,"69,301,824.44",111,7.3,1831
253,Unbroken,"70,217,574.99",10.543955,2014,"176,562,564.39",137,7.3,1437
254,The Bourne Ultimatum,"86,343,463.58",18.173269,2007,"546,213,854.74",115,7.3,2938
255,Mad Max: Fury Road,"161,835,443.04",29.36178,2015,"408,751,382.02",120,7.3,9629
256,The Longest Ride,"36,682,700.42",10.264416,2015,"67,985,214.99",128,7.3,1083
257,Zodiac,"80,176,073.32",19.083823,2007,"104,581,563.96",157,7.3,2080
258,Carol,"12,731,054.85",8.364201,2015,"43,449,725.40",118,7.3,1014
259,E.T. the Extra-Terrestrial,"27,822,279.79",19.358546,1982,"2,101,152,682.47",115,7.3,3359
260,Gravity,"115,229,613.73",18.50194,2013,"786,187,187.42",91,7.3,5879
261,The Fifth Element,"143,383,177.57",24.30526,1997,"420,463,489.26",126,7.3,3962
262,Moana,"159,812,500.00",9.143457000000001,2016,"685,099,637.32",107,7.3,3471
263,Casino Royale,"190,252,976.19",23.065078,2006,"759,801,845.10",144,7.3,3930
264,Ghostbusters,"73,830,606.35",22.089729,1984,"726,523,848.05",107,7.3,2431
265,Man on Fire,"94,753,838.01",9.635691,2004,"176,368,992.43",146,7.3,1583
266,Apollo 13,"87,246,719.16",18.761467,1995,"596,025,849.53",140,7.3,1637
267,Apocalypto,"50,734,126.98",7.735233,2006,"152,424,710.58",139,7.3,1252
268,The Great Gatsby,"115,229,613.73",17.598936,2013,"385,240,494.16",143,7.3,3885
269,Jackie Brown,"19,117,757.01",16.415498,1997,"63,205,155.91",154,7.3,1580
270,Saving Mr. Banks,"38,409,871.24",15.130888,2013,"123,509,223.63",125,7.3,1256
271,Now You See Me,"82,306,866.95",17.852022,2013,"129,165,696.12",115,7.3,5635
272,Inside Man,"57,075,892.86",13.393548,2006,"233,854,207.08",129,7.3,1671
273,Avengers: Age of Ultron,"302,092,827.00",37.37942,2015,"1,516,294,196.44",141,7.3,6908
274,The Artist,"17,054,246.33",11.440948,2011,"151,706,453.00",100,7.3,1075
275,"O Brother, Where Art Thou?","38,607,433.22",12.434175,2000,"106,717,370.58",106,7.3,1144
276,The Revenant,"145,651,898.73",23.501228,2015,"575,001,871.80",156,7.3,6558
277,Predator,"40,515,845.07",18.495694,1987,"221,116,457.95",107,7.3,2129
278,Creed,"39,919,409.28",33.449723,2015,"187,262,575.79",133,7.3,1963
279,Frozen,"164,613,733.91",24.248243,2013,"1,398,359,659.23",102,7.3,5440
280,Begin Again,"8,779,399.14",10.289628,2013,"69,647,918.27",104,7.3,1285
281,The Last Samurai,"194,554,347.83",19.582325,2003,"634,746,040.44",154,7.3,1946
282,Coraline,"71,524,475.52",16.639915,2009,"148,528,200.32",100,7.3,1432
283,District 9,"35,762,237.76",11.589835,2009,"251,312,701.78",112,7.3,3451
284,The Curious Case of Benjamin Button,"178,146,771.95",17.934821,2008,"396,592,817.57",166,7.3,3398
285,Dawn of the Planet of the Apes,"183,645,965.36",75.385211,2014,"767,688,278.52",130,7.3,4511
286,The Wrestler,"7,125,870.88",7.903956,2008,"53,092,482.68",109,7.3,1031
287,Training Day,"64,971,767.36",13.664622,2001,"151,422,093.61",122,7.3,1665
288,American Psycho,"10,394,308.94",13.686715,2000,"50,882,464.66",102,7.3,2128
289,Furious 7,"204,991,561.18",27.275687,2015,"1,625,096,883.34",137,7.3,4253
290,Predestination,"5,941,487.11",10.524204,2014,"3,240,811.15",97,7.3,1971
291,The Big Short,"30,209,282.70",13.143061,2015,"143,867,939.17",130,7.3,2679
292,Shrek,"86,629,023.15",17.987728,2001,"699,398,289.34",90,7.3,4183
293,Toy Story 2,"138,133,253.30",17.547693,1999,"763,365,596.66",92,7.3,3914
294,The Machinist,"6,768,131.29",10.737565,2004,"11,104,114.29",101,7.3,1280
295,Southpaw,"32,367,088.61",12.370126,2015,"98,946,003.22",123,7.3,2112
296,Being John Malkovich,"19,952,581.03",11.416319,1999,"35,091,365.53",112,7.3,1124
297,The Butterfly Effect,"17,597,141.34",12.994939,2004,"130,030,499.69",113,7.3,2119
298,Changeling,"65,320,483.05",11.672394,2008,"134,227,957.29",141,7.3,1151
299,Sin City,"52,370,711.73",15.010525,2005,"207,825,078.21",124,7.2,2755
300,Finding Neverland,"33,840,656.43",15.529604,2004,"158,058,276.17",106,7.2,1269
301,The Bourne Supremacy,"101,521,969.30",20.40426,2004,"390,521,468.96",108,7.2,2873
302,Get Out,"5,216,238.27",36.894806,2017,"263,351,439.11",104,7.2,2978
303,Crash,"8,798,570.67",9.785147,2004,"133,210,442.55",112,7.2,1172
304,The Judge,"54,013,519.22",17.887943,2014,"90,439,575.46",141,7.2,1433
305,Corpse Bride,"52,370,711.73",12.920032,2005,"153,439,718.88",77,7.2,1957
306,Baby Driver,"35,470,420.24",228.032744,2017,"234,220,906.85",113,7.2,2083
307,Saw,"1,624,351.51",23.508433,2004,"140,657,563.60",103,7.2,2255
308,The Butler,"27,435,622.32",11.061894,2013,"127,215,880.46",132,7.2,1134
309,Match Point,"19,639,016.90",9.020372,2005,"111,688,888.03",124,7.2,1134
310,Chef,"11,882,974.23",8.720309,2014,"49,657,798.81",114,7.2,1203
311,Les Misérables,"67,934,233.45",13.52408,2012,"492,032,918.94",157,7.2,1925
312,Life of Pi,"133,641,114.98",14.045042,2012,"678,247,106.58",127,7.2,5912
313,End of Watch,"7,795,731.71",7.4527899999999985,2012,"53,597,196.82",109,7.2,1186
314,The Girl with the Dragon Tattoo,"102,325,477.99",8.907829,2011,"264,474,330.15",158,7.2,2479
315,Fantastic Beasts and Where to Find Them,"191,775,000.00",41.05142100000001,2016,"862,286,809.55",133,7.2,5612
316,True Grit,"44,551,123.34",10.730765,2010,"295,768,960.27",110,7.2,1701
317,The Fighter,"29,309,949.56",14.141837,2010,"109,756,392.49",116,7.2,1512
318,Sicario,"32,367,088.61",19.511221,2015,"90,655,701.06",121,7.2,2465
319,Wonder Woman,"155,443,900.45",294.337037,2017,"856,068,626.27",141,7.2,5025
320,Avatar,"282,521,678.32",185.070892,2009,"3,323,462,343.80",162,7.2,12114
321,The Blind Side,"34,570,163.17",12.753109,2009,"368,599,368.82",129,7.2,1626
322,Law Abiding Citizen,"63,179,953.38",16.639047,2009,"151,024,795.52",109,7.2,1522
323,The Lego Batman Movie,"83,459,812.32",17.070748000000002,2017,"325,441,506.28",104,7.2,1473
324,Bridge of Spies,"43,156,118.14",13.707888,2015,"178,535,078.41",141,7.2,2633
325,Zombieland,"28,132,960.37",11.063029,2009,"122,058,164.93",88,7.2,3655
326,(500) Days of Summer,"8,940,559.44",16.376657,2009,"72,386,028.36",95,7.2,2993
327,The Hangover,"41,722,610.72",23.947351,2009,"547,484,835.80",100,7.2,6324
328,Brooklyn,"11,867,932.49",7.991613,2015,"66,974,131.87",111,7.2,1235
329,Nocturnal Animals,"23,971,875.00",18.908782000000002,2016,"31,166,610.31",116,7.2,1990
330,Taken,"29,691,128.66",16.367481,2008,"269,394,223.12",93,7.2,4444
331,Hell or High Water,"12,785,000.00",12.565896,2016,"40,048,262.45",102,7.2,1304
332,Gone Baby Gone,"23,436,082.97",6.148516000000001,2007,"42,702,638.85",113,7.2,1034
333,Stardust,"86,343,463.58",14.784525,2007,"167,210,316.68",127,7.2,1215
334,Arrival,"50,074,583.33",30.83786,2016,"216,693,163.17",113,7.2,5729
335,Scott Pilgrim vs. the World,"70,343,878.95",13.793301,2010,"55,881,832.81",112,7.2,2185
336,The Hurt Locker,"17,814,677.19",9.403724,2008,"49,881,096.14",131,7.2,1881
337,The Devil's Advocate,"90,809,345.79",10.920124,1997,"243,663,237.15",144,7.2,1414
338,A Nightmare on Elm Street,"4,429,836.38",13.694713,1984,"62,767,121.98",91,7.2,1212
339,Contact,"143,383,177.57",14.374866,1997,"272,619,739.10",150,7.2,1338
340,Black Hawk Down,"132,831,168.83",10.064446,2001,"249,765,408.02",144,7.2,1832
341,Interview with the Vampire,"103,522,267.21",11.970205,1994,"385,904,455.23",123,7.2,1558
342,Fear and Loathing in Las Vegas,"29,021,165.64",9.220346,1998,"16,754,271.89",118,7.2,1321
343,Ocean's Eleven,"122,724,449.46",12.114932,2001,"650,753,107.03",116,7.2,3857
344,First Blood,"39,746,113.99",14.778884,1982,"331,781,757.02",93,7.2,1523
345,Grease,"23,530,674.85",7.854899,1978,"713,033,450.75",110,7.2,1633
346,The Fugitive,"77,860,207.61",10.08937,1993,"652,744,164.93",130,7.2,1240
347,Close Encounters of the Third Kind,"84,389,438.94",10.610446,1977,"1,281,827,623.26",135,7.2,1122
348,The Emperor's New Groove,"148,490,127.76",12.297375,2000,"251,434,898.76",78,7.2,1544
349,Goldfinger,"20,620,967.74",13.78884,1964,"1,030,067,340.43",110,7.2,1005
350,Who Framed Roger Rabbit,"151,301,775.15",16.78596,1988,"712,856,061.37",104,7.2,1466
351,The Little Mermaid,"82,483,870.97",17.496832,1989,"458,404,112.90",83,7.2,1921
352,Enemy at the Gates,"98,179,559.57",10.704813,2001,"140,015,992.32",131,7.2,1023
353,Home Alone,"35,214,996.17",0.702543,1990,"932,580,500.36",103,7.1,2487
354,Mission: Impossible - Rogue Nation,"161,835,443.04",17.836882,2015,"736,168,002.29",131,7.1,3274
355,The Social Network,"46,895,919.30",16.972995,2010,"263,696,123.55",120,7.1,3492
356,The Illusionist,"50,734,126.98",11.494009,2006,"110,238,937.73",110,7.1,1657
357,The Naked Gun: From the Files of Police Squad!,"25,937,447.17",15.698222,1988,"170,227,848.34",85,7.1,1020
358,Tarzan,"230,222,088.84",12.453452,1999,"687,596,638.66",88,7.1,1715
359,Despicable Me,"80,895,460.80",22.274502,2010,"637,214,699.52",95,7.1,6595
360,Beetlejuice,"32,421,808.96",10.627364,1988,"158,492,210.45",92,7.1,1475
361,Nerve,"20,242,916.67",14.9837,2016,"90,817,710.53",96,7.1,2262
362,The Intern,"37,761,603.38",15.651704999999998,2015,"209,916,399.28",121,7.1,1926
363,Back to the Future Part III,"78,255,547.05",13.043999,1990,"478,390,994.44",118,7.1,2978
364,The Fly,"34,995,437.96",13.534589000000002,1986,"141,449,598.14",96,7.1,1038
365,Identity,"41,690,217.39",17.955897,2003,"125,431,322.58",90,7.1,1090
366,Kick-Ass,"32,827,143.51",17.26045,2010,"112,771,675.82",117,7.1,4747
367,The Jungle Book,"30,622,754.49",22.845448,1967,"1,575,874,598.46",78,7.1,1791
368,Gangs of New York,"142,134,519.18",14.922399,2002,"275,417,616.86",167,7.1,1964
369,28 Days Later,"7,106,725.96",17.656951,2002,"117,573,510.81",113,7.1,1816
370,Indiana Jones and the Temple of Doom,"68,908,565.93",15.802306,1984,"819,519,730.51",118,7.1,2841
371,The Aristocats,"26,360,824.74",9.834047,1970,"366,911,423.06",78,7.1,1287
372,The Equalizer,"59,414,871.14",17.618057,2014,"207,769,200.28",132,7.1,2997
373,Perfume: The Story of a Murderer,"63,417,658.73",10.297304,2006,"167,651,332.30",147,7.1,1198
374,The Godfather: Part III,"105,644,988.52",17.185349,1990,"267,567,575.01",162,7.1,1589
375,The Man from U.N.C.L.E.,"80,917,721.52",14.656875,2015,"116,678,077.52",116,7.1,2306
376,Dirty Dancing,"13,505,281.69",14.044122,1987,"481,585,456.53",100,7.1,1371
377,Star Wars: Episode III - Revenge of the Sith,"147,947,260.62",13.165420999999998,2005,"1,112,877,624.17",140,7.1,4200
378,Minority Report,"144,977,209.56",20.666063,2002,"509,371,635.23",145,7.1,2663
379,Dracula,"72,900,926.59",16.777675,1992,"393,414,756.55",128,7.1,1087
380,RoboCop,"29,261,443.66",13.485582999999998,1987,"119,296,654.93",102,7.1,1494
381,Captain America: Civil War,"266,354,166.67",145.882135,2016,"1,228,749,830.71",147,7.1,7462
382,X-Men: First Class,"181,911,960.87",0.738633,2011,"402,052,861.30",132,7.1,5252
383,Fast Five,"142,118,719.43",1.420361,2011,"711,887,076.47",130,7.1,2491
384,Eyes Wide Shut,"99,762,905.16",13.268484,1999,"248,779,843.25",159,7.1,1266
385,Total Recall,"127,165,263.96",12.954444,1990,"511,239,421.57",113,7.1,1745
386,Source Code,"36,382,392.17",9.796962,2011,"167,509,873.82",93,7.1,2752
387,Argo,"49,558,580.14",14.238234,2012,"258,733,795.86",120,7.1,3473
388,Wreck-It Ralph,"183,756,533.10",13.697597,2012,"524,789,602.43",108,7.1,4656
389,The Hobbit: The Battle of the Five Armies,"270,067,596.11",31.718977,2014,"1,032,759,863.93",144,7.1,4884
390,The Terminal,"81,217,575.44",14.092373,2004,"297,008,957.67",128,7.1,1974
391,Lilo & Stitch,"113,707,615.34",18.469238,2002,"207,191,659.00",85,7.1,1371
392,Airplane!,"10,861,043.69",13.063203,1980,"258,969,295.17",88,7.1,1104
393,Limitless,"30,697,643.40",12.114955,2011,"184,014,698.28",105,7.1,3888
394,Rise of the Guardians,"161,483,013.94",10.943775,2012,"341,833,558.45",97,7.1,1981
395,Ice Age,"83,859,366.31",17.328902,2002,"544,740,687.47",81,7.1,3954
396,Doctor Strange,"175,793,750.00",43.847654,2016,"722,052,473.34",115,7.1,5880
397,Sweeney Todd: The Demon Barber of Fleet Street,"61,673,902.56",10.038401,2007,"187,488,663.77",116,7.0,1745
398,Alice in Wonderland,"29,503,846.15",16.488937,1951,"5,625,400,000.00",75,7.0,1557
399,P.S. I Love You,"37,004,341.53",10.304881,2007,"193,452,948.30",126,7.0,1011
400,Maleficent,"194,448,669.20",19.467404,2014,"819,428,065.16",97,7.0,4607
401,The Bucket List,"55,506,512.30",9.070643,2007,"216,318,131.99",97,7.0,1138
402,Juno,"9,251,085.38",11.791591,2007,"285,441,109.64",96,7.0,2313
403,Ant-Man,"140,257,383.97",26.882388,2015,"560,287,212.87",117,7.0,6029
404,22 Jump Street,"54,013,519.22",10.901496,2014,"203,567,894.80",112,7.0,3375
405,Superbad,"24,669,561.02",16.205105,2007,"149,822,223.29",113,7.0,2152
406,Scream,"22,815,806.25",13.326443,1996,"282,014,223.89",111,7.0,1520
407,Bridge to Terabithia,"74,008,683.07",8.460206,2007,"169,710,622.33",96,7.0,1146
408,Lethal Weapon,"33,763,204.23",13.183804,1987,"270,571,851.88",110,7.0,1367
409,300,"82,442,956.35",18.108408,2006,"536,019,266.56",117,7.0,5092
410,Watchmen,"154,969,696.97",16.551503,2009,"220,842,526.59",163,7.0,2892
411,Sunshine,"61,673,902.56",12.715571,2007,"39,493,257.25",107,7.0,1210
412,The Maze Runner,"36,729,193.07",76.93789,2014,"376,279,630.16",113,7.0,5540
413,John Wick,"21,605,407.69",183.870374,2014,"95,886,593.65",101,7.0,5499
414,Peter Pan,"38,164,179.10",16.861532999999998,1953,"833,931,688.83",77,7.0,1380
415,War Horse,"75,038,683.86",8.166363,2011,"201,905,084.75",146,7.0,1016
416,The NeverEnding Story,"66,447,545.72",14.225919,1984,"49,611,233.93",102,7.0,1031
417,Split,"9,588,750.00",28.920839,2016,"295,037,312.04",117,7.0,4461
418,Monsters University,"219,484,978.54",16.267502,2013,"816,000,821.93",104,7.0,3622
419,Pretty Woman,"27,389,441.47",13.348451,1990,"905,807,957.15",119,7.0,1807
420,127 Hours,"21,103,163.69",11.176797,2010,"41,846,307.40",94,7.0,2668
421,Mud,"10,974,248.93",7.881578999999999,2013,"23,690,879.36",130,7.0,1080
422,The Impossible,"46,774,390.24",10.027434,2012,"200,766,956.67",113,7.0,2071
423,The Hobbit: An Unexpected Journey,"278,418,989.55",23.253089000000006,2012,"1,137,178,494.50",169,7.0,8427
424,The Aviator,"157,020,645.84",9.86738,2004,"138,069,878.24",170,7.0,1526
425,Silver Linings Playbook,"23,387,195.12",14.488110999999998,2012,"229,126,259.45",122,7.0,4840
426,Love Actually,"55,586,956.52",10.586815,2003,"340,375,285.69",135,7.0,1917
427,"Crazy, Stupid, Love.","56,847,487.77",10.246173,2011,"162,414,633.49",118,7.0,2522
428,Blue Jasmine,"19,753,648.07",12.61244,2013,"108,871,369.85",98,7.0,1126
429,One Day,"17,054,246.33",11.239012,2011,"67,522,801.33",107,7.0,1006
430,Collateral,"87,985,706.72",13.455112,2004,"294,771,462.20",120,7.0,1476
431,The Vow,"33,410,278.75",9.524298,2012,"218,408,081.66",104,7.0,1328
432,Rise of the Planet of the Apes,"105,736,327.26",41.613762,2011,"548,987,769.25",105,7.0,4452
433,Moneyball,"56,847,487.77",15.785663,2011,"125,298,930.33",133,7.0,1409
434,50/50,"9,095,598.04",11.869481,2011,"44,554,540.30",100,7.0,1287
435,Robin Hood,"86,385,135.14",11.179855,1973,"184,613,482.25",83,7.0,1155
436,Sherlock Holmes: A Game of Shadows,"142,118,719.43",18.695329,2011,"380,440,442.42",129,7.0,3971
437,Hugo,"193,281,458.43",14.046164,2011,"211,211,337.98",126,7.0,2197
438,Despicable Me 2,"83,404,291.85",24.82355,2013,"1,065,338,257.49",98,7.0,4729
439,The Town,"43,378,725.36",13.081203,2010,"180,579,931.11",125,7.0,1516
440,Sully,"63,925,000.00",18.275689,2016,"254,069,947.66",96,7.0,2106
441,Snowden,"42,616,666.67",14.384554000000001,2016,"39,718,135.63",134,7.0,1285
442,Pirates of the Caribbean: Dead Man's Chest,"253,670,634.92",29.455314,2006,"1,351,633,005.60",151,7.0,5380
443,The Devil Wears Prada,"44,392,361.11",13.102384,2006,"414,182,116.75",109,7.0,3198
444,Batman,"72,173,387.10",19.10673,1989,"848,241,289.25",126,7.0,2145
445,The Secret Life of Walter Mitty,"98,768,240.34",8.684892,2013,"206,462,190.71",114,7.0,3213
446,Invictus,"71,524,475.52",9.109838,2009,"145,712,011.12",134,7.0,1150
447,Mrs. Doubtfire,"44,238,754.33",11.16553,1993,"780,878,062.71",125,7.0,1638
448,Lord of War,"54,989,247.31",8.745216000000001,2005,"31,589,875.84",122,7.0,1356
449,Sherlock Holmes,"107,286,713.29",15.68604,2009,"624,681,273.75",128,7.0,5883
450,The Nice Guys,"53,270,833.33",16.075615,2016,"66,895,613.93",116,7.0,2382
451,The Conjuring 2,"42,616,666.67",14.767317000000002,2016,"341,114,462.69",134,7.0,2018
452,Notting Hill,"64,462,184.87",9.874043,1999,"558,502,945.17",124,7.0,1309
453,Big,"38,906,170.75",9.562292,1988,"327,825,067.72",104,6.9,1022
454,Jumanji,"109,058,398.95",17.015539,1995,"440,926,880.38",104,6.9,2413
455,Divergent,"91,822,982.68",21.572585,2014,"311,925,799.54",139,6.9,4784
456,Cube,"398,286.60",12.095263,1997,"799,469.55",90,6.9,1101
457,Sleepy Hollow,"153,481,392.56",11.072361,1999,"316,281,410.93",105,6.9,1774
458,Marley & Me,"71,258,708.78",9.729748,2008,"289,883,249.16",115,6.9,1392
459,Gremlins,"27,071,222.33",11.333125,1984,"376,740,608.10",106,6.9,1629
460,Superman,"215,697,852.76",15.460102,1978,"1,177,388,760.78",143,6.9,1042
461,I Am Legend,"185,021,707.67",11.379355,2007,"722,015,156.09",101,6.9,4977
462,Men in Black,"143,383,177.57",15.781024,1997,"938,985,425.68",98,6.9,4521
463,Skyfall,"222,735,191.64",20.309585,2012,"1,234,577,748.36",143,6.9,7718
464,The Hunger Games,"83,525,696.86",20.031667,2012,"769,784,729.72",142,6.9,9634
465,Kung Fu Panda,"154,393,869.02",16.897541,2008,"750,288,360.39",90,6.9,3231
466,Unbreakable,"111,367,595.82",14.67855,2000,"368,430,914.86",106,6.9,1994
467,Meet Joe Black,"141,184,049.08",14.026744,1998,"224,231,801.04",178,6.9,1174
468,Troy,"236,884,595.02",15.387275,2004,"673,307,036.30",163,6.9,2841
469,Shooter,"75,242,161.12",14.246918,2007,"118,040,144.13",124,6.9,1495
470,Mean Girls,"23,011,646.37",11.454835,2004,"174,675,818.50",97,6.9,2401
471,Die Hard: With a Vengeance,"151,003,937.01",15.138855,1995,"614,253,254.57",128,6.9,2094
472,Pirates of the Caribbean: At World's End,"370,043,415.34",31.363664,2007,"1,185,372,407.14",169,6.9,4627
473,The Walk,"37,761,603.38",9.425787,2015,"66,009,377.93",123,6.9,1151
474,Babel,"31,708,829.37",12.60853,2006,"171,646,465.96",143,6.9,1083
475,From Dusk Till Dawn,"30,964,308.48",15.339153,1996,"42,105,944.62",108,6.9,1644
476,Pinocchio,"47,487,142.86",14.202284,1940,"1,539,679,285.71",88,6.9,1412
477,The Simpsons Movie,"92,510,853.84",14.302910999999998,2007,"650,127,859.14",87,6.9,2335
478,Snow White and the Seven Dwarfs,"26,429,844.52",16.263878,1937,"3,283,711,581.26",83,6.9,1973
479,The Rock,"122,227,533.46",13.249823999999998,1996,"546,051,702.93",136,6.9,1474
480,Equilibrium,"28,426,903.84",12.671637,2002,"7,617,905.65",107,6.9,1584
481,Collateral Beauty,"38,355,000.00",14.575883,2016,"93,134,485.71",97,6.9,1553
482,Spy,"70,128,691.98",13.257467000000002,2015,"254,260,979.74",120,6.9,2590
483,Ghost,"43,040,550.88",11.945397,1990,"987,976,281.56",127,6.9,1381
484,The Accountant,"46,878,333.33",13.465656,2016,"165,310,097.94",128,6.9,2121
485,3:10 to Yuma,"67,841,292.81",18.079094,2007,"86,363,470.59",122,6.9,1210
486,The Place Beyond the Pines,"16,461,373.39",7.492658,2013,"38,942,789.55",140,6.8,1689
487,Sleeping Beauty,"52,541,095.89",14.276169,1959,"446,599,315.07",75,6.8,1332
488,The Road,"38,146,386.95",14.958098,2009,"32,943,344.93",111,6.8,1113
489,Steve Jobs,"32,367,088.61",16.224866,2015,"37,159,438.51",122,6.8,1608
490,A.I. Artificial Intelligence,"144,381,705.25",13.249364000000002,2001,"340,634,778.92",146,6.8,2011
491,Sinister,"3,341,027.87",12.490637,2012,"86,546,474.97",110,6.8,1611
492,Hotel Transylvania,"94,662,456.45",16.231945,2012,"399,114,293.06",91,6.8,2622
493,The Hunchback of Notre Dame,"162,970,044.61",13.553999,1996,"163,196,330.15",91,6.8,1182
494,Rush Hour,"51,767,484.66",11.840557,1998,"383,372,522.24",98,6.8,1254
495,X2,"152,864,130.43",0.913096,2003,"566,586,103.69",133,6.8,3572
496,The Spectacular Now,"2,743,562.23",8.098964,2013,"7,522,420.74",95,6.8,1074
497,8 Mile,"58,275,152.86",8.374355,2002,"305,589,216.23",110,6.8,1676
498,Non-Stop,"54,013,519.22",19.650229,2014,"240,694,612.25",106,6.8,2302
499,One Hundred and One Dalmatians,"34,207,357.86",15.727519,1961,"1,846,171,223.40",79,6.8,1643
500,A Monster Calls,"45,812,916.67",24.483893,2016,"49,704,636.57",108,6.8,1023
501,Speed,"51,761,133.60",10.859292,1994,"604,653,108.48",116,6.8,1814
502,School of Rock,"48,638,586.96",17.951420000000006,2003,"182,440,489.45",108,6.8,1454
503,Insidious,"1,758,596.97",17.24814,2010,"113,733,331.75",103,6.8,1775
504,Iron Man 3,"219,484,978.54",23.721243,2013,"1,333,854,105.00",130,6.8,8951
505,Bambi,"13,459,546.01",13.698132,1942,"4,195,474,616.87",70,6.8,1450
506,The Patriot,"163,339,140.53",15.960788,2000,"319,690,843.49",165,6.8,1130
507,The Croods,"148,152,360.52",14.757874,2013,"642,189,922.27",98,6.8,2447
508,True Lies,"198,417,678.81",11.396099,1994,"653,712,769.86",141,6.8,1138
509,Face/Off,"127,451,713.40",11.467391,1997,"391,398,071.85",138,6.8,1612
510,Finding Dory,"213,083,333.33",14.477676999999998,2016,"1,095,856,567.99",97,6.8,4333
511,Pitch Perfect 2,"31,288,185.65",15.862632,2015,"310,191,281.88",115,6.8,1997
512,Home,"145,651,898.73",13.422713,2015,"397,976,018.94",94,6.8,1539
513,Insomnia,"65,381,878.82",11.424974,2002,"161,628,026.85",118,6.8,1181
514,10 Cloverfield Lane,"15,981,250.00",14.421528,2016,"115,370,157.71",103,6.8,2537
515,The Fate of the Furious,"260,811,913.50",48.573287,2017,"1,292,338,434.97",136,6.8,3803
516,American Hustle,"43,896,995.71",16.478036,2013,"275,642,193.35",138,6.8,2868
517,Beauty and the Beast,"166,919,624.64",287.253654,2017,"1,317,503,208.37",129,6.8,5530
518,The DUFF,"9,170,675.11",8.592449,2015,"46,963,171.79",100,6.8,1372
519,Spider-Man,"197,566,981.66",29.413341,2002,"1,167,931,498.00",121,6.8,5398
520,A Bug's Life,"188,245,398.77",16.869208999999998,1998,"569,848,406.42",95,6.8,2379
521,Mission: Impossible - Ghost Protocol,"164,857,714.54",14.25843,2011,"789,854,207.50",133,6.8,4026
522,Thor: The Dark World,"186,562,231.76",34.905446999999995,2013,"707,368,701.68",112,6.8,4873
523,Dumbo,"14,124,380.95",14.655879,1941,"27,831,292.52",64,6.8,1206
524,Big Eyes,"10,802,703.84",7.412826,2014,"31,202,001.53",105,6.8,1236
525,Cinderella,"30,768,879.67",14.436858,1950,"2,796,693,975.75",74,6.8,1760
526,Sing,"79,906,250.00",20.045673,2016,"673,816,078.95",108,6.8,2363
527,Dawn of the Dead,"37,901,535.20",13.157873,2004,"138,552,284.92",101,6.8,1039
528,We're the Millers,"40,604,721.03",18.474368,2013,"296,298,267.07",110,6.8,3053
529,Lawless,"28,955,574.91",7.968423,2012,"59,778,316.66",115,6.8,1055
530,War Dogs,"42,616,666.67",16.453573000000002,2016,"91,875,698.05",114,6.8,1392
531,X-Men,"111,367,595.82",0.954467,2000,"440,034,942.24",104,6.8,4172
532,Pacific Rim,"197,536,480.69",33.949359,2013,"447,313,575.38",131,6.7,4903
533,Escape Plan,"54,871,244.64",14.191610999999998,2013,"134,890,102.50",115,6.7,1688
534,The World's End,"21,948,497.85",9.830382,2013,"50,579,530.84",109,6.7,1820
535,"The Chronicles of Narnia: The Lion, the Witch and the Wardrobe","235,668,202.76",18.13542,2005,"980,388,832.08",143,6.7,2709
536,Now You See Me 2,"95,887,500.00",39.540653000000006,2016,"356,809,466.13",129,6.7,3362
537,Don't Breathe,"10,547,625.00",25.869882999999998,2016,"167,377,858.61",88,6.7,1830
538,World War Z,"219,484,978.54",26.114917,2013,"583,681,890.56",116,6.7,5683
539,Top Gun,"34,995,437.96",20.301019,1986,"832,496,210.54",110,6.7,1736
540,Easy A,"9,379,183.86",15.138144,2010,"87,873,931.17",92,6.7,2282
541,Brave,"206,030,052.26",15.876341,2012,"600,252,639.50",93,6.7,4760
542,War for the Planet of the Apes,"158,573,643.41",146.161786,2017,"385,905,614.60",140,6.7,1675
543,The Adventures of Tintin,"147,803,468.21",19.201504,2011,"422,877,172.76",107,6.7,2095
544,In Time,"45,477,990.22",10.324613,2011,"197,750,348.59",109,6.7,3512
545,Spider-Man 2,"270,725,251.46",10.834506,2004,"1,060,926,698.75",127,6.7,4432
546,Anchorman: The Legend of Ron Burgundy,"35,194,282.69",10.33012,2004,"122,603,599.11",94,6.7,1523
547,"I, Robot","162,435,150.87",14.43075,2004,"470,026,299.74",115,6.7,3889
548,Pitch Black,"34,152,729.38",6.424399,2000,"78,978,422.80",108,6.7,1812
549,Pocahontas,"92,280,183.73",13.280069,1995,"580,660,091.58",81,6.7,1509
550,John Wick: Chapter 2,"41,729,906.16",49.247505,2017,"178,958,584.68",122,6.7,2924
551,21 Jump Street,"46,774,390.24",11.250764,2012,"224,500,733.32",109,6.7,4151
552,Shrek 2,"203,043,938.59",16.229860000000002,2004,"1,245,117,895.29",93,6.7,3082
553,Fast & Furious 6,"175,587,982.83",1.6576369999999998,2013,"865,516,899.76",130,6.7,5282
554,Kung Fu Panda 2,"170,542,463.32",11.481921,2011,"756,858,676.09",91,6.7,1925
555,Passengers,"117,195,833.33",20.303632,2016,"322,974,831.94",116,6.7,4134
556,Hook,"131,417,033.77",14.508137,1991,"564,820,691.93",144,6.7,1563
557,Lemony Snicket's A Series of Unfortunate Events,"189,507,676.02",12.817945,2004,"283,007,575.58",108,6.7,1521
558,Seven Psychopaths,"16,705,139.37",9.643538,2012,"21,630,105.13",110,6.7,1224
559,Trolls,"133,177,083.33",16.83711,2016,"369,555,178.89",92,6.7,1054
560,Charlie and the Chocolate Factory,"196,390,168.97",22.038405,2005,"621,861,304.14",115,6.7,3759
561,Lincoln,"72,388,937.28",10.680331,2012,"306,587,696.71",149,6.7,1456
562,Zero Dark Thirty,"44,547,038.33",9.649303,2012,"147,919,238.16",157,6.7,1723
563,Megamind,"152,411,737.73",11.603905,2010,"377,379,913.28",95,6.7,1968
564,Kung Fu Panda 3,"154,485,416.67",14.696548000000002,2016,"555,264,083.14",95,6.7,1630
565,Enemy of the State,"141,184,049.08",12.978751,1998,"393,197,319.42",132,6.7,1266
566,The Princess and the Frog,"125,167,832.17",16.616517,2009,"318,338,471.38",97,6.7,1293
567,Orphan,"23,841,491.84",8.730934,2009,"49,585,833.94",123,6.7,1296
568,Step Up,"15,220,238.10",14.21769,2006,"144,839,396.72",104,6.7,1092
569,The Proposal,"47,682,983.68",8.058337,2009,"378,334,710.61",108,6.7,1858
570,Everest,"59,339,662.45",10.758754,2015,"219,478,621.22",121,6.7,1805
571,Phone Booth,"18,477,487.49",9.142772,2002,"139,060,345.67",81,6.7,1087
572,Mission: Impossible,"130,376,035.69",15.793477,1996,"745,907,960.46",110,6.7,2677
573,The Gift,"5,394,514.77",8.585856,2015,"63,632,242.92",108,6.7,1077
574,The Holiday,"107,810,019.84",14.043416,2006,"246,274,487.05",136,6.7,1259
575,Lethal Weapon 2,"51,552,419.35",12.834276,1989,"469,856,969.52",114,6.7,1066
576,Valkyrie,"89,073,385.97",8.635464,2008,"237,856,819.32",121,6.7,1195
577,Starship Troopers,"167,280,373.83",14.412644,1997,"193,112,250.46",129,6.7,1584
578,The Jungle Book,"186,447,916.67",17.432758,2016,"1,029,779,118.42",106,6.7,2977
579,Death Proof,"30,836,951.28",13.412137,2007,"30,883,696.40",113,6.7,1359
580,Vicky Cristina Barcelona,"17,814,677.19",9.648539,2008,"114,499,267.61",96,6.7,1050
581,Red Dragon,"110,864,924.96",2.968157,2002,"297,340,152.30",124,6.7,1142
582,The Lobster,"4,315,611.81",11.223033,2015,"16,891,512.87",118,6.7,1340
583,Focus,"54,053,037.97",10.035362,2015,"166,111,095.52",105,6.7,2588
584,Cinderella,"102,495,780.59",19.801128,2015,"586,399,240.77",105,6.7,2426
585,Romeo + Juliet,"23,630,656.47",11.774061,1996,"240,052,856.52",120,6.7,1406
586,The Mist,"22,202,604.92",8.435642,2007,"70,426,897.17",126,6.7,1438
587,Atlantis: The Lost Empire,"173,258,046.30",10.901602,2001,"268,627,540.84",95,6.7,1257
588,Independence Day,"122,227,533.46",17.634197,1996,"1,331,415,180.55",145,6.7,3334
589,Hotel Transylvania 2,"86,312,236.29",11.760218,2015,"510,565,962.70",89,6.7,1528
590,Up in the Air,"29,801,864.80",8.338562,2009,"195,106,848.48",109,6.7,1246
591,The Matrix Reloaded,"208,451,086.96",16.229317,2003,"1,026,412,736.66",138,6.7,3500
592,Pearl Harbor,"202,134,387.35",11.419388,2001,"648,592,860.74",183,6.6,1833
593,Dredd,"55,683,797.91",12.1524,2012,"45,702,746.64",95,6.6,1971
594,The Hunger Games: Mockingjay - Part 2,"172,624,472.57",26.628178,2015,"704,985,680.75",137,6.6,4117
595,Super 8,"56,847,487.77",19.529911,2011,"295,716,068.81",112,6.6,2496
596,A Christmas Carol,"238,414,918.41",12.869273,2009,"387,703,024.56",96,6.6,1137
597,Pineapple Express,"32,066,418.95",8.461369,2008,"120,694,251.53",111,6.6,1169
598,Looper,"33,410,278.75",12.727269,2012,"52,389,544.43",118,6.6,4777
599,50 First Dates,"101,521,969.30",11.134888,2004,"265,964,388.18",99,6.6,2161
600,Captain America: The First Avenger,"159,172,965.76",19.323582,2011,"421,319,213.93",124,6.6,7174
601,Thor,"170,542,463.32",29.158489000000007,2011,"510,861,788.45",115,6.6,6678
602,Star Trek Beyond,"197,102,083.33",20.659284,2016,"365,940,597.30",122,6.6,2636
603,Ender's Game,"120,716,738.20",12.500305,2013,"137,767,638.36",114,6.6,2354
604,The Good Dinosaur,"188,808,016.88",12.319595,2015,"358,116,100.37",93,6.6,1782
605,Meet the Parents,"81,669,570.27",14.178281,2000,"490,676,784.59",108,6.6,1743
606,King Kong,"271,018,433.18",19.761164,2005,"720,097,286.23",187,6.6,2403
607,The Cabin in the Woods,"33,410,278.75",14.811958,2012,"74,043,948.85",95,6.6,2314
608,Chappie,"52,866,244.73",30.206365,2015,"112,636,980.69",120,6.6,3124
609,Cloud Atlas,"113,594,947.74",13.494246,2012,"145,315,633.05",172,6.6,3031
610,The Transporter,"29,848,249.03",13.217421,2002,"62,438,176.28",92,6.6,1724
611,GoldenEye,"97,313,648.29",14.686035999999998,1995,"590,918,730.27",130,6.6,1194
612,The Book of Eli,"93,791,838.61",14.39853,2010,"184,192,815.01",118,6.6,2207
613,The Italian Job,"83,380,434.78",13.995044,2003,"244,680,123.50",110,6.6,1949
614,Enchanted,"104,845,634.35",11.447798,2007,"419,984,045.42",107,6.6,1512
615,Real Steel,"125,064,473.10",19.265552,2011,"340,253,256.98",127,6.6,2749
616,Dear John,"29,309,949.56",8.371478999999999,2010,"134,798,924.77",115,6.6,1302
617,Die Hard 2,"136,947,207.35",18.785984,1990,"469,594,114.28",124,6.6,1920
618,It Follows,"2,157,805.91",20.359336,2015,"15,831,903.94",100,6.6,1894
619,Panic Room,"68,224,569.21",14.969502,2002,"279,148,521.49",111,6.6,1303
620,Batman Returns,"145,801,853.17",15.001681,1992,"510,306,486.10",126,6.6,1706
621,Pirates of the Caribbean: Dead Men Tell No Tales,"239,946,960.42",133.82782,2017,"828,538,928.32",129,6.6,2814
622,Cars,"152,202,380.95",18.907948,2006,"585,957,793.65",117,6.6,3991
623,Chronicle,"16,705,139.37",12.47441,2012,"161,483,013.94",84,6.6,1965
624,Transformers,"185,021,707.67",5.587707,2007,"875,411,436.30",144,6.6,4113
625,Disturbia,"24,669,561.02",18.006895999999994,2007,"145,254,540.59",105,6.6,1038
626,The Hunger Games: Mockingjay - Part 1,"135,033,798.06",147.098006,2014,"812,471,603.53",123,6.6,5767
627,The Purge: Anarchy,"9,722,433.46",27.756026,2014,"117,514,887.95",104,6.6,2008
628,2 Guns,"66,942,918.45",13.336512,2013,"144,794,691.38",109,6.6,1611
629,RED,"67,999,082.99",12.595165,2010,"84,019,856.87",111,6.6,2858
630,The Mummy,"122,785,114.05",23.984065,1999,"638,306,838.42",124,6.6,2796
631,Blended,"43,210,815.38",10.395472,2014,"133,407,569.82",117,6.6,1028
632,Underworld,"30,572,826.09",20.624333,2003,"133,003,545.95",121,6.6,2556
633,Déjà Vu,"95,126,488.10",14.922904,2006,"229,010,741.74",126,6.6,1519
634,The Call,"14,266,523.61",8.611077,2013,"75,253,034.57",94,6.6,1275
635,The Fast and the Furious,"54,865,048.00",1.406181,2001,"299,280,065.63",106,6.6,3485
636,9,"35,762,237.76",18.502877,2009,"57,729,863.45",79,6.6,1291
637,Mad Max,"1,408,815.43",11.412619,1979,"352,203,856.75",93,6.6,1235
638,Love & Other Drugs,"35,171,939.48",7.5756960000000015,2010,"120,545,969.95",112,6.6,1268
639,Madagascar,"98,195,084.49",16.136217000000002,2005,"697,421,646.57",86,6.6,3322
640,Kingdom of Heaven,"170,204,813.11",16.296471,2005,"277,097,570.41",144,6.6,1187
641,The Lovely Bones,"77,484,848.48",12.738789,2009,"111,489,474.78",136,6.6,1101
642,Rango,"153,488,216.99",10.581925,2011,"279,376,527.29",107,6.6,2094
643,Crank,"15,220,238.10",12.627593,2006,"54,451,722.14",88,6.6,1172
644,Allied,"90,560,416.67",13.085186,2016,"127,338,624.50",124,6.6,1415
645,Constantine,"130,926,779.31",9.615691,2005,"302,289,938.30",121,6.6,1837
646,Iron Man 2,"234,479,596.52",19.083344,2010,"731,498,178.53",124,6.6,6969
647,The Mask,"39,683,535.76",14.13488,1994,"606,611,856.75",101,6.6,2550
648,Bridget Jones's Diary,"36,095,426.31",10.780524,2001,"407,055,045.63",97,6.6,1397
649,The Hitchhiker's Guide to the Galaxy,"65,463,389.66",13.257255,2005,"136,790,225.15",109,6.6,1340
650,Money Monster,"28,766,250.00",11.953822,2016,"99,384,841.01",98,6.5,1096
651,Miss Peregrine's Home for Peculiar Children,"117,195,833.33",36.262655,2016,"315,880,826.45",127,6.5,3213
652,Man of Steel,"246,920,600.86",18.538834,2013,"727,423,171.47",143,6.5,6462
653,The Amazing Spider-Man 2,"216,054,076.89",26.23687,2014,"762,365,641.58",142,6.5,4274
654,The Heat,"47,189,270.39",12.706403,2013,"174,132,994.96",117,6.5,1595
655,King Arthur: Legend of the Sword,"182,568,339.45",44.251369,2017,"152,496,794.68",126,6.5,1506
656,Deepwater Horizon,"117,195,833.33",13.1984,2016,"129,757,493.23",107,6.5,1478
657,Austin Powers: International Man of Mystery,"26,286,915.89",11.749159,1997,"107,830,504.59",94,6.5,1033
658,Blade,"70,592,024.54",15.043454,1998,"205,789,132.64",120,6.5,1950
659,Alice Through the Looking Glass,"181,120,833.33",14.616079999999998,2016,"318,953,877.00",113,6.5,1782
660,Space Jam,"130,376,035.69",11.054251,1996,"407,751,051.63",88,6.5,1335
661,Project X,"13,364,111.50",9.803023,2012,"111,367,595.82",88,6.5,1624
662,Bad Boys,"31,878,608.92",9.262184,1995,"237,255,748.27",118,6.5,1729
663,Armageddon,"219,619,631.90",13.235112,1998,"868,751,834.52",151,6.5,2540
664,Maze Runner: The Scorch Trials,"65,813,080.17",41.225769,2015,"335,816,016.79",132,6.5,3148
665,Penguins of Madagascar,"142,595,690.75",22.201607,2014,"403,537,264.20",92,6.5,1375
666,Jurassic World,"161,835,443.04",32.790475,2015,"1,632,950,703.45",124,6.5,8842
667,The Babadook,"2,160,540.77",8.832788,2014,"7,212,393.89",93,6.5,1890
668,In the Heart of the Sea,"107,890,295.36",11.696923,2015,"101,223,492.91",122,6.5,1300
669,Con Air,"119,485,981.31",11.545982,1997,"356,884,288.06",115,6.5,1289
670,Flight,"34,523,954.70",10.973822,2012,"180,162,004.74",138,6.5,2449
671,There's Something About Mary,"36,080,368.10",11.688958,1998,"580,242,363.56",119,6.5,1616
672,Dumb and Dumber,"27,605,937.92",9.844558,1994,"426,641,789.01",107,6.5,1894
673,The Amazing Spider-Man,"239,440,331.01",31.102267,2012,"837,724,715.31",136,6.5,6734
674,Cloudy with a Chance of Meatballs,"119,207,459.21",11.665693,2009,"289,660,376.49",90,6.5,1799
675,Hellboy II: The Golden Army,"100,949,837.44",11.928661,2008,"190,484,104.55",120,6.5,1555
676,Paul,"45,477,990.22",10.24382,2011,"110,911,779.39",104,6.5,1825
677,Vanilla Sky,"98,179,559.57",10.071057,2001,"293,655,555.02",136,6.5,1100
678,Mr. & Mrs. Smith,"144,019,457.25",15.724373000000002,2005,"626,101,704.37",120,6.5,3048
679,The Da Vinci Code,"158,544,146.83",18.566706,2006,"973,867,516.70",149,6.5,2773
680,Mission: Impossible III,"190,252,976.19",15.687983,2006,"504,614,325.74",126,6.5,2062
681,Burn After Reading,"43,942,870.41",13.206798999999998,2008,"194,441,345.30",96,6.5,1251
682,The Island,"164,967,741.94",11.443647,2005,"213,344,092.34",136,6.5,1813
683,Tropic Thunder,"109,263,353.46",8.980941,2008,"223,363,568.74",107,6.5,1707
684,Step Brothers,"77,196,934.51",8.579638000000001,2008,"152,146,419.23",98,6.5,1084
685,The Tree of Life,"36,382,392.17",11.204539,2011,"62,161,847.88",139,6.5,1009
686,21,"41,567,580.12",8.33756,2008,"82,925,183.39",123,6.5,1406
687,Bridesmaids,"36,950,867.05",6.8109910000000005,2011,"327,877,575.95",125,6.5,1697
688,Rio,"102,325,477.99",10.403228,2011,"551,006,508.81",96,6.5,2213
689,Hanna,"34,108,492.66",8.071196,2011,"72,517,017.98",111,6.5,1284
690,The Ring,"68,224,569.21",13.740965,2002,"354,410,906.99",115,6.5,1720
691,Ice Age: The Meltdown,"101,468,253.97",16.646029000000002,2006,"838,306,336.54",91,6.5,3034
692,Unknown,"34,108,492.66",14.443599,2011,"148,697,562.08",113,6.5,1288
693,Borat: Cultural Learnings of America for Make Benefit Glorious Nation of Kazakhstan,"22,830,357.14",8.278336,2006,"331,766,620.24",82,6.5,1617
694,The Adjustment Bureau,"57,074,877.72",9.420301,2011,"145,381,059.18",106,6.5,1677
695,The Princess Diaries,"53,421,230.94",7.387171,2001,"238,713,713.28",115,6.5,1063
696,Hellboy,"89,339,332.98",13.206854000000002,2004,"134,440,788.65",122,6.5,2278
697,Friends with Benefits,"39,793,241.44",10.009007,2011,"171,092,479.82",109,6.5,2306
698,Angels & Demons,"178,811,188.81",22.211558,2009,"425,109,819.82",138,6.5,2183
699,Chicken Run,"66,820,557.49",11.834245,2000,"333,857,131.33",84,6.5,1190
700,Fast & Furious,"101,326,340.33",1.498902,2009,"432,918,893.06",107,6.5,2426
701,Public Enemies,"95,365,967.37",10.364794,2009,"255,228,677.55",140,6.5,1371
702,1408,"30,836,951.28",9.196884,2007,"116,785,206.02",104,6.5,1372
703,Ocean's Thirteen,"104,845,634.35",12.16276,2007,"383,997,288.74",122,6.5,2040
704,Ice Age: Dawn of the Dinosaurs,"107,286,713.29",12.980624,2009,"1,056,996,825.67",94,6.5,2330
705,28 Weeks Later,"18,502,170.77",12.884191,2007,"79,236,705.78",100,6.5,1225
706,Underworld: Evolution,"63,417,658.73",12.496805,2006,"141,219,458.41",106,6.4,1548
707,Demolition Man,"100,864,359.86",11.626116,1993,"281,457,161.78",115,6.4,1018
708,Signs,"102,336,853.81",11.211568,2002,"580,261,213.88",106,6.4,1624
709,Live Free or Die Hard,"135,682,585.62",14.886039000000002,2007,"473,077,642.76",128,6.4,2122
710,Epic,"109,742,489.27",11.913405,2013,"294,578,070.02",102,6.4,1143
711,Forgetting Sarah Marshall,"35,629,354.39",15.106676,2008,"124,908,339.55",111,6.4,1194
712,Warm Bodies,"38,409,871.24",10.430238,2013,"128,377,490.44",97,6.4,2698
713,Rambo,"59,382,257.32",9.91556,2008,"134,494,031.37",92,6.4,1009
714,Oblivion,"131,690,987.12",14.654053,2013,"314,048,514.42",124,6.4,4862
715,The Ugly Truth,"45,298,834.50",8.450799,2009,"244,731,610.82",96,6.4,1005
716,X-Men: Apocalypse,"189,644,166.67",28.712522,2016,"579,517,187.65",144,6.4,4831
717,Evil Dead,"18,656,223.18",12.01525,2013,"107,046,063.63",91,6.4,1754
718,Cloverfield,"29,691,128.66",12.868098,2008,"202,807,066.64",85,6.4,2297
719,Minions,"79,838,818.57",547.4882980000001,2015,"1,248,000,451.41",91,6.4,4729
720,Star Wars: Episode II - Attack of the Clones,"170,561,423.01",14.072511,2002,"923,019,191.05",142,6.4,4074
721,Elysium,"126,203,862.66",15.232738,2013,"314,017,927.00",109,6.4,3510
722,Bruce Almighty,"111,173,913.04",15.947524,2003,"673,398,227.77",101,6.4,3121
723,Side Effects,"32,922,746.78",11.645847,2013,"69,546,841.05",106,6.4,1340
724,Crimson Peak,"59,339,662.45",13.492684,2015,"80,572,280.53",119,6.4,1494
725,Joy,"64,734,177.22",12.975936,2015,"109,113,834.96",124,6.4,1619
726,Night at the Museum,"139,518,849.21",16.661966,2006,"728,644,598.43",108,6.4,2949
727,Mamma Mia!,"61,757,547.61",10.534437,2008,"724,275,460.20",108,6.4,1435
728,Let's Be Cops,"18,364,596.54",15.962793,2014,"147,587,912.95",104,6.4,1234
729,Ace Ventura: Pet Detective,"25,880,566.80",11.247957,1994,"184,989,798.63",86,6.4,1684
730,The Grey,"27,841,898.95",14.31675,2012,"86,063,019.32",117,6.4,1476
731,Hannibal,"125,612,083.57",2.48875,2001,"507,779,293.78",131,6.4,1296
732,Alice in Wonderland,"234,479,596.52",17.285093,2010,"1,202,283,708.51",108,6.4,4773
733,Final Destination,"34,152,729.38",14.961416,2000,"79,148,674.16",98,6.4,1416
734,Yes Man,"83,135,160.24",9.756289,2008,"268,397,088.13",104,6.4,1869
735,Rush Hour 2,"129,943,534.73",8.345985,2001,"501,474,915.71",90,6.4,1078
736,The Giver,"27,006,759.61",12.472206,2014,"72,357,002.95",94,6.4,1859
737,Secret Window,"54,145,050.29",9.524283,2004,"125,769,707.91",96,6.4,1007
738,The Polar Express,"223,348,332.45",14.27536,2004,"414,041,419.59",100,6.4,1524
739,Horrible Bosses,"39,793,241.44",9.856955,2011,"133,023,121.39",98,6.4,2341
740,National Treasure,"135,362,625.73",18.932203,2004,"470,320,006.86",131,6.4,1974
741,Ocean's Twelve,"148,898,888.30",11.869347,2004,"491,020,182.09",125,6.4,2169
742,Elf,"44,469,565.22",8.754132,2003,"240,967,397.02",97,6.4,1007
743,American Pie,"16,882,953.18",18.344227,1999,"361,422,593.77",95,6.4,2358
744,Wanted,"89,073,385.97",12.457896,2008,"306,733,121.44",110,6.4,2583
745,The Matrix Revolutions,"208,451,086.96",15.368205,2003,"590,595,030.18",129,6.4,3155
746,Star Wars: Episode I - The Phantom Menace,"176,503,601.44",15.649091,1999,"1,418,655,459.67",136,6.4,4526
747,Wedding Crashers,"52,370,711.73",11.100597,2005,"373,372,722.34",119,6.4,1406
748,Pirates of the Caribbean: On Stranger Tides,"432,040,907.07",27.88772,2011,"1,188,924,051.45",136,6.4,5068
749,Resident Evil,"46,904,391.33",7.781292999999999,2002,"146,377,038.43",100,6.4,2100
750,Madagascar 3: Europe's Most Wanted,"161,483,013.94",13.829042,2012,"831,828,265.51",93,6.4,1857
751,Liar Liar,"71,691,588.79",10.102471,1997,"482,262,331.81",86,6.4,1456
752,Bolt,"178,146,771.95",15.580915,2008,"368,146,235.33",98,6.3,1798
753,Oculus,"5,487,124.46",8.698042999999998,2013,"48,319,887.99",104,6.3,1079
754,Lucy,"43,210,815.38",36.447603,2014,"136,704,787.29",89,6.3,6048
755,Warcraft,"170,466,666.67",12.572718,2016,"462,046,898.72",123,6.3,2325
756,Run All Night,"53,945,147.68",16.838145,2015,"77,208,069.08",114,6.3,1169
757,The Mask of Zorro,"149,027,607.36",11.348096,1998,"392,630,523.50",136,6.3,1211
758,Kick-Ass 2,"30,727,897.00",13.570264000000002,2013,"66,613,690.99",103,6.3,2275
759,The Chronicles of Narnia: Prince Caspian,"267,220,157.92",12.490891,2008,"498,396,963.79",150,6.3,1668
760,Blade II,"76,752,640.36",17.050639999999998,2002,"220,322,763.66",117,6.3,1556
761,Machete,"23,447,959.65",7.120403,2010,"36,728,765.59",105,6.3,1171
762,Eagle Eye,"95,011,611.70",14.324875,2008,"211,479,896.39",118,6.3,1038
763,White House Down,"164,613,733.91",9.920223,2013,"225,374,569.32",131,6.3,1910
764,The Wolverine,"131,690,987.12",3.918287,2013,"455,914,935.99",126,6.3,4110
765,Sin City: A Dame to Kill For,"70,217,574.99",20.623642,2014,"42,570,880.49",102,6.3,1314
766,Insidious: Chapter 3,"10,789,029.54",10.098792,2015,"112,533,732.91",97,6.3,1005
767,The Number 23,"37,004,341.53",8.140941,2007,"95,676,963.80",101,6.3,1045
768,The Blair Witch Project,"92,088.84",14.838385999999998,1999,"380,633,853.54",81,6.3,1090
769,Safe House,"94,662,456.45",8.338675,2012,"231,729,466.98",115,6.3,1361
770,Why Him?,"40,485,833.33",14.531429000000001,2016,"125,755,681.69",111,6.3,1203
771,Saw II,"5,237,071.17",15.399863,2005,"200,219,899.03",92,6.3,1288
772,Bad Boys II,"180,657,608.70",8.191436,2003,"379,852,850.38",147,6.3,1588
773,Just Go with It,"90,955,980.44",9.267959,2011,"244,351,430.28",117,6.3,1588
774,Life,"60,508,363.93",36.263803,2017,"104,890,003.24",103,6.3,1959
775,Lights Out,"5,220,541.67",11.494907000000001,2016,"158,607,337.96",81,6.3,1174
776,13 Going on 30,"50,084,171.52",12.632595,2004,"130,564,964.12",98,6.3,1260
777,The Chronicles of Riddick,"142,130,757.01",5.060352,2004,"156,713,011.27",119,6.3,1593
778,Bad Moms,"21,308,333.33",9.362055999999999,2016,"195,968,558.84",100,6.3,1287
779,The Lorax,"77,957,317.07",7.689394999999998,2012,"388,495,073.18",86,6.3,1048
780,Ted,"55,683,797.91",19.638605,2012,"611,818,284.61",106,6.3,4811
781,Home Alone 2: Lost in New York,"32,805,416.96",13.293722,1992,"654,270,654.54",120,6.3,2459
782,Prometheus,"144,777,874.56",16.624854,2012,"449,000,894.20",124,6.3,5152
783,Men in Black 3,"250,577,090.59",10.684385,2012,"694,963,617.70",106,6.3,4228
784,Power Rangers,"104,324,765.40",23.247298,2017,"148,492,991.71",124,6.3,1321
785,The Mechanic,"45,477,990.22",9.832342,2011,"58,064,941.53",93,6.3,1066
786,TRON: Legacy,"199,307,657.04",21.259,2010,"469,032,776.25",125,6.3,2895
787,The Witch,"3,728,958.33",11.840138,2016,"43,068,344.74",92,6.3,1471
788,Unstoppable,"117,239,798.26",12.697059,2010,"196,734,789.80",98,6.3,1193
789,Self/less,"28,051,476.79",25.301568,2015,"32,931,598.68",116,6.3,1122
790,The Beach,"59,396,051.10",14.430310999999998,2000,"213,910,234.76",119,6.3,1271
791,Black Mass,"57,181,856.54",10.61072,2015,"106,636,472.03",122,6.3,1262
792,Jack Reacher,"66,820,557.49",12.789812,2012,"243,160,671.35",130,6.3,3046
793,Spectre,"264,331,223.63",24.926577,2015,"950,162,436.80",148,6.3,4552
794,X-Men: The Last Stand,"266,354,166.67",0.867943,2006,"582,630,149.87",104,6.3,3581
795,Over the Hedge,"101,468,253.97",9.382953,2006,"435,548,988.38",83,6.3,1116
796,Silent Hill,"63,417,658.73",7.938457,2006,"123,800,722.88",125,6.3,1093
797,Ghostbusters II,"76,297,580.65",16.414239000000002,1989,"444,164,794.41",108,6.3,1131
798,Hitch,"91,648,745.52",13.35076,2005,"481,942,024.55",118,6.3,1721
799,X-Men Origins: Wolverine,"178,811,188.81",1.456541,2009,"444,718,761.42",107,6.2,4086
800,The Other Woman,"43,210,815.38",9.389354,2014,"212,576,895.02",109,6.2,1467
801,DodgeBall: A True Underdog Story,"27,072,525.15",11.967379,2004,"227,033,322.75",92,6.2,1009
802,Neighbors,"19,444,866.92",11.90575,2014,"289,682,497.59",96,6.2,2773
803,Underworld: Rise of the Lycans,"41,722,610.72",11.654958,2009,"108,900,187.44",92,6.2,1447
804,Kong: Skull Island,"193,000,815.99",29.429112,2017,"591,159,216.76",118,6.2,3161
805,Despicable Me 3,"83,459,812.32",36.631519,2017,"1,064,178,732.31",96,6.2,2002
806,The Village,"81,217,575.44",8.172707,2004,"347,472,503.25",108,6.2,1101
807,The Day After Tomorrow,"169,203,282.16",15.049695000000002,2004,"736,741,414.46",124,6.2,2462
808,The 40 Year Old Virgin,"34,040,962.62",11.519662,2005,"143,298,360.99",116,6.2,2020
809,A Walk Among the Tombstones,"30,247,570.76",14.914924,2014,"57,450,507.48",113,6.2,1145
810,The Shallows,"18,112,083.33",13.689175,2016,"126,891,932.59",86,6.2,1619
811,Alien³,"91,126,158.23",17.126768,1992,"291,190,986.86",114,6.2,1664
812,Insurgent,"118,679,324.89",27.887186,2015,"318,533,367.07",119,6.2,3921
813,Ted 2,"73,365,400.84",42.061481,2015,"234,146,311.19",115,6.2,2524
814,Knocked Up,"37,004,341.53",9.058516,2007,"270,226,076.47",129,6.2,1255
815,Goosebumps,"62,576,371.31",12.365292,2015,"170,642,299.12",103,6.2,1022
816,2 Fast 2 Furious,"105,615,217.39",2.32462,2003,"328,450,347.92",107,6.2,2087
817,Central Intelligence,"53,270,833.33",11.374041,2016,"231,166,163.52",107,6.2,1699
818,Madagascar: Escape 2 Africa,"178,146,771.95",12.668733,2008,"717,219,324.28",89,6.2,1866
819,Hancock,"178,146,771.95",11.017324,2008,"741,125,453.62",92,6.2,3050
820,Transporter 2,"41,896,569.38",11.359659,2005,"111,507,246.76",87,6.2,1076
821,The Lost World: Jurassic Park,"116,299,688.47",0.7881229999999999,1997,"364,949,257.24",129,6.2,2528
822,Tomorrowland,"204,991,561.18",22.296076,2015,"225,657,215.76",130,6.2,2904
823,War of the Worlds,"172,823,348.69",19.929377,2005,"774,745,310.86",116,6.2,2397
824,The Girl on the Train,"47,943,750.00",10.217291000000001,2016,"184,515,100.61",112,6.2,1837
825,Dracula Untold,"75,618,926.91",16.316318,2014,"232,829,812.83",92,6.2,2439
826,Transformers: The Last Knight,"271,244,390.04",39.186819,2017,"631,104,471.50",149,6.2,1440
827,The A-Team,"128,963,778.08",16.747792999999998,2010,"207,794,406.86",117,6.2,1737
828,Olympus Has Fallen,"76,819,742.49",10.978188,2013,"176,713,545.70",120,6.2,3010
829,The Karate Kid,"46,895,919.30",11.690781,2010,"419,545,425.96",140,6.2,1675
830,Ice Age: Continental Drift,"105,799,216.03",13.26958,2012,"976,966,423.16",88,6.2,2731
831,How the Grinch Stole Christmas,"182,642,857.14",11.642462,2000,"512,500,910.26",104,6.2,1440
832,Due Date,"76,205,868.87",11.73956,2010,"248,291,410.81",95,6.2,1737
833,The Hangover Part II,"90,955,980.44",21.893532,2011,"289,303,671.05",102,6.2,3836
834,Contagion,"68,216,985.33",8.244359,2011,"156,389,251.16",106,6.2,1351
835,Salt,"128,963,778.08",8.704455000000001,2010,"343,898,413.42",100,6.2,2125
836,Riddick,"41,702,145.92",9.596377,2013,"107,917,795.41",119,6.2,2066
837,This Is the End,"35,117,596.57",11.414048,2013,"138,320,884.27",107,6.2,2394
838,The Mortal Instruments: City of Bones,"65,845,493.56",14.336187,2013,"99,388,747.42",130,6.2,1649
839,Prince of Persia: The Sands of Time,"175,859,697.39",18.459955,2010,"392,934,627.30",116,6.2,2372
840,The Chronicles of Narnia: The Voyage of the Dawn Treader,"181,721,687.30",12.383398,2010,"487,349,682.20",113,6.2,1555
841,Gangster Squad,"65,845,493.56",8.581558,2013,"115,450,089.69",113,6.2,1805
842,Upside Down,"66,820,557.49",7.37535,2012,"9,027,986.31",104,6.2,1094
843,Robin Hood,"234,479,596.52",10.56812,2010,"364,228,341.94",140,6.2,1434
844,Mars Attacks!,"114,079,031.23",15.63424,1996,"165,204,391.63",106,6.1,1544
845,Meet the Fockers,"108,290,100.58",11.876386,2004,"699,341,447.87",115,6.1,1412
846,Quantum of Solace,"237,529,029.26",13.678120000000002,2008,"696,067,807.22",106,6.1,3015
847,Turbo,"148,152,360.52",8.979753,2013,"310,100,100.38",96,6.1,1094
848,Horrible Bosses 2,"45,371,356.15",20.903362,2014,"116,313,097.95",108,6.1,1575
849,Taken 3,"51,852,978.45",18.081483,2014,"351,921,221.45",109,6.1,2225
850,Night at the Museum: Secret of the Tomb,"137,194,338.83",19.539436,2014,"377,472,703.45",97,6.1,1893
851,The Interview,"47,531,896.92",14.526049,2014,"13,333,379.82",112,6.1,2340
852,Austin Powers: The Spy Who Shagged Me,"50,648,859.54",13.984182,1999,"477,235,174.01",95,6.1,1034
853,American Reunion,"55,683,797.91",8.10609,2012,"261,702,250.13",113,6.1,1641
854,Transformers: Dark of the Moon,"221,705,202.31",4.5035050000000005,2011,"1,277,643,872.29",154,6.1,3351
855,The Expendables 2,"111,367,595.82",14.881566,2012,"348,105,506.36",103,6.1,2940
856,The Other Guys,"117,239,798.26",12.536621,2010,"199,815,219.78",107,6.1,1406
857,That Awkward Moment,"8,642,163.08",8.060402999999999,2014,"28,140,051.83",94,6.1,1020
858,The Fast and the Furious: Tokyo Drift,"107,810,019.84",2.238808,2006,"200,993,761.23",104,6.1,1749
859,Saw III,"12,683,531.75",14.938035,2006,"207,853,678.55",108,6.1,1104
860,The Twilight Saga: Breaking Dawn - Part 2,"133,641,114.98",26.080995,2012,"923,237,369.34",115,6.1,2641
861,Vacation,"33,445,991.56",11.33038,2015,"112,620,408.74",99,6.1,1218
862,Gone in Sixty Seconds,"133,641,114.98",14.091765,2000,"352,221,996.83",118,6.1,1511
863,No Strings Attached,"28,423,743.89",8.88057,2011,"168,018,935.12",107,6.1,1367
864,Pain & Gain,"27,435,622.32",9.218002,2013,"94,570,909.48",130,6.1,1595
865,The Internship,"63,650,643.78",0.393865,2013,"48,286,695.28",119,6.1,1691
866,Paper Towns,"12,946,835.44",9.662731,2015,"92,259,473.04",109,6.1,1997
867,Resident Evil: Extinction,"55,506,512.30",3.009134,2007,"183,063,024.70",94,6.1,1308
868,Men in Black II,"198,988,326.85",16.775716,2002,"627,977,031.28",88,6.1,3188
869,The Purge: Election Year,"10,654,166.67",13.1789,2016,"126,345,503.82",105,6.1,1356
870,Taken 2,"50,115,418.12",16.376482,2012,"418,899,529.37",91,6.1,2783
871,National Treasure: Book of Secrets,"160,352,146.65",12.854373,2007,"564,147,429.12",124,6.1,1782
872,John Carter,"289,555,749.13",14.670353,2012,"316,438,884.45",132,6.1,2170
873,Magic Mike,"7,795,731.71",8.732425,2012,"186,230,643.31",110,6.1,1062
874,27 Dresses,"35,629,354.39",10.342202,2008,"190,331,202.36",111,6.1,1013
875,The Incredible Hulk,"178,146,771.95",19.125537,2008,"194,431,850.08",114,6.1,3086
876,Resident Evil: Apocalypse,"60,913,181.58",7.850797,2004,"175,152,246.21",94,6.1,1286
877,The Boss Baby,"130,405,956.75",13.392824,2017,"520,387,482.56",97,6.1,2336
878,300: Rise of an Empire,"118,829,742.29",12.904677,2014,"364,677,731.48",102,6.1,2438
879,Need for Speed,"71,297,845.37",18.271383,2014,"219,594,809.99",130,6.1,1560
880,Ace Ventura: When Nature Calls,"50,334,645.67",8.205447999999999,1995,"356,345,018.29",90,6.1,1128
881,Godzilla,"172,843,261.51",14.019239,2014,"571,545,208.46",123,6.1,3232
882,Baywatch,"71,984,088.13",35.637691,2017,"185,548,638.23",116,6.1,1829
883,What Women Want,"103,943,089.43",9.963079,2000,"555,518,951.68",127,6.1,1021
884,The Woman in Black,"18,932,491.29",8.896678999999997,2012,"142,250,649.80",95,6.1,1237
885,17 Again,"23,841,491.84",11.362762,2009,"162,440,995.87",102,6.1,1388
886,Zoolander,"40,426,877.47",10.40782,2001,"87,756,616.84",89,6.1,1363
887,The Expendables 3,"97,224,334.60",14.753545,2014,"222,722,093.37",127,6.1,1830
888,Underworld: Awakening,"77,957,317.07",12.345348,2012,"178,313,632.29",88,6.1,1885
889,The Family,"32,922,746.78",8.047735000000001,2013,"40,488,640.91",111,6.1,1052
890,Casper,"83,891,076.12",12.812539,1995,"483,092,120.77",100,6.0,1045
891,The Mummy Returns,"141,494,071.15",16.945657,2001,"625,191,948.97",130,6.0,2258
892,The Expendables,"93,791,838.61",14.75562,2010,"321,788,536.20",103,6.0,2977
893,Monsters vs Aliens,"208,613,053.61",14.243634,2009,"454,788,222.65",94,6.0,1464
894,Antz,"94,122,699.39",16.025625,1998,"269,438,561.77",83,6.0,1320
895,Shrek Forever After,"193,445,667.13",11.803808,2010,"882,347,738.16",93,6.0,2021
896,The Purge,"3,292,274.68",23.207663,2013,"98,031,458.90",86,6.0,2498
897,American Wedding,"76,432,065.22",14.397139,2003,"321,638,919.60",103,6.0,1158
898,Death Race,"53,444,031.58",13.530029999999998,2008,"87,603,694.11",105,6.0,1205
899,The Hangover Part III,"113,034,763.95",25.085639,2013,"397,267,890.17",100,6.0,2991
900,Transformers: Revenge of the Fallen,"178,811,188.81",4.351756,2009,"996,928,676.92",150,6.0,3192
901,Scary Movie,"28,213,124.27",12.446738,2000,"412,831,913.15",88,6.0,1468
902,The Host,"48,286,695.28",11.342024,2013,"69,496,846.76",125,6.0,1859
903,Fifty Shades Darker,"57,378,620.97",29.130443,2017,"395,210,894.39",118,6.0,2341
904,The BFG,"149,158,333.33",18.769476,2016,"195,339,446.28",120,6.0,1026
905,Johnny English Reborn,"51,162,739.00",10.668658,2011,"182,001,309.20",101,6.0,1026
906,Shrek the Third,"197,356,488.18",14.072479,2007,"985,497,360.30",93,6.0,2355
907,The Huntsman: Winter's War,"122,522,916.67",17.260203,2016,"175,369,887.83",114,6.0,1575
908,The Visit,"5,394,514.77",15.021057999999998,2015,"106,218,062.67",94,6.0,1405
909,American Ultra,"30,209,282.70",9.534828,2015,"29,280,912.60",96,6.0,1099
910,Under the Skin,"14,367,596.11",6.707974,2014,"5,812,125.82",108,6.0,1118
911,The Tourist,"117,239,798.26",12.845045,2010,"326,784,094.70",103,6.0,1744
912,Van Helsing,"216,580,201.16",12.643312,2004,"406,436,402.10",132,6.0,1674
913,The Bourne Legacy,"144,777,874.56",14.89499,2012,"308,012,631.74",120,6.0,2683
914,Mama,"16,461,373.39",16.018525,2013,"160,770,300.62",100,6.0,1452
915,Robots,"98,195,084.49",12.949715,2005,"341,322,178.01",91,6.0,1383
916,San Andreas,"118,679,324.89",20.547925,2015,"507,613,948.28",114,6.0,3017
917,Click,"104,639,136.90",9.796552,2006,"301,463,830.13",107,6.0,2167
918,Percy Jackson & the Olympians: The Lightning Thief,"111,377,808.34",9.785895,2010,"265,544,870.89",118,6.0,2079
919,Predators,"46,895,919.30",9.034929,2010,"148,013,853.66",107,6.0,1231
920,Get Smart,"95,011,611.70",11.35779,2008,"273,972,458.58",110,6.0,1072
921,Grown Ups,"93,791,838.61",23.981251,2010,"318,224,205.99",102,6.0,1746
922,American Pie 2,"43,314,511.58",10.25103,2001,"415,174,783.97",108,6.0,1375
923,Jobs,"13,169,098.71",14.294019,2013,"39,432,023.76",128,6.0,1183
924,Mission: Impossible II,"185,612,659.70",18.97178,2000,"811,332,395.17",123,5.9,1966
925,Jack Ryan: Shadow Recruit,"64,816,223.07",11.234862,2014,"54,606,703.25",105,5.9,1194
926,Sucker Punch,"93,229,879.95",13.779526999999998,2011,"102,089,563.19",110,5.9,1661
927,Allegiant,"117,195,833.33",18.386172,2016,"190,972,600.61",121,5.9,2064
928,The Secret Life of Pets,"79,906,250.00",11.01395,2016,"932,727,477.05",87,5.9,3536
929,How to Be Single,"40,485,833.33",8.898988000000001,2016,"119,692,651.14",110,5.9,1225
930,Knight and Day,"137,170,563.96",12.758942,2010,"307,086,708.88",109,5.9,1583
931,Suicide Squad,"186,447,916.67",42.965027,2016,"794,374,724.20",123,5.9,7717
932,I Am Number Four,"56,847,487.77",9.388376,2011,"164,281,087.73",109,5.9,1606
933,Surrogates,"95,365,967.37",16.211937,2009,"145,963,301.63",89,5.9,1219
934,Percy Jackson: Sea of Monsters,"98,768,240.34",10.338222,2013,"191,587,067.08",106,5.9,1685
935,Transcendence,"108,027,038.45",9.730176,2014,"111,310,258.85",119,5.9,2339
936,Paranormal Activity,"18,502.17",12.706424,2007,"238,500,135.36",86,5.9,1351
937,Date Night,"64,481,889.04",8.443736,2010,"178,513,865.73",97,5.9,1148
938,The Twilight Saga: Eclipse,"79,723,062.82",34.047399,2010,"818,909,846.07",124,5.9,2382
939,Terminator 3: Rise of the Machines,"277,934,782.61",20.818907,2003,"604,508,152.17",109,5.9,2177
940,Jason Bourne,"127,850,000.00",19.133256,2016,"442,664,552.12",123,5.9,2386
941,Spider-Man 3,"318,237,337.19",27.614265000000003,2007,"1,098,870,597.05",139,5.9,3687
942,Transporter 3,"35,629,354.39",9.296824,2008,"129,429,032.42",104,5.9,1110
943,Waterworld,"293,618,766.40",16.885184,1995,"443,311,016.10",135,5.9,1017
944,Alien: Resurrection,"111,520,249.22",15.57784,1997,"258,089,719.63",109,5.9,1388
945,Happy Feet,"126,835,317.46",15.088318,2006,"487,473,288.52",108,5.9,1457
946,Final Destination 2,"36,131,521.74",12.638573,2003,"125,663,216.08",90,5.9,1046
947,The Angry Birds Movie,"77,775,416.67",11.171927,2016,"372,660,954.77",97,5.9,1048
948,The Lone Ranger,"279,843,347.64",12.729104,2013,"97,988,969.90",149,5.9,2361
949,Trainwreck,"37,761,603.38",17.310647,2015,"151,904,996.92",125,5.9,1193
950,Resident Evil: The Final Chapter,"42,616,666.67",0.75571,2016,"332,668,497.78",107,5.9,1139
951,The Dictator,"72,388,937.28",7.446085000000001,2012,"199,770,673.29",83,5.9,1789
952,The Magnificent Seven,"95,887,500.00",13.809622000000001,2016,"172,981,727.60",132,5.9,2358
953,47 Ronin,"192,049,356.22",14.88937,2013,"165,669,977.93",119,5.9,1357
954,Knowing,"59,603,729.60",9.806904,2009,"185,303,658.57",121,5.9,1528
955,This Means War,"72,388,937.28",12.366641,2012,"174,818,790.18",103,5.9,1411
956,Terminator Salvation,"238,414,918.41",16.507496,2009,"442,680,477.18",115,5.9,2496
957,The Sorcerer's Apprentice,"175,859,697.39",12.533525,2010,"252,398,224.80",109,5.9,1526
958,Night at the Museum: Battle of the Smithsonian,"178,811,188.81",15.417181,2009,"492,453,369.09",105,5.9,2026
959,Jumper,"100,949,837.44",11.03897,2008,"263,931,789.41",88,5.9,1855
960,Ghost in the Shell,"114,757,241.94",68.726676,2017,"177,145,455.73",107,5.9,2547
961,Journey 2: The Mysterious Island,"87,980,400.70",9.46307,2012,"396,126,475.31",94,5.8,1050
962,The Boy,"10,654,166.67",17.028854,2016,"68,387,356.01",97,5.8,1133
963,Snow White and the Huntsman,"189,324,912.89",18.751554,2012,"441,683,885.02",127,5.8,3183
964,Transformers: Age of Extinction,"226,856,780.74",18.495599,2014,"1,179,012,603.73",165,5.8,3136
965,Resident Evil: Afterlife,"70,343,878.95",0.452934,2010,"351,986,799.99",97,5.8,1382
966,London Has Fallen,"63,925,000.00",15.037993,2016,"219,214,217.07",99,5.8,1656
967,Journey to the Center of the Earth,"53,444,031.58",10.419974,2008,"120,785,957.93",93,5.8,1353
968,Grown Ups 2,"87,793,991.42",9.411725,2013,"271,046,694.78",100,5.8,1180
969,Snitch,"38,409,871.24",13.542675,2013,"47,112,957.65",112,5.8,1155
970,Teenage Mutant Ninja Turtles,"135,033,798.06",22.337973,2014,"515,505,027.46",101,5.8,2677
971,Cars 2,"227,389,951.09",13.693001999999998,2011,"636,524,044.72",106,5.8,2088
972,Die Another Day,"198,988,326.85",12.996474,2002,"613,980,068.71",133,5.8,1112
973,Carrie,"32,922,746.78",18.399055,2013,"90,421,542.67",100,5.8,1505
974,Terminator Genisys,"167,229,957.81",30.188198,2015,"475,368,457.43",126,5.8,3677
975,Twilight,"43,942,870.41",31.282029,2008,"466,289,229.04",122,5.8,3688
976,Shark Tale,"101,521,969.30",17.999273000000006,2004,"497,153,109.36",90,5.8,1612
977,The Golden Compass,"222,026,049.20",11.481379,2007,"459,143,534.61",113,5.8,1347
978,The Great Wall,"159,812,500.00",15.884744,2016,"353,672,632.29",103,5.8,1465
979,The Monuments Men,"75,618,926.91",11.132411,2014,"167,424,663.07",118,5.8,1545
980,Total Recall,"139,209,494.77",16.42635,2012,"221,401,090.25",121,5.8,2540
981,The Twilight Saga: Breaking Dawn - Part 1,"125,064,473.10",25.9725,2011,"809,703,617.52",117,5.8,2622
982,xXx,"99,494,163.42",12.722381,2002,"394,349,923.72",124,5.8,1454
983,Blade: Trinity,"87,985,706.72",18.860681,2004,"174,489,688.12",123,5.7,1276
984,Inferno,"79,906,250.00",18.311054000000002,2016,"234,414,316.36",121,5.7,2316
985,Dirty Grandpa,"12,252,291.67",16.290585999999998,2016,"100,226,971.91",102,5.7,1429
986,The League of Extraordinary Gentlemen,"108,394,565.22",10.488765,2003,"249,120,177.52",110,5.7,1181
987,Parker,"38,409,871.24",13.963892,2013,"50,719,292.29",118,5.7,1467
988,Dark Shadows,"167,051,393.73",10.665859,2012,"273,437,682.92",113,5.7,2383
989,Alien: Covenant,"101,195,022.44",72.884078,2017,"242,430,143.35",122,5.7,2677
990,The Last Witch Hunter,"97,101,265.82",13.412445000000002,2015,"158,530,666.19",106,5.7,1345
991,Bee Movie,"185,021,707.67",8.774374,2007,"354,741,598.35",91,5.7,1208
992,"Hail, Caesar!","23,439,166.67",11.241366000000001,2016,"67,811,273.50",106,5.7,1338
993,RoboCop,"129,632,446.13",10.246549,2014,"262,169,701.52",102,5.7,2385
994,Lara Croft: Tomb Raider,"166,038,961.04",15.851722,2001,"396,621,366.67",100,5.7,2235
995,Jurassic Park III,"134,274,985.88",0.648867,2001,"532,452,020.67",92,5.7,2109
996,Batman v Superman: Dawn of Justice,"266,354,166.67",31.435879,2016,"930,385,965.02",151,5.7,7189
997,Valentine's Day,"60,964,695.09",7.4667210000000015,2010,"253,807,344.01",125,5.7,1043
998,Hansel & Gretel: Witch Hunters,"54,871,244.64",10.337211,2013,"246,704,929.43",88,5.7,3290
999,Oz: The Great and Powerful,"219,484,978.54",11.137329,2013,"539,788,788.51",130,5.7,3576
1000,Indiana Jones and the Kingdom of the Crystal Skull,"219,714,352.07",12.577266,2008,"934,244,466.50",122,5.7,2558
1001,Exodus: Gods and Kings,"151,237,853.82",16.320249,2014,"289,546,845.88",150,5.6,1957
1002,Ice Age: Collision Course,"111,868,750.00",20.151037,2016,"435,306,916.74",100,5.6,1170
1003,Resident Evil: Retribution,"72,388,937.28",0.948759,2012,"267,459,588.43",95,5.6,1618
1004,Into the Woods,"54,013,519.22",9.580785,2014,"229,992,127.25",125,5.6,1688
1005,The 5th Wave,"40,485,833.33",10.788263,2016,"117,096,080.50",112,5.6,1993
1006,Charlie's Angels,"136,610,917.54",9.774985,2000,"392,170,661.19",98,5.6,1253
1007,AVP: Alien vs. Predator,"94,753,838.01",12.636205,2004,"231,718,971.78",101,5.6,1241
1008,Pixels,"94,943,459.92",21.14796,2015,"262,860,777.08",105,5.6,2564
1009,Clash of the Titans,"146,549,747.82",11.972347,2010,"272,832,414.68",106,5.6,2280
1010,Planet of the Apes,"144,381,705.25",17.319836,2001,"522,967,486.83",119,5.6,1270
1011,The Twilight Saga: New Moon,"59,603,729.60",30.121292,2009,"846,167,282.21",130,5.6,2518
1012,2012,"238,414,918.41",16.698628,2009,"917,484,495.30",158,5.6,4994
1013,Hercules,"108,027,038.45",19.606895,2014,"262,937,811.58",99,5.6,1707
1014,G.I. Joe: The Rise of Cobra,"208,613,053.61",11.787058,2009,"360,565,630.06",118,5.6,1988
1015,Sausage Party,"20,242,916.67",17.56963,2016,"149,909,795.15",83,5.6,2310
1016,Identity Thief,"38,409,871.24",7.321172,2013,"190,913,532.43",111,5.6,1667
1017,Neighbors 2: Sorority Rising,"37,289,583.33",9.914008,2016,"115,873,140.92",91,5.6,1490
1018,Beautiful Creatures,"65,845,493.56",20.485203,2013,"65,902,711.10",124,5.6,1017
1019,Battle: Los Angeles,"79,586,482.88",6.7537460000000005,2011,"230,194,528.72",116,5.5,1462
1020,The Smurfs,"125,064,473.10",10.219758,2011,"640,954,654.92",103,5.5,1201
1021,Mirror Mirror,"94,662,456.45",14.170182999999998,2012,"203,823,327.85",106,5.5,1148
1022,You Don't Mess with the Zohan,"106,888,063.17",13.116461,2008,"239,424,876.71",113,5.5,1068
1023,Jack the Giant Slayer,"213,997,854.08",11.606061,2013,"216,947,296.51",114,5.5,2634
1024,Wrath of the Titans,"167,051,393.73",7.739903999999999,2012,"335,216,463.41",99,5.5,1459
1025,The Green Hornet,"136,433,970.65",7.888013000000001,2011,"259,016,764.40",119,5.5,1274
1026,xXx: Return of Xander Cage,"88,676,050.59",17.918269,2017,"361,117,732.15",107,5.5,1497
1027,Abraham Lincoln: Vampire Hunter,"76,843,641.11",7.922636,2012,"125,026,986.25",94,5.5,1297
1028,Annabelle,"7,021,757.50",23.242452,2014,"275,764,740.11",99,5.5,1588
1029,Fantastic Four,"130,926,779.31",19.382082,2005,"432,817,379.15",106,5.5,3040
1030,Battleship,"232,758,275.26",13.106966,2012,"337,472,197.36",131,5.5,2141
1031,Little Fockers,"117,239,798.26",9.73941,2010,"364,206,119.14",98,5.5,1092
1032,Unfriended,"1,078,902.95",10.07817,2015,"67,843,672.63",82,5.5,1092
1033,Alvin and the Chipmunks,"74,008,683.07",11.805233,2007,"445,737,810.22",92,5.5,1212
1034,Lara Croft Tomb Raider: The Cradle of Life,"132,019,021.74",13.076349,2003,"217,491,454.95",117,5.5,1443
1035,Hitman: Agent 47,"37,761,603.38",10.721799,2015,"88,434,923.90",96,5.5,1183
1036,Noah,"135,033,798.06",14.924487,2014,"391,746,522.37",139,5.5,2408
1037,The Legend of Tarzan,"191,775,000.00",45.382979999999996,2016,"380,080,002.91",109,5.5,2488
1038,G.I. Joe: Retaliation,"142,665,236.05",10.560608,2013,"408,106,284.48",110,5.4,3045
1039,The Mummy,"130,405,956.75",33.704935,2017,"425,413,455.42",110,5.4,2122
1040,Assassin's Creed,"133,177,083.33",27.54107,2016,"256,443,507.41",115,5.4,2776
1041,Superman Returns,"342,455,357.14",13.284712,2006,"496,029,071.40",154,5.4,1429
1042,The Circle,"18,778,457.77",88.439243,2017,"21,384,327.67",110,5.4,1015
1043,Scary Movie 2,"64,971,767.36",10.869056,2001,"203,896,823.06",83,5.4,1019
1044,Dumb and Dumber To,"43,210,815.38",15.402597,2014,"183,469,892.09",110,5.4,1140
1045,Fantastic 4: Rise of the Silver Surfer,"160,352,146.65",12.924254,2007,"356,534,071.39",92,5.4,2648
1046,R.I.P.D.,"142,665,236.05",9.369679,2013,"67,654,598.50",96,5.4,1280
1047,Bad Teacher,"22,738,995.11",7.310686,2011,"245,805,685.66",92,5.4,1634
1048,Mortdecai,"64,734,177.22",10.241861,2015,"32,818,674.23",106,5.4,1078
1049,Cowboys & Aliens,"185,322,810.14",10.958669,2011,"198,764,199.66",119,5.4,2054
1050,Jack Reacher: Never Go Back,"63,925,000.00",15.605620000000002,2016,"172,753,131.81",118,5.3,1843
1051,Evan Almighty,"215,858,658.95",9.156877,2007,"213,391,702.85",96,5.3,1194
1052,Ghostbusters,"153,420,000.00",17.162744,2016,"244,137,575.21",116,5.3,2203
1053,Hulk,"190,385,326.09",15.422638,2003,"340,971,058.35",138,5.3,1571
1054,The Bling Ring,"16,461,373.39",7.913028999999999,2013,"21,011,002.89",90,5.3,1205
1055,Mechanic: Resurrection,"42,616,666.67",14.288576999999998,2016,"133,954,448.62",99,5.3,1236
1056,Godzilla,"203,932,515.34",11.295121,1998,"594,564,140.96",139,5.3,1075
1057,Ghost Rider,"135,682,585.62",11.902354,2007,"282,143,787.22",114,5.2,1754
1058,The Mummy: Tomb of the Dragon Emperor,"172,208,546.21",14.250227,2008,"476,398,481.15",112,5.2,1418
1059,Sex Tape,"43,210,815.38",27.470696000000004,2014,"136,189,156.96",97,5.2,1733
1060,A Good Day to Die Hard,"100,963,090.13",12.471865,2013,"334,335,082.99",98,5.2,3519
1061,Jupiter Ascending,"189,886,923.07",21.463465,2015,"198,504,897.77",124,5.2,2816
1062,Pompeii,"140,435,149.98",12.204174,2014,"127,290,021.32",105,5.2,1294
1063,Gods of Egypt,"149,158,333.33",13.337707,2016,"160,537,903.85",127,5.2,1303
1064,Fifty Shades of Grey,"43,156,118.14",33.068431,2015,"616,060,198.02",125,5.2,3350
1065,The Day the Earth Stood Still,"95,011,611.70",9.265322,2008,"276,832,790.28",104,5.2,1057
1066,Batman Forever,"167,782,152.23",13.321354,1995,"564,635,840.69",121,5.2,1529
1067,Underworld: Blood Wars,"37,289,583.33",20.02976,2016,"86,398,167.23",91,5.2,1619
1068,Wild Wild West,"260,918,367.35",9.887602,1999,"340,889,357.33",106,5.1,1042
1069,Green Lantern,"227,389,951.09",13.985631,2011,"249,959,736.24",114,5.1,2551
1070,Daredevil,"108,394,565.22",11.415558,2003,"249,001,379.85",103,5.0,1551
1071,After Earth,"142,665,236.05",10.747642,2013,"267,599,517.48",100,5.0,2579
1072,Spring Breakers,"5,487,124.46",14.830235,2013,"34,815,018.96",94,5.0,1580
1073,Ouija,"5,401,351.92",13.288564,2014,"111,905,501.88",89,4.9,1006
1074,Independence Day: Resurgence,"175,793,750.00",16.993841,2016,"415,173,628.25",120,4.9,2550
1075,Rings,"26,081,191.35",24.535733,2017,"86,673,943.59",102,4.8,1075
1076,The Last Airbender,"175,859,697.39",9.544657,2010,"373,412,184.37",103,4.7,1180
1077,Ghost Rider: Spirit of Vengeance,"64,806,136.06",9.421301,2011,"169,652,635.28",95,4.7,1163
1078,Fantastic Four,"129,468,354.43",17.246484,2015,"181,231,524.46",100,4.4,2322
1079,Batman & Robin,"199,143,302.18",17.038823999999998,1997,"379,498,823.02",125,4.2,1447
1080,The Boy Next Door,"4,315,611.81",10.200398,2015,"56,562,409.80",91,4.1,1034
