title,budget,popularity,release_date,revenue,runtime,vote_average,vote_count
The Godfather,6000000,41.109264,1972,245066411,175,8.5,6024
The Shawshank Redemption,25000000,51.645403,1994,28341469,142,8.5,8358
Fight Club,63000000,63.869599,1999,100853753,139,8.3,9678
Schindler's List,22000000,41.725122999999996,1993,321365567,195,8.3,4436
One Flew Over the Cuckoo's Nest,3000000,35.529554,1975,108981275,133,8.3,3001
The Dark Knight,185000000,123.167259,2008,1004558444,152,8.3,12269
Whiplash,3300000,64.29999000000001,2014,13092000,105,8.3,4376
Psycho,806948,36.826309,1960,32000000,109,8.3,2405
The Godfather: Part II,13000000,36.629307,1974,47542841,200,8.3,3418
Pulp Fiction,8000000,140.95023600000002,1994,213928762,154,8.3,8670
GoodFellas,25000000,15.424092000000002,1990,46836394,145,8.2,3211
The Empire Strikes Back,18000000,19.470959,1980,538400000,124,8.2,5998
American History X,20000000,18.157166,1998,23875127,119,8.2,3120
Forrest Gump,55000000,48.307194,1994,677945399,142,8.2,8147
12 Angry Men,350000,16.503959,1957,1000000,96,8.2,2130
Rear Window,1000000,17.911314,1954,36764313,112,8.2,1531
The Green Mile,60000000,19.96678,1999,284600000,189,8.2,4166
The Shining,19000000,19.611589000000002,1980,44017374,144,8.1,3890
Inception,160000000,29.108148999999997,2010,825532764,148,8.1,14075
The Lord of the Rings: The Return of the King,94000000,29.324358,2003,1118888979,201,8.1,8226
The Silence of the Lambs,19000000,4.307222,1991,272742922,119,8.1,4549
Se7en,33000000,18.45743,1995,327311859,127,8.1,5915
The Usual Suspects,6000000,16.302466,1995,23341568,106,8.1,3334
Interstellar,165000000,32.213481,2014,675120017,169,8.1,11187
Memento,9000000,15.450789000000002,2000,39723096,113,8.1,4168
Reservoir Dogs,1200000,12.22034,1992,14661007,99,8.1,3821
Taxi Driver,1300000,14.092713,1976,28262574,114,8.1,2632
Star Wars,11000000,42.149696999999996,1977,775398007,121,8.1,6778
Dead Poets Society,16400000,19.905716,1989,235860116,129,8.1,2786
The Pianist,35000000,14.811594,2002,120072577,150,8.1,1927
Room,6000000,12.443291,2015,35401758,117,8.1,2838
It's a Wonderful Life,3180000,15.031588000000001,1946,9644124,130,8.0,1103
Dr. Strangelove or: How I Learned to Stop Worrying and Love the Bomb,1800000,9.803980000000001,1964,9440272,95,8.0,1472
Scarface,25000000,11.299673,1983,65884703,170,8.0,3017
The Lord of the Rings: The Fellowship of the Ring,93000000,32.070725,2001,871368364,178,8.0,8892
Citizen Kane,839727,15.811921,1941,23217674,119,8.0,1244
Vertigo,2479000,18.20822,1958,28000000,128,8.0,1162
The Imitation Game,14000000,31.595940000000002,2014,233555708,113,8.0,5895
A Clockwork Orange,2200000,17.112594,1971,26589000,136,8.0,3432
Lion,12000000,17.085145,2016,140302754,118,8.0,1699
Apocalypse Now,31500000,13.5963,1979,89460381,153,8.0,2112
The Lion King,45000000,21.605760999999998,1994,788241776,89,8.0,5520
The Grand Budapest Hotel,30000000,14.442048000000002,2014,174600318,99,8.0,4644
The Lord of the Rings: The Two Towers,79000000,29.423537,2002,926287400,179,8.0,7641
Back to the Future,19000000,25.778509,1985,381109762,116,8.0,6239
The Prestige,40000000,16.94556,2006,109676311,130,8.0,4510
Good Will Hunting,10000000,15.064832999999998,1997,225933435,126,7.9,2880
Guardians of the Galaxy,170000000,53.291601,2014,773328629,121,7.9,10014
Gone Girl,61000000,154.80100900000002,2014,369330363,145,7.9,6023
Saving Private Ryan,70000000,21.758054,1998,481840909,169,7.9,5148
2001: A Space Odyssey,10500000,22.494622,1968,68700000,149,7.9,3075
The Wolf of Wall Street,100000000,16.382422000000002,2013,392000694,180,7.9,6768
Full Metal Jacket,17000000,13.941479999999999,1987,46357676,116,7.9,2595
Inside Out,175000000,23.985587,2015,857611174,94,7.9,6737
Dallas Buyers Club,5000000,14.785719,2013,55198285,117,7.9,2973
American Beauty,15000000,20.726578,1999,356296601,122,7.9,3438
Prisoners,46000000,11.96262,2013,122126687,153,7.9,3183
Alien,11000000,23.37742,1979,104931801,117,7.9,4564
Casablanca,878000,13.916101000000001,1942,10462500,102,7.9,1462
Return of the Jedi,32350000,14.586087,1983,572700000,135,7.9,4763
The Matrix,63000000,33.366332,1999,463517383,136,7.9,9079
12 Years a Slave,20000000,30.316249,2013,187000000,134,7.9,3787
The Help,25000000,7.486117999999999,2011,124272124,146,7.9,1966
Her,23000000,13.829514999999999,2013,47351251,126,7.9,4215
Captain Fantastic,5000000,16.519276,2016,5879736,119,7.9,1569
Inglourious Basterds,70000000,16.89564,2009,319131050,153,7.9,6598
Eternal Sunshine of the Spotless Mind,20000000,12.906327000000001,2004,72258126,108,7.9,3758
The Departed,90000000,18.515448000000003,2006,289847354,151,7.9,4455
La La Land,30000000,19.681686,2016,445435700,128,7.9,4745
There Will Be Blood,25000000,8.200627,2007,77208711,158,7.9,1581
Blade Runner,28000000,96.272374,1982,33139618,117,7.9,3833
Harry Potter and the Deathly Hallows: Part 2,125000000,24.990737,2011,1342000000,130,7.9,6141
Mr. Nobody,47000000,11.817059,2009,3547209,156,7.9,1616
Requiem for a Dream,4500000,6.874828,2000,7390108,102,7.9,2525
Gladiator,103000000,23.186667,2000,457640427,155,7.9,5566
Stand by Me,8000000,15.206957000000001,1986,52287414,89,7.8,1568
Hacksaw Ridge,40000000,21.037699,2016,175302354,140,7.8,3294
Amadeus,18000000,12.677592,1984,51973029,160,7.8,1107
Annie Hall,4000000,18.146043,1977,38251425,93,7.8,1044
The Thing,15000000,16.83125,1982,19629760,109,7.8,1629
Hidden Figures,25000000,16.816834,2016,230698791,127,7.8,2178
Trainspotting,4000000,19.348466000000002,1996,16491080,93,7.8,2737
The Theory of Everything,15000000,11.853019999999999,2014,123726688,123,7.8,3403
Pride & Prejudice,28000000,14.439082999999998,2005,121147947,135,7.8,1406
Casino,52000000,10.137389,1995,116112375,178,7.8,1343
The Breakfast Club,1000000,12.627678,1985,51525171,97,7.8,2189
The Big Lebowski,15000000,15.952523999999999,1998,46189568,117,7.8,3001
The Truman Show,60000000,13.155901,1998,264118201,103,7.8,4702
Big Hero 6,165000000,213.84990699999997,2014,652105443,102,7.8,6289
Into the Wild,15000000,15.423538,2007,56255142,148,7.8,3139
North by Northwest,4000000,12.410427,1959,13275000,136,7.8,1062
WALL·E,180000000,16.088366,2008,521311860,98,7.8,6439
Django Unchained,100000000,19.785025,2012,425368238,165,7.8,10297
Gran Torino,33000000,14.794228,2008,269958228,116,7.8,3181
Spotlight,20000000,14.63239,2015,88346473,128,7.8,2751
About Time,12000000,11.213913,2013,87100449,123,7.8,2140
Shutter Island,80000000,15.813629,2010,294804195,138,7.8,6559
Up,175000000,19.330884,2009,735099082,96,7.8,7048
Monty Python and the Holy Grail,400000,10.43389,1975,5028948,91,7.8,1742
Warrior,25000000,13.121626000000001,2011,23057115,140,7.7,1297
Kill Bill: Vol. 1,30000000,25.261865,2003,180949000,111,7.7,5091
The Sixth Sense,40000000,18.449169,1999,672806292,107,7.7,3223
L.A. Confidential,35000000,10.989442,1997,126216940,138,7.7,1340
Kill Bill: Vol. 2,30000000,21.533072,2004,152159461,136,7.7,4061
Hachi: A Dog's Tale,16000000,8.621359,2009,47801389,93,7.7,1769
Rush,38000000,10.63552,2013,90247624,123,7.7,2310
Million Dollar Baby,30000000,14.471373000000002,2004,216763646,132,7.7,2519
The Pursuit of Happyness,55000000,20.981716,2006,307077295,117,7.7,2607
V for Vendetta,54000000,20.214422,2006,132511035,132,7.7,4562
No Country for Old Men,25000000,15.565484,2007,171600000,122,7.7,3083
Harry Potter and the Prisoner of Azkaban,130000000,28.460276,2004,789804554,141,7.7,6037
Mulholland Drive,15000000,18.184055999999998,2001,20117339,147,7.7,1517
Catch Me If You Can,52000000,19.833077,2002,352114312,141,7.7,3917
Donnie Darko,6000000,18.303148,2001,1270522,113,7.7,3574
The Boy in the Striped Pyjamas,12500000,8.912738000000001,2008,20416563,94,7.7,1492
The Perks of Being a Wallflower,13000000,12.775679,2012,33400000,102,7.7,3056
A Beautiful Mind,60000000,11.93646,2001,313542341,135,7.7,3087
Snatch,10000000,14.014025,2000,83557872,103,7.7,2953
Toy Story,30000000,21.946943,1995,373554033,81,7.7,5415
The Notebook,29000000,15.239013,2004,115603229,123,7.7,3163
Raiders of the Lost Ark,18000000,19.901576000000002,1981,389925971,115,7.7,3949
Fargo,7000000,12.61469,1996,60611975,98,7.7,2080
Zootopia,150000000,26.024868,2016,1023784195,108,7.7,4961
Unforgiven,14000000,10.942149,1992,159157447,131,7.7,1133
Straight Outta Compton,28000000,21.183076999999997,2015,201634991,147,7.7,1381
Terminator 2: Judgment Day,100000000,22.661695,1991,520000000,137,7.7,4274
Aliens,18500000,21.761179000000002,1986,183316455,137,7.7,3282
Braveheart,72000000,20.755149,1995,210000000,177,7.7,3404
Life of Brian,4000000,10.714172999999999,1979,20045115,94,7.7,1230
Heat,60000000,17.924927,1995,187436818,170,7.7,1886
Captain Phillips,55000000,13.776067999999999,2013,95000000,134,7.6,2495
How to Train Your Dragon 2,145000000,12.256689,2014,609123048,102,7.6,3163
The Fault in Our Stars,12000000,16.274653,2014,307166834,125,7.6,3868
Edge of Tomorrow,178000000,31.982986,2014,370541256,113,7.6,4979
The Hateful Eight,44000000,20.328822,2015,155760117,167,7.6,4405
Moon,5000000,13.336773,2009,9760104,97,7.6,1831
Captain America: The Winter Soldier,170000000,18.717704,2014,714766572,136,7.6,5881
Indiana Jones and the Last Crusade,48000000,14.788986999999999,1989,474171806,127,7.6,3221
Toy Story 3,200000000,16.96647,2010,1066969703,103,7.6,4710
The Dark Knight Rises,250000000,20.58258,2012,1084939099,165,7.6,9263
The Untouchables,25000000,11.062203,1987,76270454,119,7.6,1424
The Princess Bride,16000000,15.15267,1987,30857814,98,7.6,1518
Moonrise Kingdom,16000000,8.692433,2012,68263166,94,7.6,1701
The Martian,108000000,25.629929999999998,2015,630161890,141,7.6,7442
The King's Speech,15000000,11.260387,2010,414211549,118,7.6,2817
Misery,20000000,15.020845000000001,1990,61276872,107,7.6,1085
Breakfast at Tiffany's,2500000,10.879289,1961,9500000,110,7.6,1082
The Hobbit: The Desolation of Smaug,250000000,20.644776,2013,958400000,161,7.6,4633
Dances with Wolves,22000000,11.654349,1990,424208848,181,7.6,1084
The Iron Giant,70000000,15.441459,1999,23159305,86,7.6,1470
Me Before You,20000000,34.34759,2016,207945075,110,7.6,2674
Mystic River,25000000,12.602438000000001,2003,156822020,138,7.6,1473
Guardians of the Galaxy Vol. 2,200000000,185.33099199999998,2017,863416141,137,7.6,4858
The Nightmare Before Christmas,18000000,17.730913,1993,75634409,76,7.6,2135
Philadelphia,26000000,13.373006,1993,206678440,125,7.6,1019
Slumdog Millionaire,15000000,11.258181,2008,377910544,120,7.6,2918
Rain Man,25000000,11.267467,1988,412800000,133,7.6,1762
Finding Nemo,94000000,25.497794,2003,940335536,100,7.6,6292
Logan,97000000,54.581997,2017,616801808,137,7.6,6310
Ex Machina,15000000,14.14078,2015,36869414,108,7.6,4862
Big Fish,70000000,14.739982999999999,2003,122919055,125,7.6,2064
Kingsman: The Secret Service,81000000,28.224211999999998,2015,414351546,130,7.6,6069
Jurassic Park,63000000,8.863776,1993,920100000,127,7.6,4956
Mulan,90000000,21.180857,1998,304320254,88,7.6,2089
Nightcrawler,8500000,21.277073,2014,38697217,117,7.6,3475
Dunkirk,100000000,30.938854,2017,519876949,107,7.5,2712
"Monsters, Inc.",115000000,26.419961999999998,2001,562816256,92,7.5,6150
Brokeback Mountain,14000000,11.787044,2005,178043761,134,7.5,1531
Ferris Bueller's Day Off,6000000,12.724644999999999,1986,70136369,103,7.5,1340
Die Hard,28000000,16.640522,1988,140767956,131,7.5,4005
Shaun of the Dead,4000000,14.902948,2004,30039392,99,7.5,2479
Batman Begins,150000000,28.505340999999998,2005,374218673,140,7.5,7511
Little Miss Sunshine,8000000,5.320117,2006,100523181,102,7.5,1728
Pirates of the Caribbean: The Curse of the Black Pearl,140000000,47.326665000000006,2003,655011224,143,7.5,7191
Harry Potter and the Goblet of Fire,150000000,24.903057999999998,2005,895921036,157,7.5,5758
Harry Potter and the Deathly Hallows: Part 1,250000000,23.300362,2010,954305868,146,7.5,5708
Harry Potter and the Philosopher's Stone,125000000,38.187238,2001,976475550,152,7.5,7188
Manchester by the Sea,9000000,12.821257,2016,75026965,135,7.5,1553
Ratatouille,150000000,20.508029999999998,2007,623722818,111,7.5,4510
How to Train Your Dragon,165000000,14.416681,2010,494878759,98,7.5,4319
Cast Away,90000000,21.296343,2000,429632142,143,7.5,3304
Fantastic Mr. Fox,40000000,8.695893,2009,46471023,87,7.5,1206
Beauty and the Beast,25000000,23.433511,1991,377350553,84,7.5,3029
A Walk to Remember,11000000,8.054499,2002,41227069,101,7.5,1057
Platoon,6000000,18.206972,1986,138530565,120,7.5,1236
Seven Pounds,55000000,21.708267000000003,2008,168167691,123,7.5,2092
Still Alice,5000000,8.823253,2014,43884652,99,7.5,1126
Star Wars: The Force Awakens,245000000,31.626013,2015,2068223624,136,7.5,7993
X-Men: Days of Future Past,250000000,26.058586,2014,747862775,131,7.5,6155
Rocky,1000000,14.774066,1976,117235147,119,7.5,1843
The Blues Brothers,27000000,10.076901,1980,115229890,133,7.5,1092
"Lock, Stock and Two Smoking Barrels",1350000,4.60786,1998,3897569,105,7.5,1671
Gattaca,36000000,12.89312,1997,12532777,106,7.5,1846
Boyhood,4000000,6.430591000000001,2014,44349000,164,7.5,2008
The Exorcist,8000000,12.137595,1973,441306145,122,7.5,2046
Jaws,7000000,19.726114000000003,1975,470654000,124,7.5,2628
Edward Scissorhands,20000000,17.612244,1990,53000000,105,7.5,3731
The Game,50000000,14.825586999999999,1997,109423648,129,7.5,1556
The Lego Movie,60000000,16.418132999999997,2014,469160692,100,7.5,3127
Titanic,200000000,26.88907,1997,1845034188,194,7.5,7770
Blow,53000000,12.332222999999999,2001,83282296,124,7.4,1352
Twelve Monkeys,29500000,12.297305,1995,168840000,129,7.4,2470
Fury,68000000,36.713807,2014,211817906,135,7.4,4028
Star Trek,150000000,15.362632000000001,2009,385680446,127,7.4,4574
Back to the Future Part II,40000000,13.689855,1989,332000000,108,7.4,3926
Birdman,18000000,18.193263,2014,103215094,119,7.4,4657
The Danish Girl,15000000,11.245661,2015,64191523,120,7.4,1689
The Conjuring,13000000,14.901689999999999,2013,318000141,112,7.4,3169
Aladdin,28000000,16.357419,1992,504050219,90,7.4,3495
Harry Potter and the Half-Blood Prince,250000000,19.083723000000003,2009,933959197,153,7.4,5435
Halloween,300000,13.672759,1978,70000000,91,7.4,1066
The Royal Tenenbaums,21000000,9.707542,2001,71441250,110,7.4,1317
Groundhog Day,14600000,12.989627,1993,70906973,101,7.4,2358
Lucky Number Slevin,27000000,11.15092,2006,56308881,110,7.4,1356
Anastasia,53000000,11.911173,1997,139804348,94,7.4,1481
Children of Men,76000000,14.114606,2006,69959751,109,7.4,2120
Rogue One: A Star Wars Story,200000000,36.567575,2016,1056057273,133,7.4,5111
Blood Diamond,100000000,12.477872,2006,170877916,143,7.4,2344
American Sniper,58800000,19.228561,2014,542307423,133,7.4,4600
Hot Fuzz,12000000,13.535195000000002,2007,80573774,121,7.4,2252
Harry Potter and the Chamber of Secrets,100000000,29.741452000000002,2002,876688482,161,7.4,5966
Harry Potter and the Order of the Phoenix,150000000,21.3643,2007,938212738,138,7.4,5633
Atonement,30000000,8.913338000000001,2007,129266061,123,7.4,1075
American Gangster,100000000,9.644542,2007,266465037,157,7.4,1527
Serenity,39000000,11.919995,2005,38869464,119,7.4,1287
In Bruges,15000000,9.895652,2008,34533783,107,7.4,1414
Iron Man,140000000,22.073099,2008,585174222,126,7.4,8951
Deadpool,58000000,187.860492,2016,783112979,108,7.4,11444
Lone Survivor,40000000,10.855502,2013,149295601,121,7.4,1549
The Goonies,19000000,14.280702999999999,1985,61503218,114,7.4,1563
The Incredibles,92000000,22.220214000000002,2004,631442092,115,7.4,5290
Midnight in Paris,30000000,11.43256,2011,151119219,94,7.4,2049
Star Trek Into Darkness,190000000,15.78129,2013,467365246,132,7.4,4479
The Age of Adaline,25000000,10.542026,2015,65663276,112,7.4,2052
Office Space,10000000,12.329066000000001,1999,12827813,89,7.4,1068
The Hunger Games: Catching Fire,130000000,25.309139000000002,2013,847423452,146,7.4,6656
Mary Poppins,6000000,15.11549,1964,102272727,139,7.4,1217
Donnie Brasco,35000000,12.201953999999999,1997,41954997,127,7.4,1175
The Avengers,220000000,89.887648,2012,1519557910,143,7.4,12000
The Wizard of Oz,2777000,22.064932000000002,1939,33754967,102,7.4,1689
Drive,15000000,15.388875,2011,78054825,100,7.4,3832
Moulin Rouge!,52500000,13.691781,2001,179213434,127,7.4,1348
The Terminator,6400000,19.293561999999998,1984,78371200,108,7.4,4208
Tangled,260000000,14.684760999999998,2010,591794936,100,7.4,3419
Hercules,85000000,14.048694,1997,252712101,93,7.3,1741
Lost in Translation,4000000,11.609441,2003,119723856,102,7.3,1943
Black Swan,13000000,12.989056,2010,327803731,108,7.3,4562
If I Stay,11000000,9.659244000000001,2014,78874843,106,7.3,1415
The Bourne Identity,60000000,21.040126,2002,214034224,119,7.3,3640
Pitch Perfect,17000000,11.03595,2012,115350426,112,7.3,2310
10 Things I Hate About You,16000000,12.069966,1999,53478166,97,7.3,1768
Road to Perdition,80000000,13.426684,2002,181001478,117,7.3,1102
Moonlight,4000000,14.171675,2016,65046687,111,7.3,1831
Unbroken,65000000,10.543955,2014,163442937,137,7.3,1437
The Bourne Ultimatum,70000000,18.173269,2007,442824138,115,7.3,2938
Mad Max: Fury Road,150000000,29.36178,2015,378858340,120,7.3,9629
The Longest Ride,34000000,10.264416,2015,63013281,128,7.3,1083
Zodiac,65000000,19.083823000000002,2007,84785914,157,7.3,2080
Carol,11800000,8.364201,2015,40272135,118,7.3,1014
E.T. the Extra-Terrestrial,10500000,19.358546,1982,792965326,115,7.3,3359
Gravity,105000000,18.50194,2013,716392705,91,7.3,5879
The Fifth Element,90000000,24.30526,1997,263920180,126,7.3,3962
Moana,150000000,9.143457,2016,643034466,107,7.3,3471
Casino Royale,150000000,23.065078,2006,599045960,144,7.3,3930
Ghostbusters,30000000,22.089729000000002,1984,295212467,107,7.3,2431
Man on Fire,70000000,9.635691,2004,130293714,146,7.3,1583
Apollo 13,52000000,18.761467,1995,355237933,140,7.3,1637
Apocalypto,40000000,7.735233,2006,120175290,139,7.3,1252
The Great Gatsby,105000000,17.598936,2013,351040419,143,7.3,3885
Jackie Brown,12000000,16.415498,1997,39673162,154,7.3,1580
Saving Mr. Banks,35000000,15.130888,2013,112544580,125,7.3,1256
Now You See Me,75000000,17.852022,2013,117698894,115,7.3,5635
Inside Man,45000000,13.393548000000001,2006,184376254,129,7.3,1671
Avengers: Age of Ultron,280000000,37.37942,2015,1405403694,141,7.3,6908
The Artist,15000000,11.440947999999999,2011,133432856,100,7.3,1075
"O Brother, Where Art Thou?",26000000,12.434175,2000,71868327,106,7.3,1144
The Revenant,135000000,23.501228,2015,532950503,156,7.3,6558
Predator,18000000,18.495694,1987,98235548,107,7.3,2129
Creed,37000000,33.449723,2015,173567581,133,7.3,1963
Frozen,150000000,24.248243,2013,1274219009,102,7.3,5440
Begin Again,8000000,10.289628,2013,63464861,104,7.3,1285
The Last Samurai,140000000,19.582325,2003,456758981,154,7.3,1946
Coraline,60000000,16.639915,2009,124596398,100,7.3,1432
District 9,30000000,11.589835,2009,210819611,112,7.3,3451
The Curious Case of Benjamin Button,150000000,17.934821,2008,333932083,166,7.3,3398
Dawn of the Planet of the Apes,170000000,75.385211,2014,710644566,130,7.3,4511
The Wrestler,6000000,7.903956,2008,44703995,109,7.3,1031
Training Day,45000000,13.664622,2001,104876233,122,7.3,1665
American Psycho,7000000,13.686715,2000,34266564,102,7.3,2128
Furious 7,190000000,27.275686999999998,2015,1506249360,137,7.3,4253
Predestination,5500000,10.524204,2014,3000000,97,7.3,1971
The Big Short,28000000,13.143061,2015,133346506,130,7.3,2679
Shrek,60000000,17.987728,2001,484409218,90,7.3,4183
Toy Story 2,90000000,17.547693,1999,497366869,92,7.3,3914
The Machinist,5000000,10.737565,2004,8203235,101,7.3,1280
Southpaw,30000000,12.370125999999999,2015,91709827,123,7.3,2112
Being John Malkovich,13000000,11.416319,1999,22863596,112,7.3,1124
The Butterfly Effect,13000000,12.994939,2004,96060858,113,7.3,2119
Changeling,55000000,11.672394,2008,113020255,141,7.3,1151
Sin City,40000000,15.010525,2005,158733820,124,7.2,2755
Finding Neverland,25000000,15.529604,2004,116766556,106,7.2,1269
The Bourne Supremacy,75000000,20.40426,2004,288500217,108,7.2,2873
Get Out,5000000,36.894806,2017,252434250,104,7.2,2978
Crash,6500000,9.785147,2004,98410061,112,7.2,1172
The Judge,50000000,17.887943,2014,83719388,141,7.2,1433
Corpse Bride,40000000,12.920032,2005,117195061,77,7.2,1957
Baby Driver,34000000,228.032744,2017,224511319,113,7.2,2083
Saw,1200000,23.508433,2004,103911669,103,7.2,2255
The Butler,25000000,11.061894,2013,115922175,132,7.2,1134
Match Point,15000000,9.020372,2005,85306374,124,7.2,1134
Chef,11000000,8.720309,2014,45967935,114,7.2,1203
Les Misérables,61000000,13.52408,2012,441809770,157,7.2,1925
Life of Pi,120000000,14.045042,2012,609016565,127,7.2,5912
End of Watch,7000000,7.452789999999999,2012,48126384,109,7.2,1186
The Girl with the Dragon Tattoo,90000000,8.907829,2011,232617430,158,7.2,2479
Fantastic Beasts and Where to Find Them,180000000,41.051421000000005,2016,809342332,133,7.2,5612
True Grit,38000000,10.730765,2010,252276927,110,7.2,1701
The Fighter,25000000,14.141836999999999,2010,93617009,116,7.2,1512
Sicario,30000000,19.511221,2015,84025816,121,7.2,2465
Wonder Woman,149000000,294.337037,2017,820580447,141,7.2,5025
Avatar,237000000,185.070892,2009,2787965087,162,7.2,12114
The Blind Side,29000000,12.753109,2009,309208309,129,7.2,1626
Law Abiding Citizen,53000000,16.639047,2009,126690726,109,7.2,1522
The Lego Batman Movie,80000000,17.070748,2017,311950384,104,7.2,1473
Bridge of Spies,40000000,13.707888,2015,165478348,141,7.2,2633
Zombieland,23600000,11.063029,2009,102391382,88,7.2,3655
(500) Days of Summer,7500000,16.376657,2009,60722734,95,7.2,2993
The Hangover,35000000,23.947351,2009,459270619,100,7.2,6324
Brooklyn,11000000,7.991613,2015,62076141,111,7.2,1235
Nocturnal Animals,22500000,18.908782,2016,29252978,116,7.2,1990
Taken,25000000,16.367481,2008,226830568,93,7.2,4444
Hell or High Water,12000000,12.565896,2016,37589296,102,7.2,1304
Gone Baby Gone,19000000,6.148516000000001,2007,34619699,113,7.2,1034
Stardust,70000000,14.784525,2007,135560026,127,7.2,1215
Arrival,47000000,30.83786,2016,203388186,113,7.2,5729
Scott Pilgrim vs. the World,60000000,13.793301000000001,2010,47664559,112,7.2,2185
The Hurt Locker,15000000,9.403724,2008,42000000,131,7.2,1881
The Devil's Advocate,57000000,10.920124000000001,1997,152944660,144,7.2,1414
A Nightmare on Elm Street,1800000,13.694713,1984,25504513,91,7.2,1212
Contact,90000000,14.374866,1997,171120329,150,7.2,1338
Black Hawk Down,92000000,10.064446,2001,172989651,144,7.2,1832
Interview with the Vampire,60000000,11.970205,1994,223664608,123,7.2,1558
Fear and Loathing in Las Vegas,18500000,9.220346000000001,1998,10680275,118,7.2,1321
Ocean's Eleven,85000000,12.114932000000001,2001,450717150,116,7.2,3857
First Blood,15000000,14.778884,1982,125212904,93,7.2,1523
Grease,6000000,7.8548990000000005,1978,181813770,110,7.2,1633
The Fugitive,44000000,10.089369999999999,1993,368875760,130,7.2,1240
Close Encounters of the Third Kind,20000000,10.610446000000001,1977,303788635,135,7.2,1122
The Emperor's New Groove,100000000,12.297375,2000,169327687,78,7.2,1544
Goldfinger,2500000,13.788839999999999,1964,124881062,110,7.2,1005
Who Framed Roger Rabbit,70000000,16.78596,1988,329803958,104,7.2,1466
The Little Mermaid,40000000,17.496832,1989,222300000,83,7.2,1921
Enemy at the Gates,68000000,10.704813,2001,96976270,131,7.2,1023
Home Alone,18000000,0.702543,1990,476684675,103,7.1,2487
Mission: Impossible - Rogue Nation,150000000,17.836882,2015,682330139,131,7.1,3274
The Social Network,40000000,16.972995,2010,224920315,120,7.1,3492
The Illusionist,40000000,11.494009,2006,86915017,110,7.1,1657
The Naked Gun: From the Files of Police Squad!,12000000,15.698222,1988,78756177,85,7.1,1020
Tarzan,150000000,12.453452,1999,448000000,88,7.1,1715
Despicable Me,69000000,22.274502,2010,543513985,95,7.1,6595
Beetlejuice,15000000,10.627364,1988,73326666,92,7.1,1475
Nerve,19000000,14.9837,2016,85241496,96,7.1,2262
The Intern,35000000,15.651704999999998,2015,194564672,121,7.1,1926
Back to the Future Part III,40000000,13.043999000000001,1990,244527583,118,7.1,2978
The Fly,15000000,13.534589000000002,1986,60629159,96,7.1,1038
Identity,30000000,17.955897,2003,90259536,90,7.1,1090
Kick-Ass,28000000,17.26045,2010,96188903,117,7.1,4747
The Jungle Book,4000000,22.845448,1967,205843612,78,7.1,1791
Gangs of New York,100000000,14.922398999999999,2002,193772504,167,7.1,1964
28 Days Later,5000000,17.656951,2002,82719885,113,7.1,1816
Indiana Jones and the Temple of Doom,28000000,15.802306,1984,333000000,118,7.1,2841
The Aristocats,4000000,9.834047,1970,55675257,78,7.1,1287
The Equalizer,55000000,17.618057,2014,192330738,132,7.1,2997
Perfume: The Story of a Murderer,50000000,10.297303999999999,2006,132180323,147,7.1,1198
The Godfather: Part III,54000000,17.185349,1990,136766062,162,7.1,1589
The Man from U.N.C.L.E.,75000000,14.656875,2015,108145109,116,7.1,2306
Dirty Dancing,6000000,14.044122,1987,213954274,100,7.1,1371
Star Wars: Episode III - Revenge of the Sith,113000000,13.165420999999998,2005,850000000,140,7.1,4200
Minority Report,102000000,20.666063,2002,358372926,145,7.1,2663
Dracula,40000000,16.777675,1992,215862692,128,7.1,1087
RoboCop,13000000,13.485582999999998,1987,53000000,102,7.1,1494
Captain America: Civil War,250000000,145.882135,2016,1153304495,147,7.1,7462
X-Men: First Class,160000000,0.738633,2011,353624124,132,7.1,5252
Fast Five,125000000,1.420361,2011,626137675,130,7.1,2491
Eyes Wide Shut,65000000,13.268483999999999,1999,162091208,159,7.1,1266
Total Recall,65000000,12.954444,1990,261317921,113,7.1,1745
Source Code,32000000,9.796961999999999,2011,147332697,93,7.1,2752
Argo,44500000,14.238234,2012,232324128,120,7.1,3473
Wreck-It Ralph,165000000,13.697597,2012,471222889,108,7.1,4656
The Hobbit: The Battle of the Five Armies,250000000,31.718977000000002,2014,956019788,144,7.1,4884
The Terminal,60000000,14.092373,2004,219417255,128,7.1,1974
Lilo & Stitch,80000000,18.469238,2002,145771527,85,7.1,1371
Airplane!,3500000,13.063203,1980,83453539,88,7.1,1104
Limitless,27000000,12.114955,2011,161849455,105,7.1,3888
Rise of the Guardians,145000000,10.943775,2012,306941670,97,7.1,1981
Ice Age,59000000,17.328902,2002,383257136,81,7.1,3954
Doctor Strange,165000000,43.847654,2016,677718395,115,7.1,5880
Sweeney Todd: The Demon Barber of Fleet Street,50000000,10.038401,2007,152000000,116,7.0,1745
Alice in Wonderland,3000000,16.488937,1951,572000000,75,7.0,1557
P.S. I Love You,30000000,10.304881,2007,156835339,126,7.0,1011
Maleficent,180000000,19.467404000000002,2014,758539785,97,7.0,4607
The Bucket List,45000000,9.070642999999999,2007,175372502,97,7.0,1138
Juno,7500000,11.791591,2007,231411584,96,7.0,2313
Ant-Man,130000000,26.882388,2015,519311965,117,7.0,6029
22 Jump Street,50000000,10.901496,2014,188441614,112,7.0,3375
Superbad,20000000,16.205105,2007,121463226,113,7.0,2152
Scream,14000000,13.326443,1996,173046663,111,7.0,1520
Bridge to Terabithia,60000000,8.460206,2007,137587063,96,7.0,1146
Lethal Weapon,15000000,13.183804,1987,120207127,110,7.0,1367
300,65000000,18.108407999999997,2006,422610419,117,7.0,5092
Watchmen,130000000,16.551503,2009,185258983,163,7.0,2892
Sunshine,50000000,12.715571,2007,32017803,107,7.0,1210
The Maze Runner,34000000,76.93789,2014,348319861,113,7.0,5540
John Wick,20000000,183.870374,2014,88761661,101,7.0,5499
Peter Pan,4000000,16.861532999999998,1953,87404651,77,7.0,1380
War Horse,66000000,8.166363,2011,177584879,146,7.0,1016
The NeverEnding Story,27000000,14.225919000000001,1984,20158808,102,7.0,1031
Split,9000000,28.920839,2016,276921998,117,7.0,4461
Monsters University,200000000,16.267502,2013,743559607,104,7.0,3622
Pretty Woman,14000000,13.348451,1990,463000000,119,7.0,1807
127 Hours,18000000,11.176797,2010,35692920,94,7.0,2668
Mud,10000000,7.8815789999999994,2013,21587700,130,7.0,1080
The Impossible,42000000,10.027434,2012,180274123,113,7.0,2071
The Hobbit: An Unexpected Journey,250000000,23.253089000000003,2012,1021103568,169,7.0,8427
The Aviator,116000000,9.86738,2004,102000000,170,7.0,1526
Silver Linings Playbook,21000000,14.488110999999998,2012,205738714,122,7.0,4840
Love Actually,40000000,10.586815,2003,244931766,135,7.0,1917
"Crazy, Stupid, Love.",50000000,10.246172999999999,2011,142851197,118,7.0,2522
Blue Jasmine,18000000,12.61244,2013,99206215,98,7.0,1126
One Day,15000000,11.239011999999999,2011,59389433,107,7.0,1006
Collateral,65000000,13.455112,2004,217764291,120,7.0,1476
The Vow,30000000,9.524298,2012,196114570,104,7.0,1328
Rise of the Planet of the Apes,93000000,41.613762,2011,482860185,105,7.0,4452
Moneyball,50000000,15.785663000000001,2011,110206216,133,7.0,1409
50/50,8000000,11.869481,2011,39187783,100,7.0,1287
Robin Hood,15000000,11.179855,1973,32056467,83,7.0,1155
Sherlock Holmes: A Game of Shadows,125000000,18.695329,2011,334615000,129,7.0,3971
Hugo,170000000,14.046164000000001,2011,185770160,126,7.0,2197
Despicable Me 2,76000000,24.82355,2013,970761885,98,7.0,4729
The Town,37000000,13.081203,2010,154026136,125,7.0,1516
Sully,60000000,18.275689,2016,238470033,96,7.0,2106
Snowden,40000000,14.384554,2016,37279439,134,7.0,1285
Pirates of the Caribbean: Dead Man's Chest,200000000,29.455314,2006,1065659812,151,7.0,5380
The Devil Wears Prada,35000000,13.102383999999999,2006,326551094,109,7.0,3198
Batman,35000000,19.10673,1989,411348924,126,7.0,2145
The Secret Life of Walter Mitty,90000000,8.684892,2013,188133322,114,7.0,3213
Invictus,60000000,9.109838,2009,122233971,134,7.0,1150
Mrs. Doubtfire,25000000,11.16553,1993,441286195,125,7.0,1638
Lord of War,42000000,8.745216000000001,2005,24127895,122,7.0,1356
Sherlock Holmes,90000000,15.68604,2009,524028679,128,7.0,5883
The Nice Guys,50000000,16.075615,2016,62788218,116,7.0,2382
The Conjuring 2,40000000,14.767317,2016,320170008,134,7.0,2018
Notting Hill,42000000,9.874042999999999,1999,363889678,124,7.0,1309
Big,18000000,9.562292,1988,151668774,104,6.9,1022
Jumanji,65000000,17.015539,1995,262797249,104,6.9,2413
Divergent,85000000,21.572585,2014,288747895,139,6.9,4784
Cube,250000,12.095263000000001,1997,501818,90,6.9,1101
Sleepy Hollow,100000000,11.072361,1999,206071502,105,6.9,1774
Marley & Me,60000000,9.729747999999999,2008,244082376,115,6.9,1392
Gremlins,11000000,11.333125,1984,153083102,106,6.9,1629
Superman,55000000,15.460102,1978,300218018,143,6.9,1042
I Am Legend,150000000,11.379355,2007,585349010,101,6.9,4977
Men in Black,90000000,15.781023999999999,1997,589390539,98,6.9,4521
Skyfall,200000000,20.309585000000002,2012,1108561013,143,6.9,7718
The Hunger Games,75000000,20.031667000000002,2012,691210692,142,6.9,9634
Kung Fu Panda,130000000,16.897541,2008,631744560,90,6.9,3231
Unbreakable,75000000,14.67855,2000,248118121,106,6.9,1994
Meet Joe Black,90000000,14.026744,1998,142940100,178,6.9,1174
Troy,175000000,15.387275,2004,497409852,163,6.9,2841
Shooter,61000000,14.246917999999999,2007,95696996,124,6.9,1495
Mean Girls,17000000,11.454835000000001,2004,129042871,97,6.9,2401
Die Hard: With a Vengeance,90000000,15.138855,1995,366101666,128,6.9,2094
Pirates of the Caribbean: At World's End,300000000,31.363664,2007,961000000,169,6.9,4627
The Walk,35000000,9.425787,2015,61181942,123,6.9,1151
Babel,25000000,12.60853,2006,135330182,143,6.9,1083
From Dusk Till Dawn,19000000,15.339153,1996,25836616,108,6.9,1644
Pinocchio,2600000,14.202283999999999,1940,84300000,88,6.9,1412
The Simpsons Movie,75000000,14.302910999999998,2007,527068851,87,6.9,2335
Snow White and the Seven Dwarfs,1488423,16.263878,1937,184925486,83,6.9,1973
The Rock,75000000,13.249823999999998,1996,335062621,136,6.9,1474
Equilibrium,20000000,12.671636999999999,2002,5359645,107,6.9,1584
Collateral Beauty,36000000,14.575883,2016,87416021,97,6.9,1553
Spy,65000000,13.257467000000002,2015,235666219,120,6.9,2590
Ghost,22000000,11.945397,1990,505000000,127,6.9,1381
The Accountant,44000000,13.465656,2016,155160045,128,6.9,2121
3:10 to Yuma,55000000,18.079094,2007,70016220,122,6.9,1210
The Place Beyond the Pines,15000000,7.4926580000000005,2013,35485608,140,6.8,1689
Sleeping Beauty,6000000,14.276169,1959,51000000,75,6.8,1332
The Road,32000000,14.958098000000001,2009,27635305,111,6.8,1113
Steve Jobs,30000000,16.224866,2015,34441873,122,6.8,1608
A.I. Artificial Intelligence,100000000,13.249364000000002,2001,235926552,146,6.8,2011
Sinister,3000000,12.490637,2012,77712439,110,6.8,1611
Hotel Transylvania,85000000,16.231945,2012,358375603,91,6.8,2622
The Hunchback of Notre Dame,100000000,13.553999,1996,100138851,91,6.8,1182
Rush Hour,33000000,11.840557,1998,244386864,98,6.8,1254
X2,110000000,0.9130959999999999,2003,407711549,133,6.8,3572
The Spectacular Now,2500000,8.098964,2013,6854611,95,6.8,1074
8 Mile,41000000,8.374355,2002,215000000,110,6.8,1676
Non-Stop,50000000,19.650229,2014,222809600,106,6.8,2302
One Hundred and One Dalmatians,4000000,15.727519000000001,1961,215880014,79,6.8,1643
A Monster Calls,43000000,24.483893,2016,46652768,108,6.8,1023
Speed,30000000,10.859292,1994,350448145,116,6.8,1814
School of Rock,35000000,17.951420000000002,2003,131282949,108,6.8,1454
Insidious,1500000,17.24814,2010,97009150,103,6.8,1775
Iron Man 3,200000000,23.721242999999998,2013,1215439994,130,6.8,8951
Bambi,858000,13.698132000000001,1942,267447150,70,6.8,1450
The Patriot,110000000,15.960788,2000,215294342,165,6.8,1130
The Croods,135000000,14.757874,2013,585178928,98,6.8,2447
True Lies,115000000,11.396099000000001,1994,378882411,141,6.8,1138
Face/Off,80000000,11.467391000000001,1997,245676146,138,6.8,1612
Finding Dory,200000000,14.477677,2016,1028570889,97,6.8,4333
Pitch Perfect 2,29000000,15.862632000000001,2015,287506194,115,6.8,1997
Home,135000000,13.422713,2015,368871007,94,6.8,1539
Insomnia,46000000,11.424974,2002,113714830,118,6.8,1181
10 Cloverfield Lane,15000000,14.421528,2016,108286421,103,6.8,2537
The Fate of the Furious,250000000,48.573287,2017,1238764765,136,6.8,3803
American Hustle,40000000,16.478036,2013,251171807,138,6.8,2868
Beauty and the Beast,160000000,287.253654,2017,1262886337,129,6.8,5530
The DUFF,8500000,8.592449,2015,43528634,100,6.8,1372
Spider-Man,139000000,29.413341,2002,821708551,121,6.8,5398
A Bug's Life,120000000,16.869208999999998,1998,363258859,95,6.8,2379
Mission: Impossible - Ghost Protocol,145000000,14.258429999999999,2011,694713380,133,6.8,4026
Thor: The Dark World,170000000,34.905446999999995,2013,644571402,112,6.8,4873
Dumbo,812000,14.655879,1941,1600000,64,6.8,1206
Big Eyes,10000000,7.412826,2014,28883511,105,6.8,1236
Cinderella,2900000,14.436857999999999,1950,263591415,74,6.8,1760
Sing,75000000,20.045673,2016,632443719,108,6.8,2363
Dawn of the Dead,28000000,13.157873,2004,102356381,101,6.8,1039
We're the Millers,37000000,18.474368,2013,269994119,110,6.8,3053
Lawless,26000000,7.968423,2012,53676580,115,6.8,1055
War Dogs,40000000,16.453573,2016,86234523,114,6.8,1392
X-Men,75000000,0.954467,2000,296339527,104,6.8,4172
Pacific Rim,180000000,33.949359,2013,407602906,131,6.7,4903
Escape Plan,50000000,14.191610999999998,2013,122915111,115,6.7,1688
The World's End,20000000,9.830382,2013,46089287,109,6.7,1820
"The Chronicles of Narnia: The Lion, the Witch and the Wardrobe",180000000,18.13542,2005,748806957,143,6.7,2709
Now You See Me 2,90000000,39.540653,2016,334901337,129,6.7,3362
Don't Breathe,9900000,25.869883,2016,157100845,88,6.7,1830
World War Z,200000000,26.114917000000002,2013,531865000,116,6.7,5683
Top Gun,15000000,20.301019,1986,356830601,110,6.7,1736
Easy A,8000000,15.138144,2010,74952305,92,6.7,2282
Brave,185000000,15.876341,2012,538983207,93,6.7,4760
War for the Planet of the Apes,152000000,146.161786,2017,369907963,140,6.7,1675
The Adventures of Tintin,130000000,19.201504,2011,371940071,107,6.7,2095
In Time,40000000,10.324613000000001,2011,173930596,109,6.7,3512
Spider-Man 2,200000000,10.834506,2004,783766341,127,6.7,4432
Anchorman: The Legend of Ron Burgundy,26000000,10.330119999999999,2004,90574188,94,6.7,1523
"I, Robot",120000000,14.43075,2004,347234916,115,6.7,3889
Pitch Black,23000000,6.424399,2000,53187659,108,6.7,1812
Pocahontas,55000000,13.280069000000001,1995,346079773,81,6.7,1509
John Wick: Chapter 2,40000000,49.247505,2017,171539887,122,6.7,2924
21 Jump Street,42000000,11.250764,2012,201585328,109,6.7,4151
Shrek 2,150000000,16.229860000000002,2004,919838758,93,6.7,3082
Fast & Furious 6,160000000,1.6576369999999998,2013,788679850,130,6.7,5282
Kung Fu Panda 2,150000000,11.481921,2011,665692281,91,6.7,1925
Passengers,110000000,20.303632,2016,303144152,116,6.7,4134
Hook,70000000,14.508137,1991,300854823,144,6.7,1563
Lemony Snicket's A Series of Unfortunate Events,140000000,12.817945,2004,209073645,108,6.7,1521
Seven Psychopaths,15000000,9.643538000000001,2012,19422261,110,6.7,1224
Trolls,125000000,16.83711,2016,346864462,92,6.7,1054
Charlie and the Chocolate Factory,150000000,22.038404999999997,2005,474968763,115,6.7,3759
Lincoln,65000000,10.680330999999999,2012,275293450,149,6.7,1456
Zero Dark Thirty,40000000,9.649303,2012,132820716,157,6.7,1723
Megamind,130000000,11.603905000000001,2010,321887208,95,6.7,1968
Kung Fu Panda 3,145000000,14.696548,2016,521170825,95,6.7,1630
Enemy of the State,90000000,12.978750999999999,1998,250649836,132,6.7,1266
The Princess and the Frog,105000000,16.616517,2009,267045765,97,6.7,1293
Orphan,20000000,8.730934,2009,41596251,123,6.7,1296
Step Up,12000000,14.21769,2006,114194847,104,6.7,1092
The Proposal,40000000,8.058337,2009,317375031,108,6.7,1858
Everest,55000000,10.758754,2015,203427584,121,6.7,1805
Phone Booth,13000000,9.142772,2002,97837138,81,6.7,1087
Mission: Impossible,80000000,15.793477,1996,457696359,110,6.7,2677
The Gift,5000000,8.585856,2015,58978653,108,6.7,1077
The Holiday,85000000,14.043416,2006,194168700,136,6.7,1259
Lethal Weapon 2,25000000,12.834276,1989,227853986,114,6.7,1066
Valkyrie,75000000,8.635464,2008,200276000,121,6.7,1195
Starship Troopers,105000000,14.412644,1997,121214377,129,6.7,1584
The Jungle Book,175000000,17.432758,2016,966550600,106,6.7,2977
Death Proof,25000000,13.412137,2007,25037897,113,6.7,1359
Vicky Cristina Barcelona,15000000,9.648539,2008,96408652,96,6.7,1050
Red Dragon,78000000,2.968157,2002,209196298,124,6.7,1142
The Lobster,4000000,11.223033000000001,2015,15656193,118,6.7,1340
Focus,50100000,10.035362,2015,153962963,105,6.7,2588
Cinderella,95000000,19.801128,2015,543514353,105,6.7,2426
Romeo + Juliet,14500000,11.774061,1996,147298761,120,6.7,1406
The Mist,18000000,8.435642,2007,57096190,126,6.7,1438
Atlantis: The Lost Empire,120000000,10.901602,2001,186053725,95,6.7,1257
Independence Day,75000000,17.634197,1996,816969268,145,6.7,3334
Hotel Transylvania 2,80000000,11.760218,2015,473226958,89,6.7,1528
Up in the Air,25000000,8.338562,2009,163670000,109,6.7,1246
The Matrix Reloaded,150000000,16.229317,2003,738599701,138,6.7,3500
Pearl Harbor,140000000,11.419388,2001,449220945,183,6.6,1833
Dredd,50000000,12.1524,2012,41037742,95,6.6,1971
The Hunger Games: Mockingjay - Part 2,160000000,26.628178000000002,2015,653428261,137,6.6,4117
Super 8,50000000,19.529911,2011,260095987,112,6.6,2496
A Christmas Carol,200000000,12.869273,2009,325233863,96,6.6,1137
Pineapple Express,27000000,8.461369,2008,101624843,111,6.6,1169
Looper,30000000,12.727269,2012,47042000,118,6.6,4777
50 First Dates,75000000,11.134888,2004,196482882,99,6.6,2161
Captain America: The First Avenger,140000000,19.323582000000002,2011,370569774,124,6.6,7174
Thor,150000000,29.158489000000003,2011,449326618,115,6.6,6678
Star Trek Beyond,185000000,20.659284,2016,343471816,122,6.6,2636
Ender's Game,110000000,12.500305,2013,125537191,114,6.6,2354
The Good Dinosaur,175000000,12.319595,2015,331926147,93,6.6,1782
Meet the Parents,55000000,14.178281,2000,330444045,108,6.6,1743
King Kong,207000000,19.761164,2005,550000000,187,6.6,2403
The Cabin in the Woods,30000000,14.811957999999999,2012,66486080,95,6.6,2314
Chappie,49000000,30.206365,2015,104399548,120,6.6,3124
Cloud Atlas,102000000,13.494245999999999,2012,130482868,172,6.6,3031
The Transporter,21000000,13.217421,2002,43928932,92,6.6,1724
GoldenEye,58000000,14.686035999999998,1995,352194034,130,6.6,1194
The Book of Eli,80000000,14.39853,2010,157107755,118,6.6,2207
The Italian Job,60000000,13.995044,2003,176070171,110,6.6,1949
Enchanted,85000000,11.447797999999999,2007,340487652,107,6.6,1512
Real Steel,110000000,19.265552,2011,299268508,127,6.6,2749
Dear John,25000000,8.371478999999999,2010,114977104,115,6.6,1302
Die Hard 2,70000000,18.785984,1990,240031094,124,6.6,1920
It Follows,2000000,20.359336,2015,14674076,100,6.6,1894
Panic Room,48000000,14.969501999999999,2002,196397415,111,6.6,1303
Batman Returns,80000000,15.001681,1992,280000000,126,6.6,1706
Pirates of the Caribbean: Dead Men Tell No Tales,230000000,133.82782,2017,794191988,129,6.6,2814
Cars,120000000,18.907948,2006,461983149,117,6.6,3991
Chronicle,15000000,12.47441,2012,145000000,84,6.6,1965
Transformers,150000000,5.587707,2007,709709780,144,6.6,4113
Disturbia,20000000,18.006895999999998,2007,117760134,105,6.6,1038
The Hunger Games: Mockingjay - Part 1,125000000,147.098006,2014,752100229,123,6.6,5767
The Purge: Anarchy,9000000,27.756026000000002,2014,108782847,104,6.6,2008
2 Guns,61000000,13.336511999999999,2013,131940411,109,6.6,1611
RED,58000000,12.595165,2010,71664962,111,6.6,2858
The Mummy,80000000,23.984065,1999,415885488,124,6.6,2796
Blended,40000000,10.395472,2014,123494610,117,6.6,1028
Underworld,22000000,20.624333,2003,95708457,121,6.6,2556
Déjà Vu,75000000,14.922904,2006,180557550,126,6.6,1519
The Call,13000000,8.611077,2013,68572378,94,6.6,1275
The Fast and the Furious,38000000,1.406181,2001,207283925,106,6.6,3485
9,30000000,18.502876999999998,2009,48428063,79,6.6,1291
Mad Max,400000,11.412619,1979,100000000,93,6.6,1235
Love & Other Drugs,30000000,7.575696000000001,2010,102820008,112,6.6,1268
Madagascar,75000000,16.136217000000002,2005,532680671,86,6.6,3322
Kingdom of Heaven,130000000,16.296471,2005,211643158,144,6.6,1187
The Lovely Bones,65000000,12.738789,2009,93525586,136,6.6,1101
Rango,135000000,10.581925,2011,245724603,107,6.6,2094
Crank,12000000,12.627593,2006,42931041,88,6.6,1172
Allied,85000000,13.085186,2016,119520023,124,6.6,1415
Constantine,100000000,9.615691,2005,230884728,121,6.6,1837
Iron Man 2,200000000,19.083344,2010,623933331,124,6.6,6969
The Mask,23000000,14.134879999999999,1994,351583407,101,6.6,2550
Bridget Jones's Diary,25000000,10.780524,2001,281929795,97,6.6,1397
The Hitchhiker's Guide to the Galaxy,50000000,13.257254999999999,2005,104478416,109,6.6,1340
Money Monster,27000000,11.953822,2016,93282604,98,6.5,1096
Miss Peregrine's Home for Peculiar Children,110000000,36.262655,2016,296485719,127,6.5,3213
Man of Steel,225000000,18.538834,2013,662845518,143,6.5,6462
The Amazing Spider-Man 2,200000000,26.23687,2014,705717432,142,6.5,4274
The Heat,43000000,12.706403,2013,158674180,117,6.5,1595
King Arthur: Legend of the Sword,175000000,44.251369,2017,146175066,126,6.5,1506
Deepwater Horizon,110000000,13.1984,2016,121790373,107,6.5,1478
Austin Powers: International Man of Mystery,16500000,11.749158999999999,1997,67683989,94,6.5,1033
Blade,45000000,15.043454,1998,131183530,120,6.5,1950
Alice Through the Looking Glass,170000000,14.61608,2016,299370084,113,6.5,1782
Space Jam,80000000,11.054250999999999,1996,250200000,88,6.5,1335
Project X,12000000,9.803023,2012,100000000,88,6.5,1624
Bad Boys,19000000,9.262184,1995,141407024,118,6.5,1729
Armageddon,140000000,13.235111999999999,1998,553799566,151,6.5,2540
Maze Runner: The Scorch Trials,61000000,41.225769,2015,311256926,132,6.5,3148
Penguins of Madagascar,132000000,22.201607,2014,373552094,92,6.5,1375
Jurassic World,150000000,32.790475,2015,1513528810,124,6.5,8842
The Babadook,2000000,8.832788,2014,6676471,93,6.5,1890
In the Heart of the Sea,100000000,11.696923,2015,93820758,122,6.5,1300
Con Air,75000000,11.545982,1997,224012234,115,6.5,1289
Flight,31000000,10.973822,2012,161772375,138,6.5,2449
There's Something About Mary,23000000,11.688958,1998,369884651,119,6.5,1616
Dumb and Dumber,16000000,9.844558000000001,1994,247275374,107,6.5,1894
The Amazing Spider-Man,215000000,31.102266999999998,2012,752215857,136,6.5,6734
Cloudy with a Chance of Meatballs,100000000,11.665693,2009,242988466,90,6.5,1799
Hellboy II: The Golden Army,85000000,11.928661,2008,160388063,120,6.5,1555
Paul,40000000,10.24382,2011,97552050,104,6.5,1825
Vanilla Sky,68000000,10.071057000000001,2001,203388341,136,6.5,1100
Mr. & Mrs. Smith,110000000,15.724373000000002,2005,478207520,120,6.5,3048
The Da Vinci Code,125000000,18.566706,2006,767820459,149,6.5,2773
Mission: Impossible III,150000000,15.687983,2006,397850012,126,6.5,2062
Burn After Reading,37000000,13.206798999999998,2008,163720069,96,6.5,1251
The Island,126000000,11.443647,2005,162949164,136,6.5,1813
Tropic Thunder,92000000,8.980941,2008,188072649,107,6.5,1707
Step Brothers,65000000,8.579638000000001,2008,128107642,98,6.5,1084
The Tree of Life,32000000,11.204539,2011,54674226,139,6.5,1009
21,35000000,8.33756,2008,69823199,123,6.5,1406
Bridesmaids,32500000,6.8109910000000005,2011,288383523,125,6.5,1697
Rio,90000000,10.403228,2011,484635760,96,6.5,2213
Hanna,30000000,8.071196,2011,63782078,111,6.5,1284
The Ring,48000000,13.740965,2002,249348933,115,6.5,1720
Ice Age: The Meltdown,80000000,16.646029000000002,2006,660940780,91,6.5,3034
Unknown,30000000,14.443598999999999,2011,130786397,113,6.5,1288
Borat: Cultural Learnings of America for Make Benefit Glorious Nation of Kazakhstan,18000000,8.278336,2006,261572744,82,6.5,1617
The Adjustment Bureau,50200000,9.420301,2011,127869379,106,6.5,1677
The Princess Diaries,37000000,7.387171,2001,165335153,115,6.5,1063
Hellboy,66000000,13.206854000000002,2004,99318987,122,6.5,2278
Friends with Benefits,35000000,10.009007,2011,150483765,109,6.5,2306
Angels & Demons,150000000,22.211558,2009,356613439,138,6.5,2183
Chicken Run,45000000,11.834245,2000,224834564,84,6.5,1190
Fast & Furious,85000000,1.498902,2009,363164265,107,6.5,2426
Public Enemies,80000000,10.364794,2009,214104620,140,6.5,1371
1408,25000000,9.196883999999999,2007,94679598,104,6.5,1372
Ocean's Thirteen,85000000,12.16276,2007,311312624,122,6.5,2040
Ice Age: Dawn of the Dinosaurs,90000000,12.980624,2009,886686817,94,6.5,2330
28 Weeks Later,15000000,12.884191,2007,64238440,100,6.5,1225
Underworld: Evolution,50000000,12.496805,2006,111340801,106,6.4,1548
Demolition Man,57000000,11.626116,1993,159055768,115,6.4,1018
Signs,72000000,11.211568,2002,408247917,106,6.4,1624
Live Free or Die Hard,110000000,14.886039000000002,2007,383531464,128,6.4,2122
Epic,100000000,11.913405000000001,2013,268426634,102,6.4,1143
Forgetting Sarah Marshall,30000000,15.106676,2008,105173115,111,6.4,1194
Warm Bodies,35000000,10.430238000000001,2013,116980662,97,6.4,2698
Rambo,50000000,9.915560000000001,2008,113244290,92,6.4,1009
Oblivion,120000000,14.654053,2013,286168572,124,6.4,4862
The Ugly Truth,38000000,8.450799,2009,205298907,96,6.4,1005
X-Men: Apocalypse,178000000,28.712521999999996,2016,543934787,144,6.4,4831
Evil Dead,17000000,12.01525,2013,97542952,91,6.4,1754
Cloverfield,25000000,12.868098,2008,170764026,85,6.4,2297
Minions,74000000,547.4882980000001,2015,1156730962,91,6.4,4729
Star Wars: Episode II - Attack of the Clones,120000000,14.072510999999999,2002,649398328,142,6.4,4074
Elysium,115000000,15.232738000000001,2013,286140700,109,6.4,3510
Bruce Almighty,80000000,15.947524,2003,484572835,101,6.4,3121
Side Effects,30000000,11.645847,2013,63372757,106,6.4,1340
Crimson Peak,55000000,13.492683999999999,2015,74679822,119,6.4,1494
Joy,60000000,12.975936,2015,101134059,124,6.4,1619
Night at the Museum,110000000,16.661966,2006,574480841,108,6.4,2949
Mamma Mia!,52000000,10.534436999999999,2008,609841637,108,6.4,1435
Let's Be Cops,17000000,15.962793,2014,136621271,104,6.4,1234
Ace Ventura: Pet Detective,15000000,11.247957000000001,1994,107217396,86,6.4,1684
The Grey,25000000,14.31675,2012,77278331,117,6.4,1476
Hannibal,87000000,2.48875,2001,351692268,131,6.4,1296
Alice in Wonderland,200000000,17.285093,2010,1025491110,108,6.4,4773
Final Destination,23000000,14.961416,2000,53302314,98,6.4,1416
Yes Man,70000000,9.756289,2008,225990978,104,6.4,1869
Rush Hour 2,90000000,8.345985,2001,347325802,90,6.4,1078
The Giver,25000000,12.472206,2014,66980456,94,6.4,1859
Secret Window,40000000,9.524283,2004,92913171,96,6.4,1007
The Polar Express,165000000,14.275360000000001,2004,305875730,100,6.4,1524
Horrible Bosses,35000000,9.856955000000001,2011,117000000,98,6.4,2341
National Treasure,100000000,18.932203,2004,347451894,131,6.4,1974
Ocean's Twelve,110000000,11.869347,2004,362744280,125,6.4,2169
Elf,32000000,8.754132,2003,173398518,97,6.4,1007
American Pie,11000000,18.344227,1999,235483004,95,6.4,2358
Wanted,75000000,12.457896,2008,258270008,110,6.4,2583
The Matrix Revolutions,150000000,15.368205,2003,424988211,129,6.4,3155
Star Wars: Episode I - The Phantom Menace,115000000,15.649091,1999,924317558,136,6.4,4526
Wedding Crashers,40000000,11.100597,2005,285176741,119,6.4,1406
Pirates of the Caribbean: On Stranger Tides,380000000,27.88772,2011,1045713802,136,6.4,5068
Resident Evil,33000000,7.781292999999999,2002,102984862,100,6.4,2100
Madagascar 3: Europe's Most Wanted,145000000,13.829042000000001,2012,746921274,93,6.4,1857
Liar Liar,45000000,10.102471000000001,1997,302710615,86,6.4,1456
Bolt,150000000,15.580915,2008,309979994,98,6.3,1798
Oculus,5000000,8.698042999999998,2013,44030246,104,6.3,1079
Lucy,40000000,36.447603,2014,126546825,89,6.3,6048
Warcraft,160000000,12.572718,2016,433677183,123,6.3,2325
Run All Night,50000000,16.838145,2015,71561644,114,6.3,1169
The Mask of Zorro,95000000,11.348096,1998,250288523,136,6.3,1211
Kick-Ass 2,28000000,13.570264000000002,2013,60700000,103,6.3,2275
The Chronicles of Narnia: Prince Caspian,225000000,12.490891,2008,419651413,150,6.3,1668
Blade II,54000000,17.050639999999998,2002,155010032,117,6.3,1556
Machete,20000000,7.120403,2010,31327899,105,6.3,1171
Eagle Eye,80000000,14.324875,2008,178066569,118,6.3,1038
White House Down,150000000,9.920223,2013,205366737,131,6.3,1910
The Wolverine,120000000,3.9182870000000003,2013,415440673,126,6.3,4110
Sin City: A Dame to Kill For,65000000,20.623642,2014,39407616,102,6.3,1314
Insidious: Chapter 3,10000000,10.098792,2015,104303851,97,6.3,1005
The Number 23,30000000,8.140941,2007,77566815,101,6.3,1045
The Blair Witch Project,60000,14.838385999999998,1999,248000000,81,6.3,1090
Safe House,85000000,8.338675,2012,208076205,115,6.3,1361
Why Him?,38000000,14.531429,2016,118034273,111,6.3,1203
Saw II,4000000,15.399863,2005,152925093,92,6.3,1288
Bad Boys II,130000000,8.191436,2003,273339556,147,6.3,1588
Just Go with It,80000000,9.267959,2011,214918407,117,6.3,1588
Life,58000000,36.263803,2017,100541806,103,6.3,1959
Lights Out,4900000,11.494907,2016,148868835,81,6.3,1174
13 Going on 30,37000000,12.632595,2004,96455697,98,6.3,1260
The Chronicles of Riddick,105000000,5.060352,2004,115772733,119,6.3,1593
Bad Moms,20000000,9.362056,2016,183936074,100,6.3,1287
The Lorax,70000000,7.689394999999999,2012,348840316,86,6.3,1048
Ted,50000000,19.638605,2012,549368315,106,6.3,4811
Home Alone 2: Lost in New York,18000000,13.293722,1992,358991681,120,6.3,2459
Prometheus,130000000,16.624854,2012,403170142,124,6.3,5152
Men in Black 3,225000000,10.684385,2012,624026776,106,6.3,4228
Power Rangers,100000000,23.247298,2017,142337240,124,6.3,1321
The Mechanic,40000000,9.832342,2011,51070807,93,6.3,1066
TRON: Legacy,170000000,21.259,2010,400062763,125,6.3,2895
The Witch,3500000,11.840138,2016,40423945,92,6.3,1471
Unstoppable,100000000,12.697059,2010,167805466,98,6.3,1193
Self/less,26000000,25.301568,2015,30523226,116,6.3,1122
The Beach,40000000,14.430310999999998,2000,144056873,119,6.3,1271
Black Mass,53000000,10.61072,2015,98837872,122,6.3,1262
Jack Reacher,60000000,12.789812,2012,218340595,130,6.3,3046
Spectre,245000000,24.926576999999998,2015,880674609,148,6.3,4552
X-Men: The Last Stand,210000000,0.867943,2006,459359555,104,6.3,3581
Over the Hedge,80000000,9.382953,2006,343397247,83,6.3,1116
Silent Hill,50000000,7.9384570000000005,2006,97607453,125,6.3,1093
Ghostbusters II,37000000,16.414239000000002,1989,215394738,108,6.3,1131
Hitch,70000000,13.350760000000001,2005,368100420,118,6.3,1721
X-Men Origins: Wolverine,150000000,1.456541,2009,373062864,107,6.2,4086
The Other Woman,40000000,9.389353999999999,2014,196781193,109,6.2,1467
DodgeBall: A True Underdog Story,20000000,11.967379,2004,167722310,92,6.2,1009
Neighbors,18000000,11.90575,2014,268157400,96,6.2,2773
Underworld: Rise of the Lycans,35000000,11.654958,2009,91353501,92,6.2,1447
Kong: Skull Island,185000000,29.429112,2017,566652812,118,6.2,3161
Despicable Me 3,80000000,36.631519,2017,1020063384,96,6.2,2002
The Village,60000000,8.172707,2004,256697520,108,6.2,1101
The Day After Tomorrow,125000000,15.049695000000002,2004,544272402,124,6.2,2462
The 40 Year Old Virgin,26000000,11.519662,2005,109449237,116,6.2,2020
A Walk Among the Tombstones,28000000,14.914924,2014,53181600,113,6.2,1145
The Shallows,17000000,13.689175,2016,119100758,86,6.2,1619
Alien³,50000000,17.126768,1992,159773545,114,6.2,1664
Insurgent,110000000,27.887186,2015,295238201,119,6.2,3921
Ted 2,68000000,42.061481,2015,217022588,115,6.2,2524
Knocked Up,30000000,9.058516000000001,2007,219076518,129,6.2,1255
Goosebumps,58000000,12.365292,2015,158162788,103,6.2,1022
2 Fast 2 Furious,76000000,2.32462,2003,236350661,107,6.2,2087
Central Intelligence,50000000,11.374041,2016,216972543,107,6.2,1699
Madagascar: Escape 2 Africa,150000000,12.668733,2008,603900354,89,6.2,1866
Hancock,150000000,11.017324,2008,624029371,92,6.2,3050
Transporter 2,32000000,11.359658999999999,2005,85167639,87,6.2,1076
The Lost World: Jurassic Park,73000000,0.7881229999999999,1997,229074524,129,6.2,2528
Tomorrowland,190000000,22.296076,2015,209154322,130,6.2,2904
War of the Worlds,132000000,19.929377,2005,591739379,116,6.2,2397
The Girl on the Train,45000000,10.217291,2016,173185859,112,6.2,1837
Dracula Untold,70000000,16.316318,2014,215529201,92,6.2,2439
Transformers: The Last Knight,260000000,39.186819,2017,604942143,149,6.2,1440
The A-Team,110000000,16.747792999999998,2010,177238796,117,6.2,1737
Olympus Has Fallen,70000000,10.978188000000001,2013,161025640,120,6.2,3010
The Karate Kid,40000000,11.690781,2010,357852395,140,6.2,1675
Ice Age: Continental Drift,95000000,13.26958,2012,877244782,88,6.2,2731
How the Grinch Stole Christmas,123000000,11.642462,2000,345141403,104,6.2,1440
Due Date,65000000,11.73956,2010,211780824,95,6.2,1737
The Hangover Part II,80000000,21.893532,2011,254455986,102,6.2,3836
Contagion,60000000,8.244359,2011,137551594,106,6.2,1351
Salt,110000000,8.704455000000001,2010,293329073,100,6.2,2125
Riddick,38000000,9.596377,2013,98337295,119,6.2,2066
This Is the End,32000000,11.414048,2013,126041322,107,6.2,2394
The Mortal Instruments: City of Bones,60000000,14.336186999999999,2013,90565421,130,6.2,1649
Prince of Persia: The Sands of Time,150000000,18.459954999999997,2010,335154643,116,6.2,2372
The Chronicles of Narnia: The Voyage of the Dawn Treader,155000000,12.383398,2010,415686217,113,6.2,1555
Gangster Squad,60000000,8.581558,2013,105200903,113,6.2,1805
Upside Down,60000000,7.37535,2012,8106475,104,6.2,1094
Robin Hood,200000000,10.56812,2010,310669540,140,6.2,1434
Mars Attacks!,70000000,15.63424,1996,101371017,106,6.1,1544
Meet the Fockers,80000000,11.876386,2004,516642939,115,6.1,1412
Quantum of Solace,200000000,13.678120000000002,2008,586090727,106,6.1,3015
Turbo,135000000,8.979753,2013,282570682,96,6.1,1094
Horrible Bosses 2,42000000,20.903361999999998,2014,107670357,108,6.1,1575
Taken 3,48000000,18.081483,2014,325771424,109,6.1,2225
Night at the Museum: Secret of the Tomb,127000000,19.539436,2014,349424282,97,6.1,1893
The Interview,44000000,14.526048999999999,2014,12342632,112,6.1,2340
Austin Powers: The Spy Who Shagged Me,33000000,13.984182,1999,310940086,95,6.1,1034
American Reunion,50000000,8.10609,2012,234989584,113,6.1,1641
Transformers: Dark of the Moon,195000000,4.5035050000000005,2011,1123746996,154,6.1,3351
The Expendables 2,100000000,14.881566000000001,2012,312573423,103,6.1,2940
The Other Guys,100000000,12.536621,2010,170432927,107,6.1,1406
That Awkward Moment,8000000,8.060402999999999,2014,26049082,94,6.1,1020
The Fast and the Furious: Tokyo Drift,85000000,2.238808,2006,158468292,104,6.1,1749
Saw III,10000000,14.938035000000001,2006,163876815,108,6.1,1104
The Twilight Saga: Breaking Dawn - Part 2,120000000,26.080995,2012,829000000,115,6.1,2641
Vacation,31000000,11.33038,2015,104384188,99,6.1,1218
Gone in Sixty Seconds,90000000,14.091764999999999,2000,237202299,118,6.1,1511
No Strings Attached,25000000,8.88057,2011,147780440,107,6.1,1367
Pain & Gain,25000000,9.218002,2013,86175291,130,6.1,1595
The Internship,58000000,0.393865,2013,44000000,119,6.1,1691
Paper Towns,12000000,9.662730999999999,2015,85512300,109,6.1,1997
Resident Evil: Extinction,45000000,3.009134,2007,148412065,94,6.1,1308
Men in Black II,140000000,16.775716,2002,441818803,88,6.1,3188
The Purge: Election Year,10000000,13.1789,2016,118587880,105,6.1,1356
Taken 2,45000000,16.376482,2012,376141306,91,6.1,2783
National Treasure: Book of Secrets,130000000,12.854372999999999,2007,457363168,124,6.1,1782
John Carter,260000000,14.670353,2012,284139100,132,6.1,2170
Magic Mike,7000000,8.732425,2012,167221571,110,6.1,1062
27 Dresses,30000000,10.342202,2008,160259319,111,6.1,1013
The Incredible Hulk,150000000,19.125536999999998,2008,163712074,114,6.1,3086
Resident Evil: Apocalypse,45000000,7.850797,2004,129394835,94,6.1,1286
The Boss Baby,125000000,13.392824,2017,498814908,97,6.1,2336
300: Rise of an Empire,110000000,12.904677000000001,2014,337580051,102,6.1,2438
Need for Speed,66000000,18.271383,2014,203277636,130,6.1,1560
Ace Ventura: When Nature Calls,30000000,8.205447999999999,1995,212385533,90,6.1,1128
Godzilla,160000000,14.019239,2014,529076069,123,6.1,3232
Baywatch,69000000,35.637691,2017,177856751,116,6.1,1829
What Women Want,70000000,9.963078999999999,2000,374111707,127,6.1,1021
The Woman in Black,17000000,8.896678999999999,2012,127730736,95,6.1,1237
17 Again,20000000,11.362762,2009,136267476,102,6.1,1388
Zoolander,28000000,10.40782,2001,60780981,89,6.1,1363
The Expendables 3,90000000,14.753545,2014,206172544,127,6.1,1830
Underworld: Awakening,70000000,12.345348,2012,160112671,88,6.1,1885
The Family,30000000,8.047735000000001,2013,36894225,111,6.1,1052
Casper,50000000,12.812539,1995,287928194,100,6.0,1045
The Mummy Returns,98000000,16.945657,2001,433013274,130,6.0,2258
The Expendables,80000000,14.75562,2010,274470394,103,6.0,2977
Monsters vs Aliens,175000000,14.243634,2009,381509870,94,6.0,1464
Antz,60000000,16.025625,1998,171757863,83,6.0,1320
Shrek Forever After,165000000,11.803808,2010,752600867,93,6.0,2021
The Purge,3000000,23.207663,2013,89328627,86,6.0,2498
American Wedding,55000000,14.397139000000001,2003,231449203,103,6.0,1158
Death Race,45000000,13.530029999999998,2008,73762516,105,6.0,1205
The Hangover Part III,103000000,25.085639,2013,362000072,100,6.0,2991
Transformers: Revenge of the Fallen,150000000,4.351756,2009,836297228,150,6.0,3192
Scary Movie,19000000,12.446738,2000,278019771,88,6.0,1468
The Host,44000000,11.342024,2013,63327201,125,6.0,1859
Fifty Shades Darker,55000000,29.130443,2017,378827494,118,6.0,2341
The BFG,140000000,18.769476,2016,183345589,120,6.0,1026
Johnny English Reborn,45000000,10.668658,2011,160078586,101,6.0,1026
Shrek the Third,160000000,14.072479000000001,2007,798958165,93,6.0,2355
The Huntsman: Winter's War,115000000,17.260203,2016,164602163,114,6.0,1575
The Visit,5000000,15.021057999999998,2015,98450062,94,6.0,1405
American Ultra,28000000,9.534828,2015,27139524,96,6.0,1099
Under the Skin,13300000,6.707974,2014,5380251,108,6.0,1118
The Tourist,100000000,12.845044999999999,2010,278731369,103,6.0,1744
Van Helsing,160000000,12.643312,2004,300257475,132,6.0,1674
The Bourne Legacy,130000000,14.89499,2012,276572938,120,6.0,2683
Mama,15000000,16.018525,2013,146497771,100,6.0,1452
Robots,75000000,12.949715,2005,260696994,91,6.0,1383
San Andreas,110000000,20.547925,2015,470490832,114,6.0,3017
Click,82500000,9.796552,2006,237681299,107,6.0,2167
Percy Jackson & the Olympians: The Lightning Thief,95000000,9.785895,2010,226497209,118,6.0,2079
Predators,40000000,9.034929,2010,126248813,107,6.0,1231
Get Smart,80000000,11.35779,2008,230685453,110,6.0,1072
Grown Ups,80000000,23.981251,2010,271430189,102,6.0,1746
American Pie 2,30000000,10.25103,2001,287553595,108,6.0,1375
Jobs,12000000,14.294019,2013,35931410,128,6.0,1183
Mission: Impossible II,125000000,18.97178,2000,546388105,123,5.9,1966
Jack Ryan: Shadow Recruit,60000000,11.234862,2014,50549107,105,5.9,1194
Sucker Punch,82000000,13.779526999999998,2011,89792502,110,5.9,1661
Allegiant,110000000,18.386172,2016,179246868,121,5.9,2064
The Secret Life of Pets,75000000,11.01395,2016,875457937,87,5.9,3536
How to Be Single,38000000,8.898988,2016,112343513,110,5.9,1225
Knight and Day,117000000,12.758942,2010,261930431,109,5.9,1583
Suicide Squad,175000000,42.965027,2016,745600054,123,5.9,7717
I Am Number Four,50000000,9.388376,2011,144492830,109,5.9,1606
Surrogates,80000000,16.211937,2009,122444772,89,5.9,1219
Percy Jackson: Sea of Monsters,90000000,10.338222,2013,174578751,106,5.9,1685
Transcendence,100000000,9.730176,2014,103039258,119,5.9,2339
Paranormal Activity,15000,12.706424,2007,193355800,86,5.9,1351
Date Night,55000000,8.443736,2010,152263880,97,5.9,1148
The Twilight Saga: Eclipse,68000000,34.047399,2010,698491347,124,5.9,2382
Terminator 3: Rise of the Machines,200000000,20.818907,2003,435000000,109,5.9,2177
Jason Bourne,120000000,19.133256,2016,415484914,123,5.9,2386
Spider-Man 3,258000000,27.614265000000003,2007,890871626,139,5.9,3687
Transporter 3,30000000,9.296824,2008,108979549,104,5.9,1110
Waterworld,175000000,16.885184,1995,264218220,135,5.9,1017
Alien: Resurrection,70000000,15.57784,1997,162000000,109,5.9,1388
Happy Feet,100000000,15.088318,2006,384335608,108,5.9,1457
Final Destination 2,26000000,12.638573,2003,90426405,90,5.9,1046
The Angry Birds Movie,73000000,11.171927,2016,349779543,97,5.9,1048
The Lone Ranger,255000000,12.729104,2013,89289910,149,5.9,2361
Trainwreck,35000000,17.310647,2015,140795793,125,5.9,1193
Resident Evil: The Final Chapter,40000000,0.75571,2016,312242626,107,5.9,1139
The Dictator,65000000,7.446085000000001,2012,179379533,83,5.9,1789
The Magnificent Seven,90000000,13.809622,2016,162360636,132,5.9,2358
47 Ronin,175000000,14.889370000000001,2013,150962475,119,5.9,1357
Knowing,50000000,9.806904,2009,155446362,121,5.9,1528
This Means War,65000000,12.366641,2012,156974557,103,5.9,1411
Terminator Salvation,200000000,16.507496,2009,371353001,115,5.9,2496
The Sorcerer's Apprentice,150000000,12.533525,2010,215283742,109,5.9,1526
Night at the Museum: Battle of the Smithsonian,150000000,15.417181,2009,413106170,105,5.9,2026
Jumper,85000000,11.038969999999999,2008,222231186,88,5.9,1855
Ghost in the Shell,110000000,68.726676,2017,169801921,107,5.9,2547
Journey 2: The Mysterious Island,79000000,9.46307,2012,355692760,94,5.8,1050
The Boy,10000000,17.028854,2016,64188367,97,5.8,1133
Snow White and the Huntsman,170000000,18.751554000000002,2012,396600000,127,5.8,3183
Transformers: Age of Extinction,210000000,18.495599,2014,1091405097,165,5.8,3136
Resident Evil: Afterlife,60000000,0.452934,2010,300228084,97,5.8,1382
London Has Fallen,60000000,15.037993,2016,205754447,99,5.8,1656
Journey to the Center of the Earth,45000000,10.419974,2008,101702060,93,5.8,1353
Grown Ups 2,80000000,9.411725,2013,246984278,100,5.8,1180
Snitch,35000000,13.542675,2013,42930462,112,5.8,1155
Teenage Mutant Ninja Turtles,125000000,22.337973,2014,477200000,101,5.8,2677
Cars 2,200000000,13.693001999999998,2011,559852396,106,5.8,2088
Die Another Day,140000000,12.996474000000001,2002,431971116,133,5.8,1112
Carrie,30000000,18.399055,2013,82394288,100,5.8,1505
Terminator Genisys,155000000,30.188198,2015,440603537,126,5.8,3677
Twilight,37000000,31.282028999999998,2008,392616625,122,5.8,3688
Shark Tale,75000000,17.999273000000002,2004,367275019,90,5.8,1612
The Golden Compass,180000000,11.481378999999999,2007,372234864,113,5.8,1347
The Great Wall,150000000,15.884744,2016,331957105,103,5.8,1465
The Monuments Men,70000000,11.132411,2014,154984035,118,5.8,1545
Total Recall,125000000,16.42635,2012,198802074,121,5.8,2540
The Twilight Saga: Breaking Dawn - Part 1,110000000,25.9725,2011,712171856,117,5.8,2622
xXx,70000000,12.722381,2002,277448382,124,5.8,1454
Blade: Trinity,65000000,18.860681,2004,128905366,123,5.7,1276
Inferno,75000000,18.311054,2016,220021259,121,5.7,2316
Dirty Grandpa,11500000,16.290586,2016,94073028,102,5.7,1429
The League of Extraordinary Gentlemen,78000000,10.488764999999999,2003,179265204,110,5.7,1181
Parker,35000000,13.963892000000001,2013,46216641,118,5.7,1467
Dark Shadows,150000000,10.665859,2012,245527149,113,5.7,2383
Alien: Covenant,97000000,72.884078,2017,232380243,122,5.7,2677
The Last Witch Hunter,90000000,13.412445000000002,2015,146936910,106,5.7,1345
Bee Movie,150000000,8.774374,2007,287594577,91,5.7,1208
"Hail, Caesar!",22000000,11.241366,2016,63647656,106,5.7,1338
RoboCop,120000000,10.246549,2014,242688965,102,5.7,2385
Lara Croft: Tomb Raider,115000000,15.851722,2001,274703340,100,5.7,2235
Jurassic Park III,93000000,0.648867,2001,368780809,92,5.7,2109
Batman v Superman: Dawn of Justice,250000000,31.435878999999996,2016,873260194,151,5.7,7189
Valentine's Day,52000000,7.466721000000001,2010,216485654,125,5.7,1043
Hansel & Gretel: Witch Hunters,50000000,10.337211,2013,224803475,88,5.7,3290
Oz: The Great and Powerful,200000000,11.137329,2013,491868548,130,5.7,3576
Indiana Jones and the Kingdom of the Crystal Skull,185000000,12.577266,2008,786636033,122,5.7,2558
Exodus: Gods and Kings,140000000,16.320249,2014,268031828,150,5.6,1957
Ice Age: Collision Course,105000000,20.151037,2016,408579038,100,5.6,1170
Resident Evil: Retribution,65000000,0.948759,2012,240159255,95,5.6,1618
Into the Woods,50000000,9.580785,2014,212902372,125,5.6,1688
The 5th Wave,38000000,10.788263,2016,109906372,112,5.6,1993
Charlie's Angels,92000000,9.774985000000001,2000,264105545,98,5.6,1253
AVP: Alien vs. Predator,70000000,12.636205,2004,171183863,101,5.6,1241
Pixels,88000000,21.14796,2015,243637091,105,5.6,2564
Clash of the Titans,125000000,11.972347000000001,2010,232713139,106,5.6,2280
Planet of the Apes,100000000,17.319836,2001,362211740,119,5.6,1270
The Twilight Saga: New Moon,50000000,30.121291999999997,2009,709827462,130,5.6,2518
2012,200000000,16.698628,2009,769653595,158,5.6,4994
Hercules,100000000,19.606895,2014,243400000,99,5.6,1707
G.I. Joe: The Rise of Cobra,175000000,11.787058,2009,302469017,118,5.6,1988
Sausage Party,19000000,17.56963,2016,140705322,83,5.6,2310
Identity Thief,35000000,7.321172,2013,173965010,111,5.6,1667
Neighbors 2: Sorority Rising,35000000,9.914008,2016,108758521,91,5.6,1490
Beautiful Creatures,60000000,20.485203,2013,60052138,124,5.6,1017
Battle: Los Angeles,70000000,6.7537460000000005,2011,202466756,116,5.5,1462
The Smurfs,110000000,10.219758,2011,563749323,103,5.5,1201
Mirror Mirror,85000000,14.170182999999998,2012,183018522,106,5.5,1148
You Don't Mess with the Zohan,90000000,13.116461,2008,201596308,113,5.5,1068
Jack the Giant Slayer,195000000,11.606061,2013,197687603,114,5.5,2634
Wrath of the Titans,150000000,7.739903999999999,2012,301000000,99,5.5,1459
The Green Hornet,120000000,7.888013000000001,2011,227817248,119,5.5,1274
xXx: Return of Xander Cage,85000000,17.918269,2017,346147658,107,5.5,1497
Abraham Lincoln: Vampire Hunter,69000000,7.922636,2012,112265139,94,5.5,1297
Annabelle,6500000,23.242452,2014,255273813,99,5.5,1588
Fantastic Four,100000000,19.382082,2005,330579719,106,5.5,3040
Battleship,209000000,13.106966,2012,303025485,131,5.5,2141
Little Fockers,100000000,9.739410000000001,2010,310650585,98,5.5,1092
Unfriended,1000000,10.07817,2015,62882090,82,5.5,1092
Alvin and the Chipmunks,60000000,11.805233,2007,361366633,92,5.5,1212
Lara Croft Tomb Raider: The Cradle of Life,95000000,13.076349,2003,156505388,117,5.5,1443
Hitman: Agent 47,35000000,10.721799,2015,81967450,96,5.5,1183
Noah,125000000,14.924487,2014,362637473,139,5.5,2408
The Legend of Tarzan,180000000,45.38298,2016,356743061,109,5.5,2488
G.I. Joe: Retaliation,130000000,10.560608,2013,371876278,110,5.4,3045
The Mummy,125000000,33.704935,2017,407778013,110,5.4,2122
Assassin's Creed,125000000,27.54107,2016,240697856,115,5.4,2776
Superman Returns,270000000,13.284711999999999,2006,391081192,154,5.4,1429
The Circle,18000000,88.439243,2017,20497844,110,5.4,1015
Scary Movie 2,45000000,10.869056,2001,141220678,83,5.4,1019
Dumb and Dumber To,40000000,15.402597,2014,169837010,110,5.4,1140
Fantastic 4: Rise of the Silver Surfer,130000000,12.924254,2007,289047763,92,5.4,2648
R.I.P.D.,130000000,9.369679,2013,61648500,96,5.4,1280
Bad Teacher,20000000,7.3106860000000005,2011,216197492,92,5.4,1634
Mortdecai,60000000,10.241861,2015,30418560,106,5.4,1078
Cowboys & Aliens,163000000,10.958669,2011,174822325,119,5.4,2054
Jack Reacher: Never Go Back,60000000,15.60562,2016,162146076,118,5.3,1843
Evan Almighty,175000000,9.156877,2007,173000000,96,5.3,1194
Ghostbusters,144000000,17.162744,2016,229147509,116,5.3,2203
Hulk,137000000,15.422638000000001,2003,245360480,138,5.3,1571
The Bling Ring,15000000,7.913028999999999,2013,19145732,90,5.3,1205
Mechanic: Resurrection,40000000,14.288577,2016,125729635,99,5.3,1236
Godzilla,130000000,11.295121,1998,379014294,139,5.3,1075
Ghost Rider,110000000,11.902353999999999,2007,228738393,114,5.2,1754
The Mummy: Tomb of the Dragon Emperor,145000000,14.250226999999999,2008,401128639,112,5.2,1418
Sex Tape,40000000,27.470696000000004,2014,126069509,97,5.2,1733
A Good Day to Die Hard,92000000,12.471865,2013,304654182,98,5.2,3519
Jupiter Ascending,176000003,21.463465,2015,183987723,124,5.2,2816
Pompeii,130000000,12.204174,2014,117831631,105,5.2,1294
Gods of Egypt,140000000,13.337707,2016,150680864,127,5.2,1303
Fifty Shades of Grey,40000000,33.068431,2015,571006128,125,5.2,3350
The Day the Earth Stood Still,80000000,9.265322,2008,233093859,104,5.2,1057
Batman Forever,100000000,13.321354000000001,1995,336529144,121,5.2,1529
Underworld: Blood Wars,35000000,20.02976,2016,81093313,91,5.2,1619
Wild Wild West,170000000,9.887602000000001,1999,222104681,106,5.1,1042
Green Lantern,200000000,13.985631,2011,219851172,114,5.1,2551
Daredevil,78000000,11.415558,2003,179179718,103,5.0,1551
After Earth,130000000,10.747641999999999,2013,243843127,100,5.0,2579
Spring Breakers,5000000,14.830235,2013,31724284,94,5.0,1580
Ouija,5000000,13.288564000000001,2014,103590271,89,4.9,1006
Independence Day: Resurgence,165000000,16.993841,2016,389681935,120,4.9,2550
Rings,25000000,24.535733,2017,83080890,102,4.8,1075
The Last Airbender,150000000,9.544657,2010,318502923,103,4.7,1180
Ghost Rider: Spirit of Vengeance,57000000,9.421301,2011,149217355,95,4.7,1163
Fantastic Four,120000000,17.246484,2015,167977596,100,4.4,2322
Batman & Robin,125000000,17.038823999999998,1997,238207122,125,4.2,1447
The Boy Next Door,4000000,10.200398,2015,52425855,91,4.1,1034
