,title,budget,popularity,release_date,revenue,runtime,vote_average,vote_count
0,The Godfather,6000000,41.109264,1972,"1,499,126,346.72",175,8.5,6024
1,The Shawshank Redemption,25000000,51.645403,1994,"48,899,552.11",142,8.5,8358
2,Fight Club,63000000,63.869599,1999,"154,791,744.55",139,8.3,9678
3,Schindler's List,22000000,41.725123,1993,"568,672,494.68",195,8.3,4436
4,One Flew Over the Cuckoo's Nest,3000000,35.529554,1975,"517,964,907.39",133,8.3,3001
5,The Dark Knight,185000000,123.167259,2008,"1,193,058,960.20",152,8.3,12269
6,Whiplash,3300000,64.29999000000001,2014,"14,142,899.87",105,8.3,4376
7,Psycho,806948,36.826309,1960,"276,432,432.43",109,8.3,2405
8,The Godfather: Part II,13000000,36.629307,1974,"246,586,297.03",200,8.3,3418
9,Pulp Fiction,8000000,140.95023600000005,1994,"369,106,507.72",154,8.3,8670
10,GoodFellas,25000000,15.424092000000002,1990,"91,630,190.86",145,8.2,3211
11,The Empire Strikes Back,18000000,19.470959,1980,"1,670,738,834.95",124,8.2,5998
12,American History X,20000000,18.157166,1998,"37,453,190.02",119,8.2,3120
13,Forrest Gump,55000000,48.307194,1994,"1,169,707,412.44",142,8.2,8147
14,12 Angry Men,350000,16.503959,1957,"9,099,644.13",96,8.2,2130
15,Rear Window,1000000,17.911314,1954,"349,465,978.96",112,8.2,1531
16,The Green Mile,60000000,19.96678,1999,"436,808,043.22",189,8.2,4166
17,The Shining,19000000,19.611589,1980,"136,592,749.17",144,8.1,3890
18,Inception,160000000,29.108149,2010,"967,852,947.06",148,8.1,14075
19,The Lord of the Rings: The Return of the King,94000000,29.324358,2003,"1,554,890,825.71",201,8.1,8226
20,The Silence of the Lambs,19000000,4.307222,1991,"512,043,797.03",119,8.1,4549
21,Se7en,33000000,18.45743,1995,"549,170,881.54",127,8.1,5915
22,The Usual Suspects,6000000,16.302466,1995,"39,162,985.15",106,8.1,3334
23,Interstellar,165000000,32.213481,2014,"729,312,160.32",169,8.1,11187
24,Memento,9000000,15.450789000000002,2000,"58,984,876.00",113,8.1,4168
25,Reservoir Dogs,1200000,12.22034,1992,"26,720,024.87",99,8.1,3821
26,Taxi Driver,1300000,14.092713,1976,"127,007,735.88",114,8.1,2632
27,Star Wars,11000000,42.149697,1977,"3,271,770,138.45",121,8.1,6778
28,Dead Poets Society,16400000,19.905716,1989,"486,366,384.36",129,8.1,2786
29,The Pianist,35000000,14.811594,2002,"170,664,579.98",150,8.1,1927
30,Room,6000000,12.443291,2015,"38,195,061.27",117,8.1,2838
31,It's a Wonderful Life,3180000,15.031588,1946,"126,461,667.02",130,8.0,1103
32,Dr. Strangelove or: How I Learned to Stop Worrying and Love the Bomb,1800000,9.80398,1964,"77,867,017.75",95,8.0,1472
33,Scarface,25000000,11.299673,1983,"169,143,760.61",170,8.0,3017
34,The Lord of the Rings: The Fellowship of the Ring,93000000,32.070725,2001,"1,258,096,502.96",178,8.0,8892
35,Citizen Kane,839727,15.811921,1941,"403,861,172.91",119,8.0,1244
36,Vertigo,2479000,18.20822,1958,"247,737,024.22",128,8.0,1162
37,The Imitation Game,14000000,31.59594,2014,"252,303,314.47",113,8.0,5895
38,A Clockwork Orange,2200000,17.112594,1971,"167,871,785.19",136,8.0,3432
39,Lion,12000000,17.085145,2016,"149,480,892.49",118,8.0,1699
40,Apocalypse Now,31500000,13.5963,1979,"315,082,912.14",153,8.0,2112
41,The Lion King,45000000,21.605761,1994,"1,360,009,595.97",89,8.0,5520
42,The Grand Budapest Hotel,30000000,14.442048000000002,2014,"188,615,552.65",99,8.0,4644
43,The Lord of the Rings: The Two Towers,79000000,29.423537,2002,"1,316,574,142.19",179,8.0,7641
44,Back to the Future,19000000,25.778509,1985,"905,666,971.59",116,8.0,6239
45,The Prestige,40000000,16.94556,2006,"139,108,297.24",130,8.0,4510
46,Good Will Hunting,10000000,15.064832999999998,1997,"359,945,042.55",126,7.9,2880
47,Guardians of the Galaxy,170000000,53.291601,2014,"835,404,015.36",121,7.9,10014
48,Gone Girl,61000000,154.80100900000005,2014,"398,976,653.23",145,7.9,6023
49,Saving Private Ryan,70000000,21.758054,1998,"755,869,450.50",169,7.9,5148
50,2001: A Space Odyssey,10500000,22.494622,1968,"504,787,068.97",149,7.9,3075
51,The Wolf of Wall Street,100000000,16.382422000000002,2013,"430,191,319.55",180,7.9,6768
52,Full Metal Jacket,17000000,13.94148,1987,"104,345,578.81",116,7.9,2595
53,Inside Out,175000000,23.985587,2015,"925,279,228.66",94,7.9,6737
54,Dallas Buyers Club,5000000,14.785719,2013,"60,575,971.99",117,7.9,2973
55,American Beauty,15000000,20.726578,1999,"546,848,984.85",122,7.9,3438
56,Prisoners,46000000,11.96262,2013,"134,024,866.38",153,7.9,3183
57,Alien,11000000,23.37742,1979,"369,573,850.08",117,7.9,4564
58,Casablanca,878000,13.916101,1942,"164,126,457.06",102,7.9,1462
59,Return of the Jedi,32350000,14.586087,1983,"1,470,275,000.00",135,7.9,4763
60,The Matrix,63000000,33.366332,1999,"711,412,934.17",136,7.9,9079
61,12 Years a Slave,20000000,30.316249,2013,"205,218,454.94",134,7.9,3787
62,The Help,25000000,7.4861179999999985,2011,"141,291,160.99",146,7.9,1966
63,Her,23000000,13.829515,2013,"51,964,441.55",126,7.9,4215
64,Captain Fantastic,5000000,16.519276,2016,"6,264,368.73",119,7.9,1569
65,Inglourious Basterds,70000000,16.89564,2009,"380,428,016.25",153,7.9,6598
66,Eternal Sunshine of the Spotless Mind,20000000,12.906327,2004,"97,810,496.66",108,7.9,3758
67,The Departed,90000000,18.515448000000006,2006,"367,628,811.60",151,7.9,4455
68,La La Land,30000000,19.681686,2016,"474,574,618.71",128,7.9,4745
69,There Will Be Blood,25000000,8.200627,2007,"95,235,250.37",158,7.9,1581
70,Blade Runner,28000000,96.272374,1982,"87,811,402.31",117,7.9,3833
71,Harry Potter and the Deathly Hallows: Part 2,125000000,24.990737,2011,"1,525,786,571.81",130,7.9,6141
72,Mr. Nobody,47000000,11.817059,2009,"4,228,537.72",156,7.9,1616
73,Requiem for a Dream,4500000,6.874828,2000,"10,973,580.81",102,7.9,2525
74,Gladiator,103000000,23.186667,2000,"679,550,854.73",155,7.9,5566
75,Stand by Me,8000000,15.206957,1986,"121,988,063.50",89,7.8,1568
76,Hacksaw Ridge,40000000,21.037699,2016,"186,770,049.66",140,7.8,3294
77,Amadeus,18000000,12.677592,1984,"127,906,674.83",160,7.8,1107
78,Annie Hall,4000000,18.146043,1977,"161,400,814.73",93,7.8,1044
79,The Thing,15000000,16.83125,1982,"52,013,778.57",109,7.8,1629
80,Hidden Figures,25000000,16.816834,2016,"245,790,336.91",127,7.8,2178
81,Trainspotting,4000000,19.348466,1996,"26,875,520.43",93,7.8,2737
82,The Theory of Everything,15000000,11.85302,2014,"133,658,276.81",123,7.8,3403
83,Pride & Prejudice,28000000,14.439082999999998,2005,"158,615,105.21",135,7.8,1406
84,Casino,52000000,10.137389,1995,"194,815,841.78",178,7.8,1343
85,The Breakfast Club,1000000,12.627678,1985,"122,444,109.89",97,7.8,2189
86,The Big Lebowski,15000000,15.952524,1998,"72,458,113.73",117,7.8,3001
87,The Truman Show,60000000,13.155901,1998,"414,325,300.59",103,7.8,4702
88,Big Hero 6,165000000,213.849907,2014,"704,450,197.61",102,7.8,6289
89,Into the Wild,15000000,15.423538,2007,"69,389,482.92",148,7.8,3139
90,North by Northwest,4000000,12.410427,1959,"116,247,174.66",136,7.8,1062
91,WALL·E,180000000,16.088366,2008,"619,133,500.24",98,7.8,6439
92,Django Unchained,100000000,19.785025,2012,"473,722,380.04",165,7.8,10297
93,Gran Torino,33000000,14.794228,2008,"320,614,579.19",116,7.8,3181
94,Spotlight,20000000,14.63239,2015,"95,317,270.66",128,7.8,2751
95,About Time,12000000,11.213913,2013,"95,586,200.90",123,7.8,2140
96,Shutter Island,80000000,15.813629,2010,"345,627,843.47",138,7.8,6559
97,Up,175000000,19.330884,2009,"876,292,938.31",96,7.8,7048
98,Monty Python and the Holy Grail,400000,10.43389,1975,"23,901,524.23",91,7.8,1742
99,Warrior,25000000,13.121626,2011,"26,214,781.26",140,7.7,1297
100,Kill Bill: Vol. 1,30000000,25.261865,2003,"251,460,104.89",111,7.7,5091
101,The Sixth Sense,40000000,18.449169,1999,"1,032,632,466.17",107,7.7,3223
102,L.A. Confidential,35000000,10.989442,1997,"201,082,065.78",138,7.7,1340
103,Kill Bill: Vol. 2,30000000,21.533072,2004,"205,967,041.70",136,7.7,4061
104,Hachi: A Dog's Tale,16000000,8.621359,2009,"56,982,821.29",93,7.7,1769
105,Rush,38000000,10.63552,2013,"99,039,989.08",123,7.7,2310
106,Million Dollar Baby,30000000,14.471373000000002,2004,"293,416,962.85",132,7.7,2519
107,The Pursuit of Happyness,55000000,20.981716,2006,"389,482,461.96",117,7.7,2607
108,V for Vendetta,54000000,20.214422,2006,"168,070,791.91",132,7.7,4562
109,No Country for Old Men,25000000,15.565484,2007,"211,664,833.57",122,7.7,3083
110,Harry Potter and the Prisoner of Azkaban,130000000,28.460276,2004,"1,069,100,182.41",141,7.7,6037
111,Mulholland Drive,15000000,18.184056,2001,"29,045,757.10",147,7.7,1517
112,Catch Me If You Can,52000000,19.833077,2002,"500,475,984.32",141,7.7,3917
113,Donnie Darko,6000000,18.303148,2001,"1,834,401.33",113,7.7,3574
114,The Boy in the Striped Pyjamas,12500000,8.912738000000003,2008,"24,247,631.95",94,7.7,1492
115,The Perks of Being a Wallflower,13000000,12.775679,2012,"37,196,777.00",102,7.7,3056
116,A Beautiful Mind,60000000,11.93646,2001,"452,697,778.62",135,7.7,3087
117,Snatch,10000000,14.014025,2000,"124,075,190.89",103,7.7,2953
118,Toy Story,30000000,21.946943,1995,"626,756,996.31",81,7.7,5415
119,The Notebook,29000000,15.239013,2004,"156,483,566.20",123,7.7,3163
120,Raiders of the Lost Ark,18000000,19.901576,1981,"1,096,854,464.08",115,7.7,3949
121,Fargo,7000000,12.61469,1996,"98,779,362.70",98,7.7,2080
122,Zootopia,150000000,26.024867999999998,2016,"1,090,756,744.42",108,7.7,4961
123,Unforgiven,14000000,10.942149,1992,"290,068,133.98",131,7.7,1133
124,Straight Outta Compton,28000000,21.183077,2015,"217,544,587.34",147,7.7,1381
125,Terminator 2: Judgment Day,100000000,22.661695,1991,"976,240,822.32",137,7.7,4274
126,Aliens,18500000,21.761179,1986,"427,682,641.82",137,7.7,3282
127,Braveheart,72000000,20.755149,1995,"352,342,519.69",177,7.7,3404
128,Life of Brian,4000000,10.714173,1979,"70,599,668.12",94,7.7,1230
129,Heat,60000000,17.924927,1995,"314,485,527.31",170,7.7,1886
130,Captain Phillips,55000000,13.776068,2013,"104,255,364.81",134,7.6,2495
131,How to Train Your Dragon 2,145000000,12.256689,2014,"658,017,589.24",102,7.6,3163
132,The Fault in Our Stars,12000000,16.274653,2014,"331,823,233.86",125,7.6,3868
133,Edge of Tomorrow,178000000,31.982986,2014,"400,284,745.07",113,7.6,4979
134,The Hateful Eight,44000000,20.328822,2015,"168,050,050.28",167,7.6,4405
135,Moon,5000000,13.336773,2009,"11,634,771.99",97,7.6,1831
136,Captain America: The Winter Soldier,170000000,18.717704,2014,"772,141,159.53",136,7.6,5881
137,Indiana Jones and the Last Crusade,48000000,14.788987,1989,"977,788,151.57",127,7.6,3221
138,Toy Story 3,200000000,16.96647,2010,"1,250,913,127.27",103,7.6,4710
139,The Dark Knight Rises,250000000,20.58258,2012,"1,208,270,590.65",165,7.6,9263
140,The Untouchables,25000000,11.062203,1987,"171,675,660.98",119,7.6,1424
141,The Princess Bride,16000000,15.15267,1987,"69,457,245.07",98,7.6,1518
142,Moonrise Kingdom,16000000,8.692433,2012,"76,023,046.80",94,7.6,1701
143,The Martian,108000000,25.62993,2015,"679,883,524.36",141,7.6,7442
144,The King's Speech,15000000,11.260387,2010,"485,620,784.41",118,7.6,2817
145,Misery,20000000,15.020845,1990,"119,881,378.50",107,7.6,1085
146,Breakfast at Tiffany's,2500000,10.879289,1961,"81,242,474.92",110,7.6,1082
147,The Hobbit: The Desolation of Smaug,250000000,20.644776,2013,"1,051,772,017.17",161,7.6,4633
148,Dances with Wolves,22000000,11.654349,1990,"829,917,386.64",181,7.6,1084
149,The Iron Giant,70000000,15.441459,1999,"35,545,223.82",86,7.6,1470
150,Me Before You,20000000,34.347590000000004,2016,"221,548,148.66",110,7.6,2674
151,Mystic River,25000000,12.602438,2003,"217,931,470.18",138,7.6,1473
152,Guardians of the Galaxy Vol. 2,200000000,185.330992,2017,"900,756,863.54",137,7.6,4858
153,The Nightmare Before Christmas,18000000,17.730913,1993,"133,838,881.53",76,7.6,2135
154,Philadelphia,26000000,13.373006,1993,"365,727,869.26",125,7.6,1019
155,Slumdog Millionaire,15000000,11.258181,2008,"448,823,623.32",120,7.6,2918
156,Rain Man,25000000,11.267467,1988,"892,248,182.59",133,7.6,1762
157,Finding Nemo,94000000,25.497794,2003,"1,306,759,763.89",100,7.6,6292
158,Logan,97000000,54.581996999999994,2017,"643,477,039.19",137,7.6,6310
159,Ex Machina,15000000,14.14078,2015,"39,778,519.66",108,7.6,4862
160,Big Fish,70000000,14.739983,2003,"170,817,404.15",125,7.6,2064
161,Kingsman: The Secret Service,81000000,28.224212,2015,"447,045,106.80",130,7.6,6069
162,Jurassic Park,63000000,8.863776,1993,"1,628,163,114.19",127,7.6,4956
163,Mulan,90000000,21.180857,1998,"477,390,729.74",88,7.6,2089
164,Nightcrawler,8500000,21.277073,2014,"41,803,457.49",117,7.6,3475
165,Dunkirk,100000000,30.938854,2017,"542,360,407.42",107,7.5,2712
166,"Monsters, Inc.",115000000,26.419962,2001,"812,603,707.84",92,7.5,6150
167,Brokeback Mountain,14000000,11.787044,2005,"233,106,962.05",134,7.5,1531
168,Ferris Bueller's Day Off,6000000,12.724645,1986,"163,630,196.65",103,7.5,1340
169,Die Hard,28000000,16.640522,1988,"304,263,451.81",131,7.5,4005
170,Shaun of the Dead,4000000,14.902948,2004,"40,662,109.76",99,7.5,2479
171,Batman Begins,150000000,28.505341,2005,"489,952,456.15",140,7.5,7511
172,Little Miss Sunshine,8000000,5.320117,2006,"127,498,895.74",102,7.5,1728
173,Pirates of the Caribbean: The Curse of the Black Pearl,140000000,47.32666500000001,2003,"910,252,010.74",143,7.5,7191
174,Harry Potter and the Goblet of Fire,150000000,24.903058,2005,"1,173,000,557.63",157,7.5,5758
175,Harry Potter and the Deathly Hallows: Part 1,250000000,23.300362,2010,"1,118,826,274.40",146,7.5,5708
176,Harry Potter and the Philosopher's Stone,125000000,38.187238,2001,"1,409,852,050.45",152,7.5,7188
177,Manchester by the Sea,9000000,12.821257000000001,2016,"79,934,978.96",135,7.5,1553
178,Ratatouille,150000000,20.50803,2007,"769,348,405.99",111,7.5,4510
179,How to Train Your Dragon,165000000,14.416681,2010,"580,194,858.67",98,7.5,4319
180,Cast Away,90000000,21.296343,2000,"637,961,316.55",143,7.5,3304
181,Fantastic Mr. Fox,40000000,8.695893,2009,"55,396,925.79",87,7.5,1206
182,Beauty and the Beast,25000000,23.433511,1991,"708,432,719.55",84,7.5,3029
183,A Walk to Remember,11000000,8.054499,2002,"58,597,896.29",101,7.5,1057
184,Platoon,6000000,18.206972,1986,"323,195,852.83",120,7.5,1236
185,Seven Pounds,55000000,21.708267000000006,2008,"199,723,541.98",123,7.5,2092
186,Still Alice,5000000,8.823253,2014,"47,407,289.89",99,7.5,1126
187,Star Wars: The Force Awakens,245000000,31.626013,2015,"2,231,412,576.61",136,7.5,7993
188,X-Men: Days of Future Past,250000000,26.058586,2014,"807,894,007.47",131,7.5,6155
189,Rocky,1000000,14.774066,1976,"526,837,031.42",119,7.5,1843
190,The Blues Brothers,27000000,10.076901,1980,"357,576,248.46",133,7.5,1092
191,"Lock, Stock and Two Smoking Barrels",1350000,4.60786,1998,"6,114,161.92",105,7.5,1671
192,Gattaca,36000000,12.89312,1997,"19,966,548.78",106,7.5,1846
193,Boyhood,4000000,6.4305910000000015,2014,"47,908,911.28",164,7.5,2008
194,The Exorcist,8000000,12.137595,1973,"2,541,486,064.79",122,7.5,2046
195,Jaws,7000000,19.726114000000006,1975,"2,236,918,732.34",124,7.5,2628
196,Edward Scissorhands,20000000,17.612244,1990,"103,688,599.85",105,7.5,3731
197,The Game,50000000,14.825587,1997,"174,327,892.80",129,7.5,1556
198,The Lego Movie,60000000,16.418132999999994,2014,"506,820,401.12",100,7.5,3127
199,Titanic,200000000,26.88907,1997,"2,939,409,606.68",194,7.5,7770
200,Blow,53000000,12.332223,2001,"120,244,399.14",124,7.4,1352
201,Twelve Monkeys,29500000,12.297305,1995,"283,283,385.83",129,7.4,2470
202,Fury,68000000,36.713807,2014,"228,820,610.75",135,7.4,4028
203,Star Trek,150000000,15.362632,2009,"459,759,860.34",127,7.4,4574
204,Back to the Future Part II,40000000,13.689855,1989,"684,616,129.03",108,7.4,3926
205,Birdman,18000000,18.193263,2014,"111,500,209.28",119,7.4,4657
206,The Danish Girl,15000000,11.245661,2015,"69,256,423.76",120,7.4,1689
207,The Conjuring,13000000,14.90169,2013,"348,981,270.62",112,7.4,3169
208,Aladdin,28000000,16.357419,1992,"918,643,200.27",90,7.4,3495
209,Harry Potter and the Half-Blood Prince,250000000,19.083723000000006,2009,"1,113,349,028.78",153,7.4,5435
210,Halloween,300000,13.672759,1978,"274,524,539.88",91,7.4,1066
211,The Royal Tenenbaums,21000000,9.707542,2001,"103,148,095.00",110,7.4,1317
212,Groundhog Day,14600000,12.989627,1993,"125,473,446.34",101,7.4,2358
213,Lucky Number Slevin,27000000,11.15092,2006,"71,419,547.97",110,7.4,1356
214,Anastasia,53000000,11.911173,1997,"222,728,796.16",94,7.4,1481
215,Children of Men,76000000,14.114606,2006,"88,733,672.28",109,7.4,2120
216,Rogue One: A Star Wars Story,200000000,36.567575,2016,"1,125,141,019.61",133,7.4,5111
217,Blood Diamond,100000000,12.477872,2006,"216,733,547.23",143,7.4,2344
218,American Sniper,58800000,19.228561,2014,"585,838,648.34",133,7.4,4600
219,Hot Fuzz,12000000,13.535195000000002,2007,"99,385,981.73",121,7.4,2252
220,Harry Potter and the Chamber of Secrets,100000000,29.741452,2002,"1,246,076,958.57",161,7.4,5966
221,Harry Potter and the Order of the Phoenix,150000000,21.3643,2007,"1,157,264,819.62",138,7.4,5633
222,Atonement,30000000,8.913338000000003,2007,"159,446,849.00",123,7.4,1075
223,American Gangster,100000000,9.644542,2007,"328,678,774.53",157,7.4,1527
224,Serenity,39000000,11.919995,2005,"50,890,537.35",119,7.4,1287
225,In Bruges,15000000,9.895652,2008,"41,013,879.76",107,7.4,1414
226,Iron Man,140000000,22.073099,2008,"694,979,324.50",126,7.4,8951
227,Deadpool,58000000,187.860492,2016,"834,341,619.71",108,7.4,11444
228,Lone Survivor,40000000,10.855502,2013,"163,840,708.91",121,7.4,1549
229,The Goonies,19000000,14.280703,1985,"146,155,881.44",114,7.4,1563
230,The Incredibles,92000000,22.220214,2004,"854,736,595.68",115,7.4,5290
231,Midnight in Paris,30000000,11.43256,2011,"171,814,959.09",94,7.4,2049
232,Star Trek Into Darkness,190000000,15.78129,2013,"512,898,254.95",132,7.4,4479
233,The Age of Adaline,25000000,10.542026,2015,"70,844,302.42",112,7.4,2052
234,Office Space,10000000,12.329066,1999,"19,688,306.03",89,7.4,1068
235,The Hunger Games: Catching Fire,130000000,25.309139,2013,"929,983,590.89",146,7.4,6656
236,Mary Poppins,6000000,15.11549,1964,"843,585,041.74",139,7.4,1217
237,Donnie Brasco,35000000,12.201954,1997,"66,840,453.16",127,7.4,1175
238,The Avengers,220000000,89.887648,2012,"1,692,295,111.44",143,7.4,12000
239,The Wizard of Oz,2777000,22.064932,1939,"620,945,687.91",102,7.4,1689
240,Drive,15000000,15.388875,2011,"88,744,414.20",100,7.4,3832
241,Moulin Rouge!,52500000,13.691781,2001,"258,751,412.05",127,7.4,1348
242,The Terminator,6400000,19.293562,1984,"192,873,107.22",108,7.4,4208
243,Tangled,260000000,14.684760999999998,2010,"693,819,189.07",100,7.4,3419
244,Hercules,85000000,14.048694,1997,"402,607,378.35",93,7.3,1741
245,Lost in Translation,4000000,11.609441,2003,"166,377,119.45",102,7.3,1943
246,Black Swan,13000000,12.989056,2010,"384,316,432.91",108,7.3,4562
247,If I Stay,11000000,9.659244,2014,"85,206,156.97",106,7.3,1415
248,The Bourne Identity,60000000,21.040126,2002,"304,216,515.16",119,7.3,3640
249,Pitch Perfect,17000000,11.03595,2012,"128,462,996.20",112,7.3,2310
250,10 Things I Hate About You,16000000,12.069966,1999,"82,079,033.89",97,7.3,1768
251,Road to Perdition,80000000,13.426684,2002,"257,265,580.46",117,7.3,1102
252,Moonlight,4000000,14.171675,2016,"69,301,824.44",111,7.3,1831
253,Unbroken,65000000,10.543955,2014,"176,562,564.39",137,7.3,1437
254,The Bourne Ultimatum,70000000,18.173269,2007,"546,213,854.74",115,7.3,2938
255,Mad Max: Fury Road,150000000,29.36178,2015,"408,751,382.02",120,7.3,9629
256,The Longest Ride,34000000,10.264416,2015,"67,985,214.99",128,7.3,1083
257,Zodiac,65000000,19.083823,2007,"104,581,563.96",157,7.3,2080
258,Carol,11800000,8.364201,2015,"43,449,725.40",118,7.3,1014
259,E.T. the Extra-Terrestrial,10500000,19.358546,1982,"2,101,152,682.47",115,7.3,3359
260,Gravity,105000000,18.50194,2013,"786,187,187.42",91,7.3,5879
261,The Fifth Element,90000000,24.30526,1997,"420,463,489.26",126,7.3,3962
262,Moana,150000000,9.143457000000001,2016,"685,099,637.32",107,7.3,3471
263,Casino Royale,150000000,23.065078,2006,"759,801,845.10",144,7.3,3930
264,Ghostbusters,30000000,22.089729,1984,"726,523,848.05",107,7.3,2431
265,Man on Fire,70000000,9.635691,2004,"176,368,992.43",146,7.3,1583
266,Apollo 13,52000000,18.761467,1995,"596,025,849.53",140,7.3,1637
267,Apocalypto,40000000,7.735233,2006,"152,424,710.58",139,7.3,1252
268,The Great Gatsby,105000000,17.598936,2013,"385,240,494.16",143,7.3,3885
269,Jackie Brown,12000000,16.415498,1997,"63,205,155.91",154,7.3,1580
270,Saving Mr. Banks,35000000,15.130888,2013,"123,509,223.63",125,7.3,1256
271,Now You See Me,75000000,17.852022,2013,"129,165,696.12",115,7.3,5635
272,Inside Man,45000000,13.393548,2006,"233,854,207.08",129,7.3,1671
273,Avengers: Age of Ultron,280000000,37.37942,2015,"1,516,294,196.44",141,7.3,6908
274,The Artist,15000000,11.440948,2011,"151,706,453.00",100,7.3,1075
275,"O Brother, Where Art Thou?",26000000,12.434175,2000,"106,717,370.58",106,7.3,1144
276,The Revenant,135000000,23.501228,2015,"575,001,871.80",156,7.3,6558
277,Predator,18000000,18.495694,1987,"221,116,457.95",107,7.3,2129
278,Creed,37000000,33.449723,2015,"187,262,575.79",133,7.3,1963
279,Frozen,150000000,24.248243,2013,"1,398,359,659.23",102,7.3,5440
280,Begin Again,8000000,10.289628,2013,"69,647,918.27",104,7.3,1285
281,The Last Samurai,140000000,19.582325,2003,"634,746,040.44",154,7.3,1946
282,Coraline,60000000,16.639915,2009,"148,528,200.32",100,7.3,1432
283,District 9,30000000,11.589835,2009,"251,312,701.78",112,7.3,3451
284,The Curious Case of Benjamin Button,150000000,17.934821,2008,"396,592,817.57",166,7.3,3398
285,Dawn of the Planet of the Apes,170000000,75.385211,2014,"767,688,278.52",130,7.3,4511
286,The Wrestler,6000000,7.903956,2008,"53,092,482.68",109,7.3,1031
287,Training Day,45000000,13.664622,2001,"151,422,093.61",122,7.3,1665
288,American Psycho,7000000,13.686715,2000,"50,882,464.66",102,7.3,2128
289,Furious 7,190000000,27.275687,2015,"1,625,096,883.34",137,7.3,4253
290,Predestination,5500000,10.524204,2014,"3,240,811.15",97,7.3,1971
291,The Big Short,28000000,13.143061,2015,"143,867,939.17",130,7.3,2679
292,Shrek,60000000,17.987728,2001,"699,398,289.34",90,7.3,4183
293,Toy Story 2,90000000,17.547693,1999,"763,365,596.66",92,7.3,3914
294,The Machinist,5000000,10.737565,2004,"11,104,114.29",101,7.3,1280
295,Southpaw,30000000,12.370126,2015,"98,946,003.22",123,7.3,2112
296,Being John Malkovich,13000000,11.416319,1999,"35,091,365.53",112,7.3,1124
297,The Butterfly Effect,13000000,12.994939,2004,"130,030,499.69",113,7.3,2119
298,Changeling,55000000,11.672394,2008,"134,227,957.29",141,7.3,1151
299,Sin City,40000000,15.010525,2005,"207,825,078.21",124,7.2,2755
300,Finding Neverland,25000000,15.529604,2004,"158,058,276.17",106,7.2,1269
301,The Bourne Supremacy,75000000,20.40426,2004,"390,521,468.96",108,7.2,2873
302,Get Out,5000000,36.894806,2017,"263,351,439.11",104,7.2,2978
303,Crash,6500000,9.785147,2004,"133,210,442.55",112,7.2,1172
304,The Judge,50000000,17.887943,2014,"90,439,575.46",141,7.2,1433
305,Corpse Bride,40000000,12.920032,2005,"153,439,718.88",77,7.2,1957
306,Baby Driver,34000000,228.032744,2017,"234,220,906.85",113,7.2,2083
307,Saw,1200000,23.508433,2004,"140,657,563.60",103,7.2,2255
308,The Butler,25000000,11.061894,2013,"127,215,880.46",132,7.2,1134
309,Match Point,15000000,9.020372,2005,"111,688,888.03",124,7.2,1134
310,Chef,11000000,8.720309,2014,"49,657,798.81",114,7.2,1203
311,Les Misérables,61000000,13.52408,2012,"492,032,918.94",157,7.2,1925
312,Life of Pi,120000000,14.045042,2012,"678,247,106.58",127,7.2,5912
313,End of Watch,7000000,7.4527899999999985,2012,"53,597,196.82",109,7.2,1186
314,The Girl with the Dragon Tattoo,90000000,8.907829,2011,"264,474,330.15",158,7.2,2479
315,Fantastic Beasts and Where to Find Them,180000000,41.05142100000001,2016,"862,286,809.55",133,7.2,5612
316,True Grit,38000000,10.730765,2010,"295,768,960.27",110,7.2,1701
317,The Fighter,25000000,14.141837,2010,"109,756,392.49",116,7.2,1512
318,Sicario,30000000,19.511221,2015,"90,655,701.06",121,7.2,2465
319,Wonder Woman,149000000,294.337037,2017,"856,068,626.27",141,7.2,5025
320,Avatar,237000000,185.070892,2009,"3,323,462,343.80",162,7.2,12114
321,The Blind Side,29000000,12.753109,2009,"368,599,368.82",129,7.2,1626
322,Law Abiding Citizen,53000000,16.639047,2009,"151,024,795.52",109,7.2,1522
323,The Lego Batman Movie,80000000,17.070748000000002,2017,"325,441,506.28",104,7.2,1473
324,Bridge of Spies,40000000,13.707888,2015,"178,535,078.41",141,7.2,2633
325,Zombieland,23600000,11.063029,2009,"122,058,164.93",88,7.2,3655
326,(500) Days of Summer,7500000,16.376657,2009,"72,386,028.36",95,7.2,2993
327,The Hangover,35000000,23.947351,2009,"547,484,835.80",100,7.2,6324
328,Brooklyn,11000000,7.991613,2015,"66,974,131.87",111,7.2,1235
329,Nocturnal Animals,22500000,18.908782000000002,2016,"31,166,610.31",116,7.2,1990
330,Taken,25000000,16.367481,2008,"269,394,223.12",93,7.2,4444
331,Hell or High Water,12000000,12.565896,2016,"40,048,262.45",102,7.2,1304
332,Gone Baby Gone,19000000,6.148516000000001,2007,"42,702,638.85",113,7.2,1034
333,Stardust,70000000,14.784525,2007,"167,210,316.68",127,7.2,1215
334,Arrival,47000000,30.83786,2016,"216,693,163.17",113,7.2,5729
335,Scott Pilgrim vs. the World,60000000,13.793301,2010,"55,881,832.81",112,7.2,2185
336,The Hurt Locker,15000000,9.403724,2008,"49,881,096.14",131,7.2,1881
337,The Devil's Advocate,57000000,10.920124,1997,"243,663,237.15",144,7.2,1414
338,A Nightmare on Elm Street,1800000,13.694713,1984,"62,767,121.98",91,7.2,1212
339,Contact,90000000,14.374866,1997,"272,619,739.10",150,7.2,1338
340,Black Hawk Down,92000000,10.064446,2001,"249,765,408.02",144,7.2,1832
341,Interview with the Vampire,60000000,11.970205,1994,"385,904,455.23",123,7.2,1558
342,Fear and Loathing in Las Vegas,18500000,9.220346,1998,"16,754,271.89",118,7.2,1321
343,Ocean's Eleven,85000000,12.114932,2001,"650,753,107.03",116,7.2,3857
344,First Blood,15000000,14.778884,1982,"331,781,757.02",93,7.2,1523
345,Grease,6000000,7.854899,1978,"713,033,450.75",110,7.2,1633
346,The Fugitive,44000000,10.08937,1993,"652,744,164.93",130,7.2,1240
347,Close Encounters of the Third Kind,20000000,10.610446,1977,"1,281,827,623.26",135,7.2,1122
348,The Emperor's New Groove,100000000,12.297375,2000,"251,434,898.76",78,7.2,1544
349,Goldfinger,2500000,13.78884,1964,"1,030,067,340.43",110,7.2,1005
350,Who Framed Roger Rabbit,70000000,16.78596,1988,"712,856,061.37",104,7.2,1466
351,The Little Mermaid,40000000,17.496832,1989,"458,404,112.90",83,7.2,1921
352,Enemy at the Gates,68000000,10.704813,2001,"140,015,992.32",131,7.2,1023
353,Home Alone,18000000,0.702543,1990,"932,580,500.36",103,7.1,2487
354,Mission: Impossible - Rogue Nation,150000000,17.836882,2015,"736,168,002.29",131,7.1,3274
355,The Social Network,40000000,16.972995,2010,"263,696,123.55",120,7.1,3492
356,The Illusionist,40000000,11.494009,2006,"110,238,937.73",110,7.1,1657
357,The Naked Gun: From the Files of Police Squad!,12000000,15.698222,1988,"170,227,848.34",85,7.1,1020
358,Tarzan,150000000,12.453452,1999,"687,596,638.66",88,7.1,1715
359,Despicable Me,69000000,22.274502,2010,"637,214,699.52",95,7.1,6595
360,Beetlejuice,15000000,10.627364,1988,"158,492,210.45",92,7.1,1475
361,Nerve,19000000,14.9837,2016,"90,817,710.53",96,7.1,2262
362,The Intern,35000000,15.651704999999998,2015,"209,916,399.28",121,7.1,1926
363,Back to the Future Part III,40000000,13.043999,1990,"478,390,994.44",118,7.1,2978
364,The Fly,15000000,13.534589000000002,1986,"141,449,598.14",96,7.1,1038
365,Identity,30000000,17.955897,2003,"125,431,322.58",90,7.1,1090
366,Kick-Ass,28000000,17.26045,2010,"112,771,675.82",117,7.1,4747
367,The Jungle Book,4000000,22.845448,1967,"1,575,874,598.46",78,7.1,1791
368,Gangs of New York,100000000,14.922399,2002,"275,417,616.86",167,7.1,1964
369,28 Days Later,5000000,17.656951,2002,"117,573,510.81",113,7.1,1816
370,Indiana Jones and the Temple of Doom,28000000,15.802306,1984,"819,519,730.51",118,7.1,2841
371,The Aristocats,4000000,9.834047,1970,"366,911,423.06",78,7.1,1287
372,The Equalizer,55000000,17.618057,2014,"207,769,200.28",132,7.1,2997
373,Perfume: The Story of a Murderer,50000000,10.297304,2006,"167,651,332.30",147,7.1,1198
374,The Godfather: Part III,54000000,17.185349,1990,"267,567,575.01",162,7.1,1589
375,The Man from U.N.C.L.E.,75000000,14.656875,2015,"116,678,077.52",116,7.1,2306
376,Dirty Dancing,6000000,14.044122,1987,"481,585,456.53",100,7.1,1371
377,Star Wars: Episode III - Revenge of the Sith,113000000,13.165420999999998,2005,"1,112,877,624.17",140,7.1,4200
378,Minority Report,102000000,20.666063,2002,"509,371,635.23",145,7.1,2663
379,Dracula,40000000,16.777675,1992,"393,414,756.55",128,7.1,1087
380,RoboCop,13000000,13.485582999999998,1987,"119,296,654.93",102,7.1,1494
381,Captain America: Civil War,250000000,145.882135,2016,"1,228,749,830.71",147,7.1,7462
382,X-Men: First Class,160000000,0.738633,2011,"402,052,861.30",132,7.1,5252
383,Fast Five,125000000,1.420361,2011,"711,887,076.47",130,7.1,2491
384,Eyes Wide Shut,65000000,13.268484,1999,"248,779,843.25",159,7.1,1266
385,Total Recall,65000000,12.954444,1990,"511,239,421.57",113,7.1,1745
386,Source Code,32000000,9.796962,2011,"167,509,873.82",93,7.1,2752
387,Argo,44500000,14.238234,2012,"258,733,795.86",120,7.1,3473
388,Wreck-It Ralph,165000000,13.697597,2012,"524,789,602.43",108,7.1,4656
389,The Hobbit: The Battle of the Five Armies,250000000,31.718977,2014,"1,032,759,863.93",144,7.1,4884
390,The Terminal,60000000,14.092373,2004,"297,008,957.67",128,7.1,1974
391,Lilo & Stitch,80000000,18.469238,2002,"207,191,659.00",85,7.1,1371
392,Airplane!,3500000,13.063203,1980,"258,969,295.17",88,7.1,1104
393,Limitless,27000000,12.114955,2011,"184,014,698.28",105,7.1,3888
394,Rise of the Guardians,145000000,10.943775,2012,"341,833,558.45",97,7.1,1981
395,Ice Age,59000000,17.328902,2002,"544,740,687.47",81,7.1,3954
396,Doctor Strange,165000000,43.847654,2016,"722,052,473.34",115,7.1,5880
397,Sweeney Todd: The Demon Barber of Fleet Street,50000000,10.038401,2007,"187,488,663.77",116,7.0,1745
398,Alice in Wonderland,3000000,16.488937,1951,"5,625,400,000.00",75,7.0,1557
399,P.S. I Love You,30000000,10.304881,2007,"193,452,948.30",126,7.0,1011
400,Maleficent,180000000,19.467404,2014,"819,428,065.16",97,7.0,4607
401,The Bucket List,45000000,9.070643,2007,"216,318,131.99",97,7.0,1138
402,Juno,7500000,11.791591,2007,"285,441,109.64",96,7.0,2313
403,Ant-Man,130000000,26.882388,2015,"560,287,212.87",117,7.0,6029
404,22 Jump Street,50000000,10.901496,2014,"203,567,894.80",112,7.0,3375
405,Superbad,20000000,16.205105,2007,"149,822,223.29",113,7.0,2152
406,Scream,14000000,13.326443,1996,"282,014,223.89",111,7.0,1520
407,Bridge to Terabithia,60000000,8.460206,2007,"169,710,622.33",96,7.0,1146
408,Lethal Weapon,15000000,13.183804,1987,"270,571,851.88",110,7.0,1367
409,300,65000000,18.108408,2006,"536,019,266.56",117,7.0,5092
410,Watchmen,130000000,16.551503,2009,"220,842,526.59",163,7.0,2892
411,Sunshine,50000000,12.715571,2007,"39,493,257.25",107,7.0,1210
412,The Maze Runner,34000000,76.93789,2014,"376,279,630.16",113,7.0,5540
413,John Wick,20000000,183.870374,2014,"95,886,593.65",101,7.0,5499
414,Peter Pan,4000000,16.861532999999998,1953,"833,931,688.83",77,7.0,1380
415,War Horse,66000000,8.166363,2011,"201,905,084.75",146,7.0,1016
416,The NeverEnding Story,27000000,14.225919,1984,"49,611,233.93",102,7.0,1031
417,Split,9000000,28.920839,2016,"295,037,312.04",117,7.0,4461
418,Monsters University,200000000,16.267502,2013,"816,000,821.93",104,7.0,3622
419,Pretty Woman,14000000,13.348451,1990,"905,807,957.15",119,7.0,1807
420,127 Hours,18000000,11.176797,2010,"41,846,307.40",94,7.0,2668
421,Mud,10000000,7.881578999999999,2013,"23,690,879.36",130,7.0,1080
422,The Impossible,42000000,10.027434,2012,"200,766,956.67",113,7.0,2071
423,The Hobbit: An Unexpected Journey,250000000,23.253089000000006,2012,"1,137,178,494.50",169,7.0,8427
424,The Aviator,116000000,9.86738,2004,"138,069,878.24",170,7.0,1526
425,Silver Linings Playbook,21000000,14.488110999999998,2012,"229,126,259.45",122,7.0,4840
426,Love Actually,40000000,10.586815,2003,"340,375,285.69",135,7.0,1917
427,"Crazy, Stupid, Love.",50000000,10.246173,2011,"162,414,633.49",118,7.0,2522
428,Blue Jasmine,18000000,12.61244,2013,"108,871,369.85",98,7.0,1126
429,One Day,15000000,11.239012,2011,"67,522,801.33",107,7.0,1006
430,Collateral,65000000,13.455112,2004,"294,771,462.20",120,7.0,1476
431,The Vow,30000000,9.524298,2012,"218,408,081.66",104,7.0,1328
432,Rise of the Planet of the Apes,93000000,41.613762,2011,"548,987,769.25",105,7.0,4452
433,Moneyball,50000000,15.785663,2011,"125,298,930.33",133,7.0,1409
434,50/50,8000000,11.869481,2011,"44,554,540.30",100,7.0,1287
435,Robin Hood,15000000,11.179855,1973,"184,613,482.25",83,7.0,1155
436,Sherlock Holmes: A Game of Shadows,125000000,18.695329,2011,"380,440,442.42",129,7.0,3971
437,Hugo,170000000,14.046164,2011,"211,211,337.98",126,7.0,2197
438,Despicable Me 2,76000000,24.82355,2013,"1,065,338,257.49",98,7.0,4729
439,The Town,37000000,13.081203,2010,"180,579,931.11",125,7.0,1516
440,Sully,60000000,18.275689,2016,"254,069,947.66",96,7.0,2106
441,Snowden,40000000,14.384554000000001,2016,"39,718,135.63",134,7.0,1285
442,Pirates of the Caribbean: Dead Man's Chest,200000000,29.455314,2006,"1,351,633,005.60",151,7.0,5380
443,The Devil Wears Prada,35000000,13.102384,2006,"414,182,116.75",109,7.0,3198
444,Batman,35000000,19.10673,1989,"848,241,289.25",126,7.0,2145
445,The Secret Life of Walter Mitty,90000000,8.684892,2013,"206,462,190.71",114,7.0,3213
446,Invictus,60000000,9.109838,2009,"145,712,011.12",134,7.0,1150
447,Mrs. Doubtfire,25000000,11.16553,1993,"780,878,062.71",125,7.0,1638
448,Lord of War,42000000,8.745216000000001,2005,"31,589,875.84",122,7.0,1356
449,Sherlock Holmes,90000000,15.68604,2009,"624,681,273.75",128,7.0,5883
450,The Nice Guys,50000000,16.075615,2016,"66,895,613.93",116,7.0,2382
451,The Conjuring 2,40000000,14.767317000000002,2016,"341,114,462.69",134,7.0,2018
452,Notting Hill,42000000,9.874043,1999,"558,502,945.17",124,7.0,1309
453,Big,18000000,9.562292,1988,"327,825,067.72",104,6.9,1022
454,Jumanji,65000000,17.015539,1995,"440,926,880.38",104,6.9,2413
455,Divergent,85000000,21.572585,2014,"311,925,799.54",139,6.9,4784
456,Cube,250000,12.095263,1997,"799,469.55",90,6.9,1101
457,Sleepy Hollow,100000000,11.072361,1999,"316,281,410.93",105,6.9,1774
458,Marley & Me,60000000,9.729748,2008,"289,883,249.16",115,6.9,1392
459,Gremlins,11000000,11.333125,1984,"376,740,608.10",106,6.9,1629
460,Superman,55000000,15.460102,1978,"1,177,388,760.78",143,6.9,1042
461,I Am Legend,150000000,11.379355,2007,"722,015,156.09",101,6.9,4977
462,Men in Black,90000000,15.781024,1997,"938,985,425.68",98,6.9,4521
463,Skyfall,200000000,20.309585,2012,"1,234,577,748.36",143,6.9,7718
464,The Hunger Games,75000000,20.031667,2012,"769,784,729.72",142,6.9,9634
465,Kung Fu Panda,130000000,16.897541,2008,"750,288,360.39",90,6.9,3231
466,Unbreakable,75000000,14.67855,2000,"368,430,914.86",106,6.9,1994
467,Meet Joe Black,90000000,14.026744,1998,"224,231,801.04",178,6.9,1174
468,Troy,175000000,15.387275,2004,"673,307,036.30",163,6.9,2841
469,Shooter,61000000,14.246918,2007,"118,040,144.13",124,6.9,1495
470,Mean Girls,17000000,11.454835,2004,"174,675,818.50",97,6.9,2401
471,Die Hard: With a Vengeance,90000000,15.138855,1995,"614,253,254.57",128,6.9,2094
472,Pirates of the Caribbean: At World's End,300000000,31.363664,2007,"1,185,372,407.14",169,6.9,4627
473,The Walk,35000000,9.425787,2015,"66,009,377.93",123,6.9,1151
474,Babel,25000000,12.60853,2006,"171,646,465.96",143,6.9,1083
475,From Dusk Till Dawn,19000000,15.339153,1996,"42,105,944.62",108,6.9,1644
476,Pinocchio,2600000,14.202284,1940,"1,539,679,285.71",88,6.9,1412
477,The Simpsons Movie,75000000,14.302910999999998,2007,"650,127,859.14",87,6.9,2335
478,Snow White and the Seven Dwarfs,1488423,16.263878,1937,"3,283,711,581.26",83,6.9,1973
479,The Rock,75000000,13.249823999999998,1996,"546,051,702.93",136,6.9,1474
480,Equilibrium,20000000,12.671637,2002,"7,617,905.65",107,6.9,1584
481,Collateral Beauty,36000000,14.575883,2016,"93,134,485.71",97,6.9,1553
482,Spy,65000000,13.257467000000002,2015,"254,260,979.74",120,6.9,2590
483,Ghost,22000000,11.945397,1990,"987,976,281.56",127,6.9,1381
484,The Accountant,44000000,13.465656,2016,"165,310,097.94",128,6.9,2121
485,3:10 to Yuma,55000000,18.079094,2007,"86,363,470.59",122,6.9,1210
486,The Place Beyond the Pines,15000000,7.492658,2013,"38,942,789.55",140,6.8,1689
487,Sleeping Beauty,6000000,14.276169,1959,"446,599,315.07",75,6.8,1332
488,The Road,32000000,14.958098,2009,"32,943,344.93",111,6.8,1113
489,Steve Jobs,30000000,16.224866,2015,"37,159,438.51",122,6.8,1608
490,A.I. Artificial Intelligence,100000000,13.249364000000002,2001,"340,634,778.92",146,6.8,2011
491,Sinister,3000000,12.490637,2012,"86,546,474.97",110,6.8,1611
492,Hotel Transylvania,85000000,16.231945,2012,"399,114,293.06",91,6.8,2622
493,The Hunchback of Notre Dame,100000000,13.553999,1996,"163,196,330.15",91,6.8,1182
494,Rush Hour,33000000,11.840557,1998,"383,372,522.24",98,6.8,1254
495,X2,110000000,0.913096,2003,"566,586,103.69",133,6.8,3572
496,The Spectacular Now,2500000,8.098964,2013,"7,522,420.74",95,6.8,1074
497,8 Mile,41000000,8.374355,2002,"305,589,216.23",110,6.8,1676
498,Non-Stop,50000000,19.650229,2014,"240,694,612.25",106,6.8,2302
499,One Hundred and One Dalmatians,4000000,15.727519,1961,"1,846,171,223.40",79,6.8,1643
500,A Monster Calls,43000000,24.483893,2016,"49,704,636.57",108,6.8,1023
501,Speed,30000000,10.859292,1994,"604,653,108.48",116,6.8,1814
502,School of Rock,35000000,17.951420000000006,2003,"182,440,489.45",108,6.8,1454
503,Insidious,1500000,17.24814,2010,"113,733,331.75",103,6.8,1775
504,Iron Man 3,200000000,23.721243,2013,"1,333,854,105.00",130,6.8,8951
505,Bambi,858000,13.698132,1942,"4,195,474,616.87",70,6.8,1450
506,The Patriot,110000000,15.960788,2000,"319,690,843.49",165,6.8,1130
507,The Croods,135000000,14.757874,2013,"642,189,922.27",98,6.8,2447
508,True Lies,115000000,11.396099,1994,"653,712,769.86",141,6.8,1138
509,Face/Off,80000000,11.467391,1997,"391,398,071.85",138,6.8,1612
510,Finding Dory,200000000,14.477676999999998,2016,"1,095,856,567.99",97,6.8,4333
511,Pitch Perfect 2,29000000,15.862632,2015,"310,191,281.88",115,6.8,1997
512,Home,135000000,13.422713,2015,"397,976,018.94",94,6.8,1539
513,Insomnia,46000000,11.424974,2002,"161,628,026.85",118,6.8,1181
514,10 Cloverfield Lane,15000000,14.421528,2016,"115,370,157.71",103,6.8,2537
515,The Fate of the Furious,250000000,48.573287,2017,"1,292,338,434.97",136,6.8,3803
516,American Hustle,40000000,16.478036,2013,"275,642,193.35",138,6.8,2868
517,Beauty and the Beast,160000000,287.253654,2017,"1,317,503,208.37",129,6.8,5530
518,The DUFF,8500000,8.592449,2015,"46,963,171.79",100,6.8,1372
519,Spider-Man,139000000,29.413341,2002,"1,167,931,498.00",121,6.8,5398
520,A Bug's Life,120000000,16.869208999999998,1998,"569,848,406.42",95,6.8,2379
521,Mission: Impossible - Ghost Protocol,145000000,14.25843,2011,"789,854,207.50",133,6.8,4026
522,Thor: The Dark World,170000000,34.905446999999995,2013,"707,368,701.68",112,6.8,4873
523,Dumbo,812000,14.655879,1941,"27,831,292.52",64,6.8,1206
524,Big Eyes,10000000,7.412826,2014,"31,202,001.53",105,6.8,1236
525,Cinderella,2900000,14.436858,1950,"2,796,693,975.75",74,6.8,1760
526,Sing,75000000,20.045673,2016,"673,816,078.95",108,6.8,2363
527,Dawn of the Dead,28000000,13.157873,2004,"138,552,284.92",101,6.8,1039
528,We're the Millers,37000000,18.474368,2013,"296,298,267.07",110,6.8,3053
529,Lawless,26000000,7.968423,2012,"59,778,316.66",115,6.8,1055
530,War Dogs,40000000,16.453573000000002,2016,"91,875,698.05",114,6.8,1392
531,X-Men,75000000,0.954467,2000,"440,034,942.24",104,6.8,4172
532,Pacific Rim,180000000,33.949359,2013,"447,313,575.38",131,6.7,4903
533,Escape Plan,50000000,14.191610999999998,2013,"134,890,102.50",115,6.7,1688
534,The World's End,20000000,9.830382,2013,"50,579,530.84",109,6.7,1820
535,"The Chronicles of Narnia: The Lion, the Witch and the Wardrobe",180000000,18.13542,2005,"980,388,832.08",143,6.7,2709
536,Now You See Me 2,90000000,39.540653000000006,2016,"356,809,466.13",129,6.7,3362
537,Don't Breathe,9900000,25.869882999999998,2016,"167,377,858.61",88,6.7,1830
538,World War Z,200000000,26.114917,2013,"583,681,890.56",116,6.7,5683
539,Top Gun,15000000,20.301019,1986,"832,496,210.54",110,6.7,1736
540,Easy A,8000000,15.138144,2010,"87,873,931.17",92,6.7,2282
541,Brave,185000000,15.876341,2012,"600,252,639.50",93,6.7,4760
542,War for the Planet of the Apes,152000000,146.161786,2017,"385,905,614.60",140,6.7,1675
543,The Adventures of Tintin,130000000,19.201504,2011,"422,877,172.76",107,6.7,2095
544,In Time,40000000,10.324613,2011,"197,750,348.59",109,6.7,3512
545,Spider-Man 2,200000000,10.834506,2004,"1,060,926,698.75",127,6.7,4432
546,Anchorman: The Legend of Ron Burgundy,26000000,10.33012,2004,"122,603,599.11",94,6.7,1523
547,"I, Robot",120000000,14.43075,2004,"470,026,299.74",115,6.7,3889
548,Pitch Black,23000000,6.424399,2000,"78,978,422.80",108,6.7,1812
549,Pocahontas,55000000,13.280069,1995,"580,660,091.58",81,6.7,1509
550,John Wick: Chapter 2,40000000,49.247505,2017,"178,958,584.68",122,6.7,2924
551,21 Jump Street,42000000,11.250764,2012,"224,500,733.32",109,6.7,4151
552,Shrek 2,150000000,16.229860000000002,2004,"1,245,117,895.29",93,6.7,3082
553,Fast & Furious 6,160000000,1.6576369999999998,2013,"865,516,899.76",130,6.7,5282
554,Kung Fu Panda 2,150000000,11.481921,2011,"756,858,676.09",91,6.7,1925
555,Passengers,110000000,20.303632,2016,"322,974,831.94",116,6.7,4134
556,Hook,70000000,14.508137,1991,"564,820,691.93",144,6.7,1563
557,Lemony Snicket's A Series of Unfortunate Events,140000000,12.817945,2004,"283,007,575.58",108,6.7,1521
558,Seven Psychopaths,15000000,9.643538,2012,"21,630,105.13",110,6.7,1224
559,Trolls,125000000,16.83711,2016,"369,555,178.89",92,6.7,1054
560,Charlie and the Chocolate Factory,150000000,22.038405,2005,"621,861,304.14",115,6.7,3759
561,Lincoln,65000000,10.680331,2012,"306,587,696.71",149,6.7,1456
562,Zero Dark Thirty,40000000,9.649303,2012,"147,919,238.16",157,6.7,1723
563,Megamind,130000000,11.603905,2010,"377,379,913.28",95,6.7,1968
564,Kung Fu Panda 3,145000000,14.696548000000002,2016,"555,264,083.14",95,6.7,1630
565,Enemy of the State,90000000,12.978751,1998,"393,197,319.42",132,6.7,1266
566,The Princess and the Frog,105000000,16.616517,2009,"318,338,471.38",97,6.7,1293
567,Orphan,20000000,8.730934,2009,"49,585,833.94",123,6.7,1296
568,Step Up,12000000,14.21769,2006,"144,839,396.72",104,6.7,1092
569,The Proposal,40000000,8.058337,2009,"378,334,710.61",108,6.7,1858
570,Everest,55000000,10.758754,2015,"219,478,621.22",121,6.7,1805
571,Phone Booth,13000000,9.142772,2002,"139,060,345.67",81,6.7,1087
572,Mission: Impossible,80000000,15.793477,1996,"745,907,960.46",110,6.7,2677
573,The Gift,5000000,8.585856,2015,"63,632,242.92",108,6.7,1077
574,The Holiday,85000000,14.043416,2006,"246,274,487.05",136,6.7,1259
575,Lethal Weapon 2,25000000,12.834276,1989,"469,856,969.52",114,6.7,1066
576,Valkyrie,75000000,8.635464,2008,"237,856,819.32",121,6.7,1195
577,Starship Troopers,105000000,14.412644,1997,"193,112,250.46",129,6.7,1584
578,The Jungle Book,175000000,17.432758,2016,"1,029,779,118.42",106,6.7,2977
579,Death Proof,25000000,13.412137,2007,"30,883,696.40",113,6.7,1359
580,Vicky Cristina Barcelona,15000000,9.648539,2008,"114,499,267.61",96,6.7,1050
581,Red Dragon,78000000,2.968157,2002,"297,340,152.30",124,6.7,1142
582,The Lobster,4000000,11.223033,2015,"16,891,512.87",118,6.7,1340
583,Focus,50100000,10.035362,2015,"166,111,095.52",105,6.7,2588
584,Cinderella,95000000,19.801128,2015,"586,399,240.77",105,6.7,2426
585,Romeo + Juliet,14500000,11.774061,1996,"240,052,856.52",120,6.7,1406
586,The Mist,18000000,8.435642,2007,"70,426,897.17",126,6.7,1438
587,Atlantis: The Lost Empire,120000000,10.901602,2001,"268,627,540.84",95,6.7,1257
588,Independence Day,75000000,17.634197,1996,"1,331,415,180.55",145,6.7,3334
589,Hotel Transylvania 2,80000000,11.760218,2015,"510,565,962.70",89,6.7,1528
590,Up in the Air,25000000,8.338562,2009,"195,106,848.48",109,6.7,1246
591,The Matrix Reloaded,150000000,16.229317,2003,"1,026,412,736.66",138,6.7,3500
592,Pearl Harbor,140000000,11.419388,2001,"648,592,860.74",183,6.6,1833
593,Dredd,50000000,12.1524,2012,"45,702,746.64",95,6.6,1971
594,The Hunger Games: Mockingjay - Part 2,160000000,26.628178,2015,"704,985,680.75",137,6.6,4117
595,Super 8,50000000,19.529911,2011,"295,716,068.81",112,6.6,2496
596,A Christmas Carol,200000000,12.869273,2009,"387,703,024.56",96,6.6,1137
597,Pineapple Express,27000000,8.461369,2008,"120,694,251.53",111,6.6,1169
598,Looper,30000000,12.727269,2012,"52,389,544.43",118,6.6,4777
599,50 First Dates,75000000,11.134888,2004,"265,964,388.18",99,6.6,2161
600,Captain America: The First Avenger,140000000,19.323582,2011,"421,319,213.93",124,6.6,7174
601,Thor,150000000,29.158489000000007,2011,"510,861,788.45",115,6.6,6678
602,Star Trek Beyond,185000000,20.659284,2016,"365,940,597.30",122,6.6,2636
603,Ender's Game,110000000,12.500305,2013,"137,767,638.36",114,6.6,2354
604,The Good Dinosaur,175000000,12.319595,2015,"358,116,100.37",93,6.6,1782
605,Meet the Parents,55000000,14.178281,2000,"490,676,784.59",108,6.6,1743
606,King Kong,207000000,19.761164,2005,"720,097,286.23",187,6.6,2403
607,The Cabin in the Woods,30000000,14.811958,2012,"74,043,948.85",95,6.6,2314
608,Chappie,49000000,30.206365,2015,"112,636,980.69",120,6.6,3124
609,Cloud Atlas,102000000,13.494246,2012,"145,315,633.05",172,6.6,3031
610,The Transporter,21000000,13.217421,2002,"62,438,176.28",92,6.6,1724
611,GoldenEye,58000000,14.686035999999998,1995,"590,918,730.27",130,6.6,1194
612,The Book of Eli,80000000,14.39853,2010,"184,192,815.01",118,6.6,2207
613,The Italian Job,60000000,13.995044,2003,"244,680,123.50",110,6.6,1949
614,Enchanted,85000000,11.447798,2007,"419,984,045.42",107,6.6,1512
615,Real Steel,110000000,19.265552,2011,"340,253,256.98",127,6.6,2749
616,Dear John,25000000,8.371478999999999,2010,"134,798,924.77",115,6.6,1302
617,Die Hard 2,70000000,18.785984,1990,"469,594,114.28",124,6.6,1920
618,It Follows,2000000,20.359336,2015,"15,831,903.94",100,6.6,1894
619,Panic Room,48000000,14.969502,2002,"279,148,521.49",111,6.6,1303
620,Batman Returns,80000000,15.001681,1992,"510,306,486.10",126,6.6,1706
621,Pirates of the Caribbean: Dead Men Tell No Tales,230000000,133.82782,2017,"828,538,928.32",129,6.6,2814
622,Cars,120000000,18.907948,2006,"585,957,793.65",117,6.6,3991
623,Chronicle,15000000,12.47441,2012,"161,483,013.94",84,6.6,1965
624,Transformers,150000000,5.587707,2007,"875,411,436.30",144,6.6,4113
625,Disturbia,20000000,18.006895999999994,2007,"145,254,540.59",105,6.6,1038
626,The Hunger Games: Mockingjay - Part 1,125000000,147.098006,2014,"812,471,603.53",123,6.6,5767
627,The Purge: Anarchy,9000000,27.756026,2014,"117,514,887.95",104,6.6,2008
628,2 Guns,61000000,13.336512,2013,"144,794,691.38",109,6.6,1611
629,RED,58000000,12.595165,2010,"84,019,856.87",111,6.6,2858
630,The Mummy,80000000,23.984065,1999,"638,306,838.42",124,6.6,2796
631,Blended,40000000,10.395472,2014,"133,407,569.82",117,6.6,1028
632,Underworld,22000000,20.624333,2003,"133,003,545.95",121,6.6,2556
633,Déjà Vu,75000000,14.922904,2006,"229,010,741.74",126,6.6,1519
634,The Call,13000000,8.611077,2013,"75,253,034.57",94,6.6,1275
635,The Fast and the Furious,38000000,1.406181,2001,"299,280,065.63",106,6.6,3485
636,9,30000000,18.502877,2009,"57,729,863.45",79,6.6,1291
637,Mad Max,400000,11.412619,1979,"352,203,856.75",93,6.6,1235
638,Love & Other Drugs,30000000,7.5756960000000015,2010,"120,545,969.95",112,6.6,1268
639,Madagascar,75000000,16.136217000000002,2005,"697,421,646.57",86,6.6,3322
640,Kingdom of Heaven,130000000,16.296471,2005,"277,097,570.41",144,6.6,1187
641,The Lovely Bones,65000000,12.738789,2009,"111,489,474.78",136,6.6,1101
642,Rango,135000000,10.581925,2011,"279,376,527.29",107,6.6,2094
643,Crank,12000000,12.627593,2006,"54,451,722.14",88,6.6,1172
644,Allied,85000000,13.085186,2016,"127,338,624.50",124,6.6,1415
645,Constantine,100000000,9.615691,2005,"302,289,938.30",121,6.6,1837
646,Iron Man 2,200000000,19.083344,2010,"731,498,178.53",124,6.6,6969
647,The Mask,23000000,14.13488,1994,"606,611,856.75",101,6.6,2550
648,Bridget Jones's Diary,25000000,10.780524,2001,"407,055,045.63",97,6.6,1397
649,The Hitchhiker's Guide to the Galaxy,50000000,13.257255,2005,"136,790,225.15",109,6.6,1340
650,Money Monster,27000000,11.953822,2016,"99,384,841.01",98,6.5,1096
651,Miss Peregrine's Home for Peculiar Children,110000000,36.262655,2016,"315,880,826.45",127,6.5,3213
652,Man of Steel,225000000,18.538834,2013,"727,423,171.47",143,6.5,6462
653,The Amazing Spider-Man 2,200000000,26.23687,2014,"762,365,641.58",142,6.5,4274
654,The Heat,43000000,12.706403,2013,"174,132,994.96",117,6.5,1595
655,King Arthur: Legend of the Sword,175000000,44.251369,2017,"152,496,794.68",126,6.5,1506
656,Deepwater Horizon,110000000,13.1984,2016,"129,757,493.23",107,6.5,1478
657,Austin Powers: International Man of Mystery,16500000,11.749159,1997,"107,830,504.59",94,6.5,1033
658,Blade,45000000,15.043454,1998,"205,789,132.64",120,6.5,1950
659,Alice Through the Looking Glass,170000000,14.616079999999998,2016,"318,953,877.00",113,6.5,1782
660,Space Jam,80000000,11.054251,1996,"407,751,051.63",88,6.5,1335
661,Project X,12000000,9.803023,2012,"111,367,595.82",88,6.5,1624
662,Bad Boys,19000000,9.262184,1995,"237,255,748.27",118,6.5,1729
663,Armageddon,140000000,13.235112,1998,"868,751,834.52",151,6.5,2540
664,Maze Runner: The Scorch Trials,61000000,41.225769,2015,"335,816,016.79",132,6.5,3148
665,Penguins of Madagascar,132000000,22.201607,2014,"403,537,264.20",92,6.5,1375
666,Jurassic World,150000000,32.790475,2015,"1,632,950,703.45",124,6.5,8842
667,The Babadook,2000000,8.832788,2014,"7,212,393.89",93,6.5,1890
668,In the Heart of the Sea,100000000,11.696923,2015,"101,223,492.91",122,6.5,1300
669,Con Air,75000000,11.545982,1997,"356,884,288.06",115,6.5,1289
670,Flight,31000000,10.973822,2012,"180,162,004.74",138,6.5,2449
671,There's Something About Mary,23000000,11.688958,1998,"580,242,363.56",119,6.5,1616
672,Dumb and Dumber,16000000,9.844558,1994,"426,641,789.01",107,6.5,1894
673,The Amazing Spider-Man,215000000,31.102267,2012,"837,724,715.31",136,6.5,6734
674,Cloudy with a Chance of Meatballs,100000000,11.665693,2009,"289,660,376.49",90,6.5,1799
675,Hellboy II: The Golden Army,85000000,11.928661,2008,"190,484,104.55",120,6.5,1555
676,Paul,40000000,10.24382,2011,"110,911,779.39",104,6.5,1825
677,Vanilla Sky,68000000,10.071057,2001,"293,655,555.02",136,6.5,1100
678,Mr. & Mrs. Smith,110000000,15.724373000000002,2005,"626,101,704.37",120,6.5,3048
679,The Da Vinci Code,125000000,18.566706,2006,"973,867,516.70",149,6.5,2773
680,Mission: Impossible III,150000000,15.687983,2006,"504,614,325.74",126,6.5,2062
681,Burn After Reading,37000000,13.206798999999998,2008,"194,441,345.30",96,6.5,1251
682,The Island,126000000,11.443647,2005,"213,344,092.34",136,6.5,1813
683,Tropic Thunder,92000000,8.980941,2008,"223,363,568.74",107,6.5,1707
684,Step Brothers,65000000,8.579638000000001,2008,"152,146,419.23",98,6.5,1084
685,The Tree of Life,32000000,11.204539,2011,"62,161,847.88",139,6.5,1009
686,21,35000000,8.33756,2008,"82,925,183.39",123,6.5,1406
687,Bridesmaids,32500000,6.8109910000000005,2011,"327,877,575.95",125,6.5,1697
688,Rio,90000000,10.403228,2011,"551,006,508.81",96,6.5,2213
689,Hanna,30000000,8.071196,2011,"72,517,017.98",111,6.5,1284
690,The Ring,48000000,13.740965,2002,"354,410,906.99",115,6.5,1720
691,Ice Age: The Meltdown,80000000,16.646029000000002,2006,"838,306,336.54",91,6.5,3034
692,Unknown,30000000,14.443599,2011,"148,697,562.08",113,6.5,1288
693,Borat: Cultural Learnings of America for Make Benefit Glorious Nation of Kazakhstan,18000000,8.278336,2006,"331,766,620.24",82,6.5,1617
694,The Adjustment Bureau,50200000,9.420301,2011,"145,381,059.18",106,6.5,1677
695,The Princess Diaries,37000000,7.387171,2001,"238,713,713.28",115,6.5,1063
696,Hellboy,66000000,13.206854000000002,2004,"134,440,788.65",122,6.5,2278
697,Friends with Benefits,35000000,10.009007,2011,"171,092,479.82",109,6.5,2306
698,Angels & Demons,150000000,22.211558,2009,"425,109,819.82",138,6.5,2183
699,Chicken Run,45000000,11.834245,2000,"333,857,131.33",84,6.5,1190
700,Fast & Furious,85000000,1.498902,2009,"432,918,893.06",107,6.5,2426
701,Public Enemies,80000000,10.364794,2009,"255,228,677.55",140,6.5,1371
702,1408,25000000,9.196884,2007,"116,785,206.02",104,6.5,1372
703,Ocean's Thirteen,85000000,12.16276,2007,"383,997,288.74",122,6.5,2040
704,Ice Age: Dawn of the Dinosaurs,90000000,12.980624,2009,"1,056,996,825.67",94,6.5,2330
705,28 Weeks Later,15000000,12.884191,2007,"79,236,705.78",100,6.5,1225
706,Underworld: Evolution,50000000,12.496805,2006,"141,219,458.41",106,6.4,1548
707,Demolition Man,57000000,11.626116,1993,"281,457,161.78",115,6.4,1018
708,Signs,72000000,11.211568,2002,"580,261,213.88",106,6.4,1624
709,Live Free or Die Hard,110000000,14.886039000000002,2007,"473,077,642.76",128,6.4,2122
710,Epic,100000000,11.913405,2013,"294,578,070.02",102,6.4,1143
711,Forgetting Sarah Marshall,30000000,15.106676,2008,"124,908,339.55",111,6.4,1194
712,Warm Bodies,35000000,10.430238,2013,"128,377,490.44",97,6.4,2698
713,Rambo,50000000,9.91556,2008,"134,494,031.37",92,6.4,1009
714,Oblivion,120000000,14.654053,2013,"314,048,514.42",124,6.4,4862
715,The Ugly Truth,38000000,8.450799,2009,"244,731,610.82",96,6.4,1005
716,X-Men: Apocalypse,178000000,28.712522,2016,"579,517,187.65",144,6.4,4831
717,Evil Dead,17000000,12.01525,2013,"107,046,063.63",91,6.4,1754
718,Cloverfield,25000000,12.868098,2008,"202,807,066.64",85,6.4,2297
719,Minions,74000000,547.4882980000001,2015,"1,248,000,451.41",91,6.4,4729
720,Star Wars: Episode II - Attack of the Clones,120000000,14.072511,2002,"923,019,191.05",142,6.4,4074
721,Elysium,115000000,15.232738,2013,"314,017,927.00",109,6.4,3510
722,Bruce Almighty,80000000,15.947524,2003,"673,398,227.77",101,6.4,3121
723,Side Effects,30000000,11.645847,2013,"69,546,841.05",106,6.4,1340
724,Crimson Peak,55000000,13.492684,2015,"80,572,280.53",119,6.4,1494
725,Joy,60000000,12.975936,2015,"109,113,834.96",124,6.4,1619
726,Night at the Museum,110000000,16.661966,2006,"728,644,598.43",108,6.4,2949
727,Mamma Mia!,52000000,10.534437,2008,"724,275,460.20",108,6.4,1435
728,Let's Be Cops,17000000,15.962793,2014,"147,587,912.95",104,6.4,1234
729,Ace Ventura: Pet Detective,15000000,11.247957,1994,"184,989,798.63",86,6.4,1684
730,The Grey,25000000,14.31675,2012,"86,063,019.32",117,6.4,1476
731,Hannibal,87000000,2.48875,2001,"507,779,293.78",131,6.4,1296
732,Alice in Wonderland,200000000,17.285093,2010,"1,202,283,708.51",108,6.4,4773
733,Final Destination,23000000,14.961416,2000,"79,148,674.16",98,6.4,1416
734,Yes Man,70000000,9.756289,2008,"268,397,088.13",104,6.4,1869
735,Rush Hour 2,90000000,8.345985,2001,"501,474,915.71",90,6.4,1078
736,The Giver,25000000,12.472206,2014,"72,357,002.95",94,6.4,1859
737,Secret Window,40000000,9.524283,2004,"125,769,707.91",96,6.4,1007
738,The Polar Express,165000000,14.27536,2004,"414,041,419.59",100,6.4,1524
739,Horrible Bosses,35000000,9.856955,2011,"133,023,121.39",98,6.4,2341
740,National Treasure,100000000,18.932203,2004,"470,320,006.86",131,6.4,1974
741,Ocean's Twelve,110000000,11.869347,2004,"491,020,182.09",125,6.4,2169
742,Elf,32000000,8.754132,2003,"240,967,397.02",97,6.4,1007
743,American Pie,11000000,18.344227,1999,"361,422,593.77",95,6.4,2358
744,Wanted,75000000,12.457896,2008,"306,733,121.44",110,6.4,2583
745,The Matrix Revolutions,150000000,15.368205,2003,"590,595,030.18",129,6.4,3155
746,Star Wars: Episode I - The Phantom Menace,115000000,15.649091,1999,"1,418,655,459.67",136,6.4,4526
747,Wedding Crashers,40000000,11.100597,2005,"373,372,722.34",119,6.4,1406
748,Pirates of the Caribbean: On Stranger Tides,380000000,27.88772,2011,"1,188,924,051.45",136,6.4,5068
749,Resident Evil,33000000,7.781292999999999,2002,"146,377,038.43",100,6.4,2100
750,Madagascar 3: Europe's Most Wanted,145000000,13.829042,2012,"831,828,265.51",93,6.4,1857
751,Liar Liar,45000000,10.102471,1997,"482,262,331.81",86,6.4,1456
752,Bolt,150000000,15.580915,2008,"368,146,235.33",98,6.3,1798
753,Oculus,5000000,8.698042999999998,2013,"48,319,887.99",104,6.3,1079
754,Lucy,40000000,36.447603,2014,"136,704,787.29",89,6.3,6048
755,Warcraft,160000000,12.572718,2016,"462,046,898.72",123,6.3,2325
756,Run All Night,50000000,16.838145,2015,"77,208,069.08",114,6.3,1169
757,The Mask of Zorro,95000000,11.348096,1998,"392,630,523.50",136,6.3,1211
758,Kick-Ass 2,28000000,13.570264000000002,2013,"66,613,690.99",103,6.3,2275
759,The Chronicles of Narnia: Prince Caspian,225000000,12.490891,2008,"498,396,963.79",150,6.3,1668
760,Blade II,54000000,17.050639999999998,2002,"220,322,763.66",117,6.3,1556
761,Machete,20000000,7.120403,2010,"36,728,765.59",105,6.3,1171
762,Eagle Eye,80000000,14.324875,2008,"211,479,896.39",118,6.3,1038
763,White House Down,150000000,9.920223,2013,"225,374,569.32",131,6.3,1910
764,The Wolverine,120000000,3.918287,2013,"455,914,935.99",126,6.3,4110
765,Sin City: A Dame to Kill For,65000000,20.623642,2014,"42,570,880.49",102,6.3,1314
766,Insidious: Chapter 3,10000000,10.098792,2015,"112,533,732.91",97,6.3,1005
767,The Number 23,30000000,8.140941,2007,"95,676,963.80",101,6.3,1045
768,The Blair Witch Project,60000,14.838385999999998,1999,"380,633,853.54",81,6.3,1090
769,Safe House,85000000,8.338675,2012,"231,729,466.98",115,6.3,1361
770,Why Him?,38000000,14.531429000000001,2016,"125,755,681.69",111,6.3,1203
771,Saw II,4000000,15.399863,2005,"200,219,899.03",92,6.3,1288
772,Bad Boys II,130000000,8.191436,2003,"379,852,850.38",147,6.3,1588
773,Just Go with It,80000000,9.267959,2011,"244,351,430.28",117,6.3,1588
774,Life,58000000,36.263803,2017,"104,890,003.24",103,6.3,1959
775,Lights Out,4900000,11.494907000000001,2016,"158,607,337.96",81,6.3,1174
776,13 Going on 30,37000000,12.632595,2004,"130,564,964.12",98,6.3,1260
777,The Chronicles of Riddick,105000000,5.060352,2004,"156,713,011.27",119,6.3,1593
778,Bad Moms,20000000,9.362055999999999,2016,"195,968,558.84",100,6.3,1287
779,The Lorax,70000000,7.689394999999998,2012,"388,495,073.18",86,6.3,1048
780,Ted,50000000,19.638605,2012,"611,818,284.61",106,6.3,4811
781,Home Alone 2: Lost in New York,18000000,13.293722,1992,"654,270,654.54",120,6.3,2459
782,Prometheus,130000000,16.624854,2012,"449,000,894.20",124,6.3,5152
783,Men in Black 3,225000000,10.684385,2012,"694,963,617.70",106,6.3,4228
784,Power Rangers,100000000,23.247298,2017,"148,492,991.71",124,6.3,1321
785,The Mechanic,40000000,9.832342,2011,"58,064,941.53",93,6.3,1066
786,TRON: Legacy,170000000,21.259,2010,"469,032,776.25",125,6.3,2895
787,The Witch,3500000,11.840138,2016,"43,068,344.74",92,6.3,1471
788,Unstoppable,100000000,12.697059,2010,"196,734,789.80",98,6.3,1193
789,Self/less,26000000,25.301568,2015,"32,931,598.68",116,6.3,1122
790,The Beach,40000000,14.430310999999998,2000,"213,910,234.76",119,6.3,1271
791,Black Mass,53000000,10.61072,2015,"106,636,472.03",122,6.3,1262
792,Jack Reacher,60000000,12.789812,2012,"243,160,671.35",130,6.3,3046
793,Spectre,245000000,24.926577,2015,"950,162,436.80",148,6.3,4552
794,X-Men: The Last Stand,210000000,0.867943,2006,"582,630,149.87",104,6.3,3581
795,Over the Hedge,80000000,9.382953,2006,"435,548,988.38",83,6.3,1116
796,Silent Hill,50000000,7.938457,2006,"123,800,722.88",125,6.3,1093
797,Ghostbusters II,37000000,16.414239000000002,1989,"444,164,794.41",108,6.3,1131
798,Hitch,70000000,13.35076,2005,"481,942,024.55",118,6.3,1721
799,X-Men Origins: Wolverine,150000000,1.456541,2009,"444,718,761.42",107,6.2,4086
800,The Other Woman,40000000,9.389354,2014,"212,576,895.02",109,6.2,1467
801,DodgeBall: A True Underdog Story,20000000,11.967379,2004,"227,033,322.75",92,6.2,1009
802,Neighbors,18000000,11.90575,2014,"289,682,497.59",96,6.2,2773
803,Underworld: Rise of the Lycans,35000000,11.654958,2009,"108,900,187.44",92,6.2,1447
804,Kong: Skull Island,185000000,29.429112,2017,"591,159,216.76",118,6.2,3161
805,Despicable Me 3,80000000,36.631519,2017,"1,064,178,732.31",96,6.2,2002
806,The Village,60000000,8.172707,2004,"347,472,503.25",108,6.2,1101
807,The Day After Tomorrow,125000000,15.049695000000002,2004,"736,741,414.46",124,6.2,2462
808,The 40 Year Old Virgin,26000000,11.519662,2005,"143,298,360.99",116,6.2,2020
809,A Walk Among the Tombstones,28000000,14.914924,2014,"57,450,507.48",113,6.2,1145
810,The Shallows,17000000,13.689175,2016,"126,891,932.59",86,6.2,1619
811,Alien³,50000000,17.126768,1992,"291,190,986.86",114,6.2,1664
812,Insurgent,110000000,27.887186,2015,"318,533,367.07",119,6.2,3921
813,Ted 2,68000000,42.061481,2015,"234,146,311.19",115,6.2,2524
814,Knocked Up,30000000,9.058516,2007,"270,226,076.47",129,6.2,1255
815,Goosebumps,58000000,12.365292,2015,"170,642,299.12",103,6.2,1022
816,2 Fast 2 Furious,76000000,2.32462,2003,"328,450,347.92",107,6.2,2087
817,Central Intelligence,50000000,11.374041,2016,"231,166,163.52",107,6.2,1699
818,Madagascar: Escape 2 Africa,150000000,12.668733,2008,"717,219,324.28",89,6.2,1866
819,Hancock,150000000,11.017324,2008,"741,125,453.62",92,6.2,3050
820,Transporter 2,32000000,11.359659,2005,"111,507,246.76",87,6.2,1076
821,The Lost World: Jurassic Park,73000000,0.7881229999999999,1997,"364,949,257.24",129,6.2,2528
822,Tomorrowland,190000000,22.296076,2015,"225,657,215.76",130,6.2,2904
823,War of the Worlds,132000000,19.929377,2005,"774,745,310.86",116,6.2,2397
824,The Girl on the Train,45000000,10.217291000000001,2016,"184,515,100.61",112,6.2,1837
825,Dracula Untold,70000000,16.316318,2014,"232,829,812.83",92,6.2,2439
826,Transformers: The Last Knight,260000000,39.186819,2017,"631,104,471.50",149,6.2,1440
827,The A-Team,110000000,16.747792999999998,2010,"207,794,406.86",117,6.2,1737
828,Olympus Has Fallen,70000000,10.978188,2013,"176,713,545.70",120,6.2,3010
829,The Karate Kid,40000000,11.690781,2010,"419,545,425.96",140,6.2,1675
830,Ice Age: Continental Drift,95000000,13.26958,2012,"976,966,423.16",88,6.2,2731
831,How the Grinch Stole Christmas,123000000,11.642462,2000,"512,500,910.26",104,6.2,1440
832,Due Date,65000000,11.73956,2010,"248,291,410.81",95,6.2,1737
833,The Hangover Part II,80000000,21.893532,2011,"289,303,671.05",102,6.2,3836
834,Contagion,60000000,8.244359,2011,"156,389,251.16",106,6.2,1351
835,Salt,110000000,8.704455000000001,2010,"343,898,413.42",100,6.2,2125
836,Riddick,38000000,9.596377,2013,"107,917,795.41",119,6.2,2066
837,This Is the End,32000000,11.414048,2013,"138,320,884.27",107,6.2,2394
838,The Mortal Instruments: City of Bones,60000000,14.336187,2013,"99,388,747.42",130,6.2,1649
839,Prince of Persia: The Sands of Time,150000000,18.459955,2010,"392,934,627.30",116,6.2,2372
840,The Chronicles of Narnia: The Voyage of the Dawn Treader,155000000,12.383398,2010,"487,349,682.20",113,6.2,1555
841,Gangster Squad,60000000,8.581558,2013,"115,450,089.69",113,6.2,1805
842,Upside Down,60000000,7.37535,2012,"9,027,986.31",104,6.2,1094
843,Robin Hood,200000000,10.56812,2010,"364,228,341.94",140,6.2,1434
844,Mars Attacks!,70000000,15.63424,1996,"165,204,391.63",106,6.1,1544
845,Meet the Fockers,80000000,11.876386,2004,"699,341,447.87",115,6.1,1412
846,Quantum of Solace,200000000,13.678120000000002,2008,"696,067,807.22",106,6.1,3015
847,Turbo,135000000,8.979753,2013,"310,100,100.38",96,6.1,1094
848,Horrible Bosses 2,42000000,20.903362,2014,"116,313,097.95",108,6.1,1575
849,Taken 3,48000000,18.081483,2014,"351,921,221.45",109,6.1,2225
850,Night at the Museum: Secret of the Tomb,127000000,19.539436,2014,"377,472,703.45",97,6.1,1893
851,The Interview,44000000,14.526049,2014,"13,333,379.82",112,6.1,2340
852,Austin Powers: The Spy Who Shagged Me,33000000,13.984182,1999,"477,235,174.01",95,6.1,1034
853,American Reunion,50000000,8.10609,2012,"261,702,250.13",113,6.1,1641
854,Transformers: Dark of the Moon,195000000,4.5035050000000005,2011,"1,277,643,872.29",154,6.1,3351
855,The Expendables 2,100000000,14.881566,2012,"348,105,506.36",103,6.1,2940
856,The Other Guys,100000000,12.536621,2010,"199,815,219.78",107,6.1,1406
857,That Awkward Moment,8000000,8.060402999999999,2014,"28,140,051.83",94,6.1,1020
858,The Fast and the Furious: Tokyo Drift,85000000,2.238808,2006,"200,993,761.23",104,6.1,1749
859,Saw III,10000000,14.938035,2006,"207,853,678.55",108,6.1,1104
860,The Twilight Saga: Breaking Dawn - Part 2,120000000,26.080995,2012,"923,237,369.34",115,6.1,2641
861,Vacation,31000000,11.33038,2015,"112,620,408.74",99,6.1,1218
862,Gone in Sixty Seconds,90000000,14.091765,2000,"352,221,996.83",118,6.1,1511
863,No Strings Attached,25000000,8.88057,2011,"168,018,935.12",107,6.1,1367
864,Pain & Gain,25000000,9.218002,2013,"94,570,909.48",130,6.1,1595
865,The Internship,58000000,0.393865,2013,"48,286,695.28",119,6.1,1691
866,Paper Towns,12000000,9.662731,2015,"92,259,473.04",109,6.1,1997
867,Resident Evil: Extinction,45000000,3.009134,2007,"183,063,024.70",94,6.1,1308
868,Men in Black II,140000000,16.775716,2002,"627,977,031.28",88,6.1,3188
869,The Purge: Election Year,10000000,13.1789,2016,"126,345,503.82",105,6.1,1356
870,Taken 2,45000000,16.376482,2012,"418,899,529.37",91,6.1,2783
871,National Treasure: Book of Secrets,130000000,12.854373,2007,"564,147,429.12",124,6.1,1782
872,John Carter,260000000,14.670353,2012,"316,438,884.45",132,6.1,2170
873,Magic Mike,7000000,8.732425,2012,"186,230,643.31",110,6.1,1062
874,27 Dresses,30000000,10.342202,2008,"190,331,202.36",111,6.1,1013
875,The Incredible Hulk,150000000,19.125537,2008,"194,431,850.08",114,6.1,3086
876,Resident Evil: Apocalypse,45000000,7.850797,2004,"175,152,246.21",94,6.1,1286
877,The Boss Baby,125000000,13.392824,2017,"520,387,482.56",97,6.1,2336
878,300: Rise of an Empire,110000000,12.904677,2014,"364,677,731.48",102,6.1,2438
879,Need for Speed,66000000,18.271383,2014,"219,594,809.99",130,6.1,1560
880,Ace Ventura: When Nature Calls,30000000,8.205447999999999,1995,"356,345,018.29",90,6.1,1128
881,Godzilla,160000000,14.019239,2014,"571,545,208.46",123,6.1,3232
882,Baywatch,69000000,35.637691,2017,"185,548,638.23",116,6.1,1829
883,What Women Want,70000000,9.963079,2000,"555,518,951.68",127,6.1,1021
884,The Woman in Black,17000000,8.896678999999997,2012,"142,250,649.80",95,6.1,1237
885,17 Again,20000000,11.362762,2009,"162,440,995.87",102,6.1,1388
886,Zoolander,28000000,10.40782,2001,"87,756,616.84",89,6.1,1363
887,The Expendables 3,90000000,14.753545,2014,"222,722,093.37",127,6.1,1830
888,Underworld: Awakening,70000000,12.345348,2012,"178,313,632.29",88,6.1,1885
889,The Family,30000000,8.047735000000001,2013,"40,488,640.91",111,6.1,1052
890,Casper,50000000,12.812539,1995,"483,092,120.77",100,6.0,1045
891,The Mummy Returns,98000000,16.945657,2001,"625,191,948.97",130,6.0,2258
892,The Expendables,80000000,14.75562,2010,"321,788,536.20",103,6.0,2977
893,Monsters vs Aliens,175000000,14.243634,2009,"454,788,222.65",94,6.0,1464
894,Antz,60000000,16.025625,1998,"269,438,561.77",83,6.0,1320
895,Shrek Forever After,165000000,11.803808,2010,"882,347,738.16",93,6.0,2021
896,The Purge,3000000,23.207663,2013,"98,031,458.90",86,6.0,2498
897,American Wedding,55000000,14.397139,2003,"321,638,919.60",103,6.0,1158
898,Death Race,45000000,13.530029999999998,2008,"87,603,694.11",105,6.0,1205
899,The Hangover Part III,103000000,25.085639,2013,"397,267,890.17",100,6.0,2991
900,Transformers: Revenge of the Fallen,150000000,4.351756,2009,"996,928,676.92",150,6.0,3192
901,Scary Movie,19000000,12.446738,2000,"412,831,913.15",88,6.0,1468
902,The Host,44000000,11.342024,2013,"69,496,846.76",125,6.0,1859
903,Fifty Shades Darker,55000000,29.130443,2017,"395,210,894.39",118,6.0,2341
904,The BFG,140000000,18.769476,2016,"195,339,446.28",120,6.0,1026
905,Johnny English Reborn,45000000,10.668658,2011,"182,001,309.20",101,6.0,1026
906,Shrek the Third,160000000,14.072479,2007,"985,497,360.30",93,6.0,2355
907,The Huntsman: Winter's War,115000000,17.260203,2016,"175,369,887.83",114,6.0,1575
908,The Visit,5000000,15.021057999999998,2015,"106,218,062.67",94,6.0,1405
909,American Ultra,28000000,9.534828,2015,"29,280,912.60",96,6.0,1099
910,Under the Skin,13300000,6.707974,2014,"5,812,125.82",108,6.0,1118
911,The Tourist,100000000,12.845045,2010,"326,784,094.70",103,6.0,1744
912,Van Helsing,160000000,12.643312,2004,"406,436,402.10",132,6.0,1674
913,The Bourne Legacy,130000000,14.89499,2012,"308,012,631.74",120,6.0,2683
914,Mama,15000000,16.018525,2013,"160,770,300.62",100,6.0,1452
915,Robots,75000000,12.949715,2005,"341,322,178.01",91,6.0,1383
916,San Andreas,110000000,20.547925,2015,"507,613,948.28",114,6.0,3017
917,Click,82500000,9.796552,2006,"301,463,830.13",107,6.0,2167
918,Percy Jackson & the Olympians: The Lightning Thief,95000000,9.785895,2010,"265,544,870.89",118,6.0,2079
919,Predators,40000000,9.034929,2010,"148,013,853.66",107,6.0,1231
920,Get Smart,80000000,11.35779,2008,"273,972,458.58",110,6.0,1072
921,Grown Ups,80000000,23.981251,2010,"318,224,205.99",102,6.0,1746
922,American Pie 2,30000000,10.25103,2001,"415,174,783.97",108,6.0,1375
923,Jobs,12000000,14.294019,2013,"39,432,023.76",128,6.0,1183
924,Mission: Impossible II,125000000,18.97178,2000,"811,332,395.17",123,5.9,1966
925,Jack Ryan: Shadow Recruit,60000000,11.234862,2014,"54,606,703.25",105,5.9,1194
926,Sucker Punch,82000000,13.779526999999998,2011,"102,089,563.19",110,5.9,1661
927,Allegiant,110000000,18.386172,2016,"190,972,600.61",121,5.9,2064
928,The Secret Life of Pets,75000000,11.01395,2016,"932,727,477.05",87,5.9,3536
929,How to Be Single,38000000,8.898988000000001,2016,"119,692,651.14",110,5.9,1225
930,Knight and Day,117000000,12.758942,2010,"307,086,708.88",109,5.9,1583
931,Suicide Squad,175000000,42.965027,2016,"794,374,724.20",123,5.9,7717
932,I Am Number Four,50000000,9.388376,2011,"164,281,087.73",109,5.9,1606
933,Surrogates,80000000,16.211937,2009,"145,963,301.63",89,5.9,1219
934,Percy Jackson: Sea of Monsters,90000000,10.338222,2013,"191,587,067.08",106,5.9,1685
935,Transcendence,100000000,9.730176,2014,"111,310,258.85",119,5.9,2339
936,Paranormal Activity,15000,12.706424,2007,"238,500,135.36",86,5.9,1351
937,Date Night,55000000,8.443736,2010,"178,513,865.73",97,5.9,1148
938,The Twilight Saga: Eclipse,68000000,34.047399,2010,"818,909,846.07",124,5.9,2382
939,Terminator 3: Rise of the Machines,200000000,20.818907,2003,"604,508,152.17",109,5.9,2177
940,Jason Bourne,120000000,19.133256,2016,"442,664,552.12",123,5.9,2386
941,Spider-Man 3,258000000,27.614265000000003,2007,"1,098,870,597.05",139,5.9,3687
942,Transporter 3,30000000,9.296824,2008,"129,429,032.42",104,5.9,1110
943,Waterworld,175000000,16.885184,1995,"443,311,016.10",135,5.9,1017
944,Alien: Resurrection,70000000,15.57784,1997,"258,089,719.63",109,5.9,1388
945,Happy Feet,100000000,15.088318,2006,"487,473,288.52",108,5.9,1457
946,Final Destination 2,26000000,12.638573,2003,"125,663,216.08",90,5.9,1046
947,The Angry Birds Movie,73000000,11.171927,2016,"372,660,954.77",97,5.9,1048
948,The Lone Ranger,255000000,12.729104,2013,"97,988,969.90",149,5.9,2361
949,Trainwreck,35000000,17.310647,2015,"151,904,996.92",125,5.9,1193
950,Resident Evil: The Final Chapter,40000000,0.75571,2016,"332,668,497.78",107,5.9,1139
951,The Dictator,65000000,7.446085000000001,2012,"199,770,673.29",83,5.9,1789
952,The Magnificent Seven,90000000,13.809622000000001,2016,"172,981,727.60",132,5.9,2358
953,47 Ronin,175000000,14.88937,2013,"165,669,977.93",119,5.9,1357
954,Knowing,50000000,9.806904,2009,"185,303,658.57",121,5.9,1528
955,This Means War,65000000,12.366641,2012,"174,818,790.18",103,5.9,1411
956,Terminator Salvation,200000000,16.507496,2009,"442,680,477.18",115,5.9,2496
957,The Sorcerer's Apprentice,150000000,12.533525,2010,"252,398,224.80",109,5.9,1526
958,Night at the Museum: Battle of the Smithsonian,150000000,15.417181,2009,"492,453,369.09",105,5.9,2026
959,Jumper,85000000,11.03897,2008,"263,931,789.41",88,5.9,1855
960,Ghost in the Shell,110000000,68.726676,2017,"177,145,455.73",107,5.9,2547
961,Journey 2: The Mysterious Island,79000000,9.46307,2012,"396,126,475.31",94,5.8,1050
962,The Boy,10000000,17.028854,2016,"68,387,356.01",97,5.8,1133
963,Snow White and the Huntsman,170000000,18.751554,2012,"441,683,885.02",127,5.8,3183
964,Transformers: Age of Extinction,210000000,18.495599,2014,"1,179,012,603.73",165,5.8,3136
965,Resident Evil: Afterlife,60000000,0.452934,2010,"351,986,799.99",97,5.8,1382
966,London Has Fallen,60000000,15.037993,2016,"219,214,217.07",99,5.8,1656
967,Journey to the Center of the Earth,45000000,10.419974,2008,"120,785,957.93",93,5.8,1353
968,Grown Ups 2,80000000,9.411725,2013,"271,046,694.78",100,5.8,1180
969,Snitch,35000000,13.542675,2013,"47,112,957.65",112,5.8,1155
970,Teenage Mutant Ninja Turtles,125000000,22.337973,2014,"515,505,027.46",101,5.8,2677
971,Cars 2,200000000,13.693001999999998,2011,"636,524,044.72",106,5.8,2088
972,Die Another Day,140000000,12.996474,2002,"613,980,068.71",133,5.8,1112
973,Carrie,30000000,18.399055,2013,"90,421,542.67",100,5.8,1505
974,Terminator Genisys,155000000,30.188198,2015,"475,368,457.43",126,5.8,3677
975,Twilight,37000000,31.282029,2008,"466,289,229.04",122,5.8,3688
976,Shark Tale,75000000,17.999273000000006,2004,"497,153,109.36",90,5.8,1612
977,The Golden Compass,180000000,11.481379,2007,"459,143,534.61",113,5.8,1347
978,The Great Wall,150000000,15.884744,2016,"353,672,632.29",103,5.8,1465
979,The Monuments Men,70000000,11.132411,2014,"167,424,663.07",118,5.8,1545
980,Total Recall,125000000,16.42635,2012,"221,401,090.25",121,5.8,2540
981,The Twilight Saga: Breaking Dawn - Part 1,110000000,25.9725,2011,"809,703,617.52",117,5.8,2622
982,xXx,70000000,12.722381,2002,"394,349,923.72",124,5.8,1454
983,Blade: Trinity,65000000,18.860681,2004,"174,489,688.12",123,5.7,1276
984,Inferno,75000000,18.311054000000002,2016,"234,414,316.36",121,5.7,2316
985,Dirty Grandpa,11500000,16.290585999999998,2016,"100,226,971.91",102,5.7,1429
986,The League of Extraordinary Gentlemen,78000000,10.488765,2003,"249,120,177.52",110,5.7,1181
987,Parker,35000000,13.963892,2013,"50,719,292.29",118,5.7,1467
988,Dark Shadows,150000000,10.665859,2012,"273,437,682.92",113,5.7,2383
989,Alien: Covenant,97000000,72.884078,2017,"242,430,143.35",122,5.7,2677
990,The Last Witch Hunter,90000000,13.412445000000002,2015,"158,530,666.19",106,5.7,1345
991,Bee Movie,150000000,8.774374,2007,"354,741,598.35",91,5.7,1208
992,"Hail, Caesar!",22000000,11.241366000000001,2016,"67,811,273.50",106,5.7,1338
993,RoboCop,120000000,10.246549,2014,"262,169,701.52",102,5.7,2385
994,Lara Croft: Tomb Raider,115000000,15.851722,2001,"396,621,366.67",100,5.7,2235
995,Jurassic Park III,93000000,0.648867,2001,"532,452,020.67",92,5.7,2109
996,Batman v Superman: Dawn of Justice,250000000,31.435879,2016,"930,385,965.02",151,5.7,7189
997,Valentine's Day,52000000,7.4667210000000015,2010,"253,807,344.01",125,5.7,1043
998,Hansel & Gretel: Witch Hunters,50000000,10.337211,2013,"246,704,929.43",88,5.7,3290
999,Oz: The Great and Powerful,200000000,11.137329,2013,"539,788,788.51",130,5.7,3576
1000,Indiana Jones and the Kingdom of the Crystal Skull,185000000,12.577266,2008,"934,244,466.50",122,5.7,2558
1001,Exodus: Gods and Kings,140000000,16.320249,2014,"289,546,845.88",150,5.6,1957
1002,Ice Age: Collision Course,105000000,20.151037,2016,"435,306,916.74",100,5.6,1170
1003,Resident Evil: Retribution,65000000,0.948759,2012,"267,459,588.43",95,5.6,1618
1004,Into the Woods,50000000,9.580785,2014,"229,992,127.25",125,5.6,1688
1005,The 5th Wave,38000000,10.788263,2016,"117,096,080.50",112,5.6,1993
1006,Charlie's Angels,92000000,9.774985,2000,"392,170,661.19",98,5.6,1253
1007,AVP: Alien vs. Predator,70000000,12.636205,2004,"231,718,971.78",101,5.6,1241
1008,Pixels,88000000,21.14796,2015,"262,860,777.08",105,5.6,2564
1009,Clash of the Titans,125000000,11.972347,2010,"272,832,414.68",106,5.6,2280
1010,Planet of the Apes,100000000,17.319836,2001,"522,967,486.83",119,5.6,1270
1011,The Twilight Saga: New Moon,50000000,30.121292,2009,"846,167,282.21",130,5.6,2518
1012,2012,200000000,16.698628,2009,"917,484,495.30",158,5.6,4994
1013,Hercules,100000000,19.606895,2014,"262,937,811.58",99,5.6,1707
1014,G.I. Joe: The Rise of Cobra,175000000,11.787058,2009,"360,565,630.06",118,5.6,1988
1015,Sausage Party,19000000,17.56963,2016,"149,909,795.15",83,5.6,2310
1016,Identity Thief,35000000,7.321172,2013,"190,913,532.43",111,5.6,1667
1017,Neighbors 2: Sorority Rising,35000000,9.914008,2016,"115,873,140.92",91,5.6,1490
1018,Beautiful Creatures,60000000,20.485203,2013,"65,902,711.10",124,5.6,1017
1019,Battle: Los Angeles,70000000,6.7537460000000005,2011,"230,194,528.72",116,5.5,1462
1020,The Smurfs,110000000,10.219758,2011,"640,954,654.92",103,5.5,1201
1021,Mirror Mirror,85000000,14.170182999999998,2012,"203,823,327.85",106,5.5,1148
1022,You Don't Mess with the Zohan,90000000,13.116461,2008,"239,424,876.71",113,5.5,1068
1023,Jack the Giant Slayer,195000000,11.606061,2013,"216,947,296.51",114,5.5,2634
1024,Wrath of the Titans,150000000,7.739903999999999,2012,"335,216,463.41",99,5.5,1459
1025,The Green Hornet,120000000,7.888013000000001,2011,"259,016,764.40",119,5.5,1274
1026,xXx: Return of Xander Cage,85000000,17.918269,2017,"361,117,732.15",107,5.5,1497
1027,Abraham Lincoln: Vampire Hunter,69000000,7.922636,2012,"125,026,986.25",94,5.5,1297
1028,Annabelle,6500000,23.242452,2014,"275,764,740.11",99,5.5,1588
1029,Fantastic Four,100000000,19.382082,2005,"432,817,379.15",106,5.5,3040
1030,Battleship,209000000,13.106966,2012,"337,472,197.36",131,5.5,2141
1031,Little Fockers,100000000,9.73941,2010,"364,206,119.14",98,5.5,1092
1032,Unfriended,1000000,10.07817,2015,"67,843,672.63",82,5.5,1092
1033,Alvin and the Chipmunks,60000000,11.805233,2007,"445,737,810.22",92,5.5,1212
1034,Lara Croft Tomb Raider: The Cradle of Life,95000000,13.076349,2003,"217,491,454.95",117,5.5,1443
1035,Hitman: Agent 47,35000000,10.721799,2015,"88,434,923.90",96,5.5,1183
1036,Noah,125000000,14.924487,2014,"391,746,522.37",139,5.5,2408
1037,The Legend of Tarzan,180000000,45.382979999999996,2016,"380,080,002.91",109,5.5,2488
1038,G.I. Joe: Retaliation,130000000,10.560608,2013,"408,106,284.48",110,5.4,3045
1039,The Mummy,125000000,33.704935,2017,"425,413,455.42",110,5.4,2122
1040,Assassin's Creed,125000000,27.54107,2016,"256,443,507.41",115,5.4,2776
1041,Superman Returns,270000000,13.284712,2006,"496,029,071.40",154,5.4,1429
1042,The Circle,18000000,88.439243,2017,"21,384,327.67",110,5.4,1015
1043,Scary Movie 2,45000000,10.869056,2001,"203,896,823.06",83,5.4,1019
1044,Dumb and Dumber To,40000000,15.402597,2014,"183,469,892.09",110,5.4,1140
1045,Fantastic 4: Rise of the Silver Surfer,130000000,12.924254,2007,"356,534,071.39",92,5.4,2648
1046,R.I.P.D.,130000000,9.369679,2013,"67,654,598.50",96,5.4,1280
1047,Bad Teacher,20000000,7.310686,2011,"245,805,685.66",92,5.4,1634
1048,Mortdecai,60000000,10.241861,2015,"32,818,674.23",106,5.4,1078
1049,Cowboys & Aliens,163000000,10.958669,2011,"198,764,199.66",119,5.4,2054
1050,Jack Reacher: Never Go Back,60000000,15.605620000000002,2016,"172,753,131.81",118,5.3,1843
1051,Evan Almighty,175000000,9.156877,2007,"213,391,702.85",96,5.3,1194
1052,Ghostbusters,144000000,17.162744,2016,"244,137,575.21",116,5.3,2203
1053,Hulk,137000000,15.422638,2003,"340,971,058.35",138,5.3,1571
1054,The Bling Ring,15000000,7.913028999999999,2013,"21,011,002.89",90,5.3,1205
1055,Mechanic: Resurrection,40000000,14.288576999999998,2016,"133,954,448.62",99,5.3,1236
1056,Godzilla,130000000,11.295121,1998,"594,564,140.96",139,5.3,1075
1057,Ghost Rider,110000000,11.902354,2007,"282,143,787.22",114,5.2,1754
1058,The Mummy: Tomb of the Dragon Emperor,145000000,14.250227,2008,"476,398,481.15",112,5.2,1418
1059,Sex Tape,40000000,27.470696000000004,2014,"136,189,156.96",97,5.2,1733
1060,A Good Day to Die Hard,92000000,12.471865,2013,"334,335,082.99",98,5.2,3519
1061,Jupiter Ascending,176000003,21.463465,2015,"198,504,897.77",124,5.2,2816
1062,Pompeii,130000000,12.204174,2014,"127,290,021.32",105,5.2,1294
1063,Gods of Egypt,140000000,13.337707,2016,"160,537,903.85",127,5.2,1303
1064,Fifty Shades of Grey,40000000,33.068431,2015,"616,060,198.02",125,5.2,3350
1065,The Day the Earth Stood Still,80000000,9.265322,2008,"276,832,790.28",104,5.2,1057
1066,Batman Forever,100000000,13.321354,1995,"564,635,840.69",121,5.2,1529
1067,Underworld: Blood Wars,35000000,20.02976,2016,"86,398,167.23",91,5.2,1619
1068,Wild Wild West,170000000,9.887602,1999,"340,889,357.33",106,5.1,1042
1069,Green Lantern,200000000,13.985631,2011,"249,959,736.24",114,5.1,2551
1070,Daredevil,78000000,11.415558,2003,"249,001,379.85",103,5.0,1551
1071,After Earth,130000000,10.747642,2013,"267,599,517.48",100,5.0,2579
1072,Spring Breakers,5000000,14.830235,2013,"34,815,018.96",94,5.0,1580
1073,Ouija,5000000,13.288564,2014,"111,905,501.88",89,4.9,1006
1074,Independence Day: Resurgence,165000000,16.993841,2016,"415,173,628.25",120,4.9,2550
1075,Rings,25000000,24.535733,2017,"86,673,943.59",102,4.8,1075
1076,The Last Airbender,150000000,9.544657,2010,"373,412,184.37",103,4.7,1180
1077,Ghost Rider: Spirit of Vengeance,57000000,9.421301,2011,"169,652,635.28",95,4.7,1163
1078,Fantastic Four,120000000,17.246484,2015,"181,231,524.46",100,4.4,2322
1079,Batman & Robin,125000000,17.038823999999998,1997,"379,498,823.02",125,4.2,1447
1080,The Boy Next Door,4000000,10.200398,2015,"56,562,409.80",91,4.1,1034
