Column1,title,budget,popularity,release_date,revenue,runtime,vote_average,vote_count,star_power,first_genre
0,The Godfather,36703349,41.109264,1972,1499126346,175,8.5,6024,1,Drama
1,The Shawshank Redemption,43134278,51.645403,1994,48899552,142,8.5,8358,1,Drama
2,Fight Club,96693277,63.869599,1999,154791744,139,8.3,9678,1,Comedy
3,Schindler's List,38930103,41.725122999999996,1993,568672494,195,8.3,4436,1,Drama
4,One Flew Over the Cuckoo's Nest,14258364,35.529554,1975,517964907,133,8.3,3001,1,Classics
5,The Dark Knight,219714352,123.167259,2008,1193058960,152,8.3,12269,1,Action & Adventure
6,Whiplash,3564892,64.29999000000001,2014,14142899,105,8.3,4376,1,Drama
7,Psycho,6970831,36.826309,1960,276432432,109,8.3,2405,1,Horror
8,The Godfather: Part II,67425963,36.629307,1974,246586297,200,8.3,3418,0,None
9,Pulp Fiction,13802968,140.95023600000002,1994,369106507,154,8.3,8670,1,Drama
10,GoodFellas,48909716,15.424092000000002,1990,91630190,145,8.2,3211,1,Drama
12,American History X,31374233,18.157166,1998,37453190,119,8.2,3120,1,Drama
13,Forrest Gump,94895411,48.307194,1994,1169707412,142,8.2,8147,1,Comedy
14,12 Angry Men,3184875,16.503959,1957,9099644,96,8.2,2130,1,Drama
15,Rear Window,9505576,17.911314,1954,349465978,112,8.2,1531,1,Classics
16,The Green Mile,92088835,19.96678,1999,436808043,189,8.2,4166,1,Drama
17,The Shining,58959951,19.611589000000002,1980,136592749,144,8.1,3890,1,Drama
18,Inception,187583677,29.108148999999997,2010,967852947,148,8.1,14075,1,Action & Adventure
19,The Lord of the Rings: The Return of the King,130629347,29.324358,2003,1554890825,201,8.1,8226,1,Action & Adventure
20,The Silence of the Lambs,35670337,4.307222,1991,512043797,119,8.1,4549,1,Horror
21,Se7en,55368110,18.45743,1995,549170881,127,8.1,5915,0,None
22,The Usual Suspects,10066929,16.302466,1995,39162985,106,8.1,3334,1,Drama
23,Interstellar,178244613,32.213481,2014,729312160,169,8.1,11187,1,Action & Adventure
24,Memento,13364111,15.450789000000002,2000,58984876,113,8.1,4168,1,Drama
25,Reservoir Dogs,2187027,12.22034,1992,26720024,99,8.1,3821,1,Action & Adventure
26,Taxi Driver,5842003,14.092713,1976,127007735,114,8.1,2632,1,Drama
28,Dead Poets Society,33818387,19.905716,1989,486366384,129,8.1,2786,1,Drama
29,The Pianist,49747081,14.811594,2002,170664579,150,8.1,1927,1,Drama
30,Room,6473417,12.443291,2015,38195061,117,8.1,2838,1,Drama
31,It's a Wonderful Life,41698769,15.031588000000001,1946,126461667,130,8.0,1103,1,Classics
32,Dr. Strangelove or: How I Learned to Stop Worrying and Love the Bomb,14847096,9.803980000000001,1964,77867017,95,8.0,1472,0,None
33,Scarface,64181726,11.299673,1983,169143760,170,8.0,3017,2,Classics
34,The Lord of the Rings: The Fellowship of the Ring,134274985,32.070725,2001,1258096502,178,8.0,8892,1,Action & Adventure
35,Citizen Kane,14606679,15.811921,1941,403861172,119,8.0,1244,1,Classics
36,Vertigo,21933574,18.20822,1958,247737024,128,8.0,1162,1,Classics
37,The Imitation Game,15123785,31.595940000000002,2014,252303314,113,8.0,5895,1,Drama
38,A Clockwork Orange,13889876,17.112594,1971,167871785,136,8.0,3432,1,Classics
39,Lion,12785000,17.085145,2016,149480892,118,8.0,1699,0,Drama
40,Apocalypse Now,110944214,13.5963,1979,315082912,153,8.0,2112,1,Action & Adventure
41,The Lion King,77641700,21.605760999999998,1994,1360009595,89,8.0,5520,1,Action & Adventure
42,The Grand Budapest Hotel,32408111,14.442048000000002,2014,188615552,99,8.0,4644,1,Comedy
43,The Lord of the Rings: The Two Towers,112286270,29.423537,2002,1316574142,179,8.0,7641,1,Action & Adventure
44,Back to the Future,45151486,25.778509,1985,905666971,116,8.0,6239,1,Action & Adventure
45,The Prestige,50734126,16.94556,2006,139108297,130,8.0,4510,1,Action & Adventure
46,Good Will Hunting,15931464,15.064832999999998,1997,359945042,126,7.9,2880,1,Drama
47,Guardians of the Galaxy,183645965,53.291601,2014,835404015,121,7.9,10014,1,Action & Adventure
48,Gone Girl,65896493,154.80100900000002,2014,398976653,145,7.9,6023,1,Drama
49,Saving Private Ryan,109809815,21.758054,1998,755869450,169,7.9,5148,1,Action & Adventure
50,2001: A Space Odyssey,77150862,22.494622,1968,504787068,149,7.9,3075,0,Classics
51,The Wolf of Wall Street,109742489,16.382422000000002,2013,430191319,180,7.9,6768,1,Drama
52,Full Metal Jacket,38264964,13.941479999999999,1987,104345578,116,7.9,2595,0,Action & Adventure
53,Inside Out,188808016,23.985587,2015,925279228,94,7.9,6737,1,Animation
54,Dallas Buyers Club,5487124,14.785719,2013,60575971,117,7.9,2973,1,Drama
55,American Beauty,23022208,20.726578,1999,546848984,122,7.9,3438,1,Comedy
56,Prisoners,50481545,11.96262,2013,134024866,153,7.9,3183,1,Drama
57,Alien,38742424,23.37742,1979,369573850,117,7.9,4564,1,Drama
58,Casablanca,13773288,13.916101000000001,1942,164126457,102,7.9,1462,1,Classics
59,Return of the Jedi,83051154,14.586087,1983,1470275000,135,7.9,4763,0,None
60,The Matrix,96693277,33.366332,1999,711412934,136,7.9,9079,1,Action & Adventure
61,12 Years a Slave,21948497,30.316249,2013,205218454,134,7.9,3787,1,Drama
62,The Help,28423743,7.486117999999999,2011,141291160,146,7.9,1966,1,Drama
63,Her,25240772,13.829514999999999,2013,51964441,126,7.9,4215,1,Drama
64,Captain Fantastic,5327083,16.519276,2016,6264368,119,7.9,1569,1,Drama
65,Inglourious Basterds,83445221,16.89564,2009,380428016,153,7.9,6598,1,Action & Adventure
66,Eternal Sunshine of the Spotless Mind,27072525,12.906327000000001,2004,97810496,108,7.9,3758,0,Comedy
67,The Departed,114151785,18.515448000000003,2006,367628811,151,7.9,4455,1,Action & Adventure
68,La La Land,31962500,19.681686,2016,474574618,128,7.9,4745,1,Comedy
69,There Will Be Blood,30836951,8.200627,2007,95235250,158,7.9,1581,1,Drama
70,Blade Runner,74192746,96.272374,1982,87811402,117,7.9,3833,1,Drama
71,Harry Potter and the Deathly Hallows: Part 2,142118719,24.990737,2011,1525786571,130,7.9,6141,0,None
72,Mr. Nobody,56027505,11.817059,2009,4228537,156,7.9,1616,1,Art House & International
73,Requiem for a Dream,6682055,6.874828,2000,10973580,102,7.9,2525,1,Drama
74,Gladiator,152944831,23.186667,2000,679550854,155,7.9,5566,1,Action & Adventure
75,Stand by Me,18664233,15.206957000000001,1986,121988063,89,7.8,1568,0,Action & Adventure
76,Hacksaw Ridge,42616666,21.037699,2016,186770049,140,7.8,3294,1,Action & Adventure
77,Amadeus,44298363,12.677592,1984,127906674,160,7.8,1107,1,Drama
78,Annie Hall,16877887,18.146043,1977,161400814,93,7.8,1044,1,Comedy
79,The Thing,39746113,16.83125,1982,52013778,109,7.8,1629,1,Horror
80,Hidden Figures,26635416,16.816834,2016,245790336,127,7.8,2178,1,Drama
81,Trainspotting,6518801,19.348466000000002,1996,26875520,93,7.8,2737,1,Comedy
82,The Theory of Everything,16204055,11.853019999999999,2014,133658276,123,7.8,3403,1,Drama
83,Pride & Prejudice,36659498,14.439082999999998,2005,158615105,135,7.8,1406,0,None
84,Casino,87246719,10.137389,1995,194815841,178,7.8,1343,1,Drama
85,The Breakfast Club,2376394,12.627678,1985,122444109,97,7.8,2189,1,Comedy
86,The Big Lebowski,23530674,15.952523999999999,1998,72458113,117,7.8,3001,1,Comedy
87,The Truman Show,94122699,13.155901,1998,414325300,103,7.8,4702,1,Comedy
88,Big Hero 6,178244613,213.84990699999997,2014,704450197,102,7.8,6289,0,Animation
89,Into the Wild,18502170,15.423538,2007,69389482,148,7.8,3139,0,Action & Adventure
90,North by Northwest,35027397,12.410427,1959,116247174,136,7.8,1062,1,Classics
91,WALL·E,213776126,16.088366,2008,619133500,98,7.8,6439,0,None
92,Django Unchained,111367595,19.785025,2012,473722380,165,7.8,10297,1,Drama
93,Gran Torino,39192289,14.794228,2008,320614579,116,7.8,3181,1,Drama
94,Spotlight,21578059,14.63239,2015,95317270,128,7.8,2751,1,Drama
95,About Time,13169098,11.213913,2013,95586200,123,7.8,2140,0,Comedy
96,Shutter Island,93791838,15.813629,2010,345627843,138,7.8,6559,1,Action & Adventure
97,Up,208613053,19.330884,2009,876292938,96,7.8,7048,0,Action & Adventure
98,Monty Python and the Holy Grail,1901115,10.43389,1975,23901524,91,7.8,1742,0,Comedy
99,Warrior,28423743,13.121626000000001,2011,26214781,140,7.7,1297,0,Action & Adventure
100,Kill Bill: Vol. 1,41690217,25.261865,2003,251460104,111,7.7,5091,0,None
101,The Sixth Sense,61392557,18.449169,1999,1032632466,107,7.7,3223,1,Mystery & Suspense
102,L.A. Confidential,55760124,10.989442,1997,201082065,138,7.7,1340,1,Drama
103,Kill Bill: Vol. 2,40608787,21.533072,2004,205967041,136,7.7,4061,0,None
104,Hachi: A Dog's Tale,19073193,8.621359,2009,56982821,93,7.7,1769,1,Drama
105,Rush,41702145,10.63552,2013,99039989,123,7.7,2310,1,Action & Adventure
106,Million Dollar Baby,40608787,14.471373000000002,2004,293416962,132,7.7,2519,1,Drama
107,The Pursuit of Happyness,69759424,20.981716,2006,389482461,117,7.7,2607,1,Drama
108,V for Vendetta,68491071,20.214422,2006,168070791,132,7.7,4562,1,Action & Adventure
109,No Country for Old Men,30836951,15.565484,2007,211664833,122,7.7,3083,1,Action & Adventure
110,Harry Potter and the Prisoner of Azkaban,175971413,28.460276,2004,1069100182,141,7.7,6037,1,Kids & Family
111,Mulholland Drive,21657255,18.184055999999998,2001,29045757,147,7.7,1517,0,Drama
112,Catch Me If You Can,73909949,19.833077,2002,500475984,141,7.7,3917,1,Action & Adventure
113,Donnie Darko,8662902,18.303148,2001,1834401,113,7.7,3574,1,Comedy
114,The Boy in the Striped Pyjamas,14845564,8.912738000000001,2008,24247631,94,7.7,1492,0,None
115,The Perks of Being a Wallflower,14477787,12.775679,2012,37196777,102,7.7,3056,1,Drama
116,A Beautiful Mind,86629023,11.93646,2001,452697778,135,7.7,3087,1,Drama
117,Snatch,14849012,14.014025,2000,124075190,103,7.7,2953,1,Action & Adventure
118,Toy Story,50334645,21.946943,1995,626756996,81,7.7,5415,1,Animation
119,The Notebook,39255161,15.239013,2004,156483566,123,7.7,3163,1,Art House & International
120,Raiders of the Lost Ark,50633663,19.901576000000002,1981,1096854464,115,7.7,3949,1,Action & Adventure
121,Fargo,11407903,12.61469,1996,98779362,98,7.7,2080,1,Drama
122,Zootopia,159812500,26.024867999999998,2016,1090756744,108,7.7,4961,1,Action & Adventure
123,Unforgiven,25515324,10.942149,1992,290068133,131,7.7,1133,1,Drama
124,Straight Outta Compton,30209282,21.183076999999997,2015,217544587,147,7.7,1381,0,Drama
125,Terminator 2: Judgment Day,187738619,22.661695,1991,976240822,137,7.7,4274,1,Action & Adventure
126,Aliens,43161040,21.761179000000002,1986,427682641,137,7.7,3282,1,Action & Adventure
127,Braveheart,120803149,20.755149,1995,352342519,177,7.7,3404,1,Action & Adventure
128,Life of Brian,14088154,10.714172999999999,1979,70599668,94,7.7,1230,0,None
129,Heat,100669291,17.924927,1995,314485527,170,7.7,1886,2,Action & Adventure
130,Captain Phillips,60358369,13.776067999999999,2013,104255364,134,7.6,2495,1,Drama
131,How to Train Your Dragon 2,156639205,12.256689,2014,658017589,102,7.6,3163,1,Action & Adventure
132,The Fault in Our Stars,12963244,16.274653,2014,331823233,125,7.6,3868,0,Comedy
133,Edge of Tomorrow,192288128,31.982986,2014,400284745,113,7.6,4979,0,None
134,The Hateful Eight,47471729,20.328822,2015,168050050,167,7.6,4405,1,Western
135,Moon,5960372,13.336773,2009,11634771,97,7.6,1831,1,Mystery & Suspense
136,Captain America: The Winter Soldier,183645965,18.717704,2014,772141159,136,7.6,5881,1,Action & Adventure
137,Indiana Jones and the Last Crusade,98980645,14.788986999999999,1989,977788151,127,7.6,3221,1,Action & Adventure
138,Toy Story 3,234479596,16.96647,2010,1250913127,103,7.6,4710,1,Animation
139,The Dark Knight Rises,278418989,20.58258,2012,1208270590,165,7.6,9263,1,Action & Adventure
140,The Untouchables,56272007,11.062203,1987,171675660,119,7.6,1424,1,Action & Adventure
141,The Princess Bride,36014084,15.15267,1987,69457245,98,7.6,1518,1,Action & Adventure
142,Moonrise Kingdom,17818815,8.692433,2012,76023046,94,7.6,1701,0,Comedy
143,The Martian,116521518,25.629929999999998,2015,679883524,141,7.6,7442,1,Science Fiction & Fantasy
144,The King's Speech,17585969,11.260387,2010,485620784,118,7.6,2817,1,Drama
145,Misery,39127773,15.020845000000001,1990,119881378,107,7.6,1085,1,Drama
146,Breakfast at Tiffany's,21379598,10.879289,1961,81242474,110,7.6,1082,1,Classics
147,The Hobbit: The Desolation of Smaug,274356223,20.644776,2013,1051772017,161,7.6,4633,1,Action & Adventure
148,Dances with Wolves,43040550,11.654349,1990,829917386,181,7.6,1084,0,Action & Adventure
149,The Iron Giant,107436974,15.441459,1999,35545223,86,7.6,1470,0,Animation
150,Me Before You,21308333,34.347590000000004,2016,221548148,110,7.6,2674,1,Drama
151,Mystic River,34741847,12.602438000000001,2003,217931470,138,7.6,1473,1,Drama
152,Guardians of the Galaxy Vol. 2,208649530,185.33099199999998,2017,900756863,137,7.6,4858,1,Action & Adventure
153,The Nightmare Before Christmas,31851903,17.730913,1993,133838881,76,7.6,2135,0,Animation
154,Philadelphia,46008304,13.373006,1993,365727869,125,7.6,1019,1,Drama
155,Slumdog Millionaire,17814677,11.258181,2008,448823623,120,7.6,2918,0,Drama
156,Rain Man,54036348,11.267467,1988,892248182,133,7.6,1762,1,Drama
157,Finding Nemo,130629347,25.497794,2003,1306759763,100,7.6,6292,1,Animation
158,Logan,101195022,54.581996999999994,2017,643477039,137,7.6,6310,1,Action & Adventure
159,Ex Machina,16183544,14.14078,2015,39778519,108,7.6,4862,1,Drama
160,Big Fish,97277173,14.739982999999999,2003,170817404,125,7.6,2064,1,Comedy
161,Kingsman: The Secret Service,87391139,28.224211999999998,2015,447045106,130,7.6,6069,1,Mystery & Suspense
163,Mulan,141184049,21.180857,1998,477390729,88,7.6,2089,0,Action & Adventure
164,Nightcrawler,9182298,21.277073,2014,41803457,117,7.6,3475,1,Drama
165,Dunkirk,104324765,30.938854,2017,542360407,107,7.5,2712,0,Action & Adventure
166,"Monsters, Inc.",166038961,26.419961999999998,2001,812603707,92,7.5,6150,1,Animation
167,Brokeback Mountain,18329749,11.787044,2005,233106962,134,7.5,1531,1,Drama
168,Ferris Bueller's Day Off,13998175,12.724644999999999,1986,163630196,103,7.5,1340,1,Comedy
169,Die Hard,60520710,16.640522,1988,304263451,131,7.5,4005,1,Action & Adventure
170,Shaun of the Dead,5414505,14.902948,2004,40662109,99,7.5,2479,1,Action & Adventure
171,Batman Begins,196390168,28.505340999999998,2005,489952456,140,7.5,7511,1,Action & Adventure
172,Little Miss Sunshine,10146825,5.320117,2006,127498895,102,7.5,1728,1,Comedy
173,Pirates of the Caribbean: The Curse of the Black Pearl,194554347,47.326665000000006,2003,910252010,143,7.5,7191,1,Action & Adventure
174,Harry Potter and the Goblet of Fire,196390168,24.903057999999998,2005,1173000557,157,7.5,5758,1,Action & Adventure
175,Harry Potter and the Deathly Hallows: Part 1,293099495,23.300362,2010,1118826274,146,7.5,5708,0,None
176,Harry Potter and the Philosopher's Stone,180477131,38.187238,2001,1409852050,152,7.5,7188,0,None
177,Manchester by the Sea,9588750,12.821257000000001,2016,79934978,135,7.5,1553,1,Drama
178,Ratatouille,185021707,20.508029999999998,2007,769348405,111,7.5,4510,0,Animation
179,How to Train Your Dragon,193445667,14.416681,2010,580194858,98,7.5,4319,1,Animation
180,Cast Away,133641114,21.296343,2000,637961316,143,7.5,3304,1,Action & Adventure
181,Fantastic Mr. Fox,47682983,8.695893,2009,55396925,87,7.5,1206,1,Action & Adventure
182,Beauty and the Beast,46934654,23.433511,1991,708432719,84,7.5,3029,1,Animation
183,A Walk to Remember,15634797,8.054499,2002,58597896,101,7.5,1057,0,Drama
184,Platoon,13998175,18.206972,1986,323195852,120,7.5,1236,1,Action & Adventure
185,Seven Pounds,65320483,21.708267000000003,2008,199723541,123,7.5,2092,1,Drama
186,Still Alice,5401351,8.823253,2014,47407289,99,7.5,1126,1,Drama
188,X-Men: Days of Future Past,270067596,26.058586,2014,807894007,131,7.5,6155,1,Action & Adventure
189,Rocky,4493848,14.774066,1976,526837031,119,7.5,1843,1,Drama
190,The Blues Brothers,83785194,10.076901,1980,357576248,133,7.5,1092,0,Action & Adventure
191,"Lock, Stock and Two Smoking Barrels",2117760,4.60786,1998,6114161,105,7.5,1671,0,Action & Adventure
192,Gattaca,57353271,12.89312,1997,19966548,106,7.5,1846,1,Drama
193,Boyhood,4321081,6.430591000000001,2014,47908911,164,7.5,2008,0,Drama
196,Edward Scissorhands,39127773,17.612244,1990,103688599,105,7.5,3731,1,Drama
197,The Game,79657320,14.825586999999999,1997,174327892,129,7.5,1556,1,Mystery & Suspense
198,The Lego Movie,64816223,16.418132999999997,2014,506820401,100,7.5,3127,0,Action & Adventure
200,Blow,76522303,12.332222999999999,2001,120244399,124,7.4,1352,1,Drama
201,Twelve Monkeys,49495734,12.297305,1995,283283385,129,7.4,2470,0,None
202,Fury,73458386,36.713807,2014,228820610,135,7.4,4028,2,Classics
203,Star Trek,178811188,15.362632000000001,2009,459759860,127,7.4,4574,1,Action & Adventure
204,Back to the Future Part II,82483870,13.689855,1989,684616129,108,7.4,3926,1,Comedy
205,Birdman,19444866,18.193263,2014,111500209,119,7.4,4657,1,Comedy
206,The Danish Girl,16183544,11.245661,2015,69256423,120,7.4,1689,1,Drama
207,The Conjuring,14266523,14.901689999999999,2013,348981270,112,7.4,3169,1,Horror
208,Aladdin,51030648,16.357419,1992,918643200,90,7.4,3495,1,Action & Adventure
209,Harry Potter and the Half-Blood Prince,298018648,19.083723000000003,2009,1113349028,153,7.4,5435,1,Action & Adventure
210,Halloween,1176533,13.672759,1978,274524539,91,7.4,1066,2,Horror
211,The Royal Tenenbaums,30320158,9.707542,2001,103148095,110,7.4,1317,1,Comedy
212,Groundhog Day,25835432,12.989627,1993,125473446,101,7.4,2358,1,Comedy
213,Lucky Number Slevin,34245535,11.15092,2006,71419547,110,7.4,1356,1,Drama
214,Anastasia,84436760,11.911173,1997,222728796,94,7.4,1481,2,Classics
215,Children of Men,96394841,14.114606,2006,88733672,109,7.4,2120,1,Drama
216,Rogue One: A Star Wars Story,213083333,36.567575,2016,1125141019,133,7.4,5111,1,Action & Adventure
217,Blood Diamond,126835317,12.477872,2006,216733547,143,7.4,2344,1,Action & Adventure
218,American Sniper,63519898,19.228561,2014,585838648,133,7.4,4600,1,Action & Adventure
219,Hot Fuzz,14801736,13.535195000000002,2007,99385981,121,7.4,2252,1,Action & Adventure
220,Harry Potter and the Chamber of Secrets,142134519,29.741452000000002,2002,1246076958,161,7.4,5966,1,Kids & Family
221,Harry Potter and the Order of the Phoenix,185021707,21.3643,2007,1157264819,138,7.4,5633,1,Action & Adventure
222,Atonement,37004341,8.913338000000001,2007,159446849,123,7.4,1075,1,Drama
223,American Gangster,123347805,9.644542,2007,328678774,157,7.4,1527,1,Drama
224,Serenity,51061443,11.919995,2005,50890537,119,7.4,1287,1,Action & Adventure
225,In Bruges,17814677,9.895652,2008,41013879,107,7.4,1414,1,Comedy
226,Iron Man,166270320,22.073099,2008,694979324,126,7.4,8951,1,Action & Adventure
227,Deadpool,61794166,187.860492,2016,834341619,108,7.4,11444,1,Action & Adventure
228,Lone Survivor,43896995,10.855502,2013,163840708,121,7.4,1549,1,Action & Adventure
229,The Goonies,45151486,14.280702999999999,1985,146155881,114,7.4,1563,1,Action & Adventure
230,The Incredibles,124533615,22.220214000000002,2004,854736595,115,7.4,5290,1,Animation
231,Midnight in Paris,34108492,11.43256,2011,171814959,94,7.4,2049,1,Comedy
232,Star Trek Into Darkness,208510729,15.78129,2013,512898254,132,7.4,4479,1,Science Fiction & Fantasy
233,The Age of Adaline,26972573,10.542026,2015,70844302,112,7.4,2052,1,Drama
234,Office Space,15348139,12.329066000000001,1999,19688306,89,7.4,1068,0,Comedy
235,The Hunger Games: Catching Fire,142665236,25.309139000000002,2013,929983590,146,7.4,6656,1,Action & Adventure
236,Mary Poppins,49490322,15.11549,1964,843585041,139,7.4,1217,1,Classics
237,Donnie Brasco,55760124,12.201953999999999,1997,66840453,127,7.4,1175,1,Drama
239,The Wizard of Oz,51084812,22.064932000000002,1939,620945687,102,7.4,1689,1,Classics
240,Drive,17054246,15.388875,2011,88744414,100,7.4,3832,1,Action & Adventure
241,Moulin Rouge!,75800395,13.691781,2001,258751412,127,7.4,1348,1,Drama
242,The Terminator,15750529,19.293561999999998,1984,192873107,108,7.4,4208,1,Action & Adventure
244,Hercules,135417445,14.048694,1997,402607378,93,7.3,1741,1,Animation
245,Lost in Translation,5558695,11.609441,2003,166377119,102,7.3,1943,0,Comedy
246,Black Swan,15241173,12.989056,2010,384316432,108,7.3,4562,1,Drama
247,If I Stay,11882974,9.659244000000001,2014,85206156,106,7.3,1415,1,Drama
248,The Bourne Identity,85280711,21.040126,2002,304216515,119,7.3,3640,1,Action & Adventure
249,Pitch Perfect,18932491,11.03595,2012,128462996,112,7.3,2310,1,Comedy
250,10 Things I Hate About You,24557022,12.069966,1999,82079033,97,7.3,1768,0,Comedy
251,Road to Perdition,113707615,13.426684,2002,257265580,117,7.3,1102,1,Drama
252,Moonlight,4261666,14.171675,2016,69301824,111,7.3,1831,0,Drama
253,Unbroken,70217574,10.543955,2014,176562564,137,7.3,1437,0,Drama
254,The Bourne Ultimatum,86343463,18.173269,2007,546213854,115,7.3,2938,1,Action & Adventure
255,Mad Max: Fury Road,161835443,29.36178,2015,408751382,120,7.3,9629,1,Action & Adventure
256,The Longest Ride,36682700,10.264416,2015,67985214,128,7.3,1083,0,Drama
257,Zodiac,80176073,19.083823000000002,2007,104581563,157,7.3,2080,1,Mystery & Suspense
258,Carol,12731054,8.364201,2015,43449725,118,7.3,1014,1,Drama
260,Gravity,115229613,18.50194,2013,786187187,91,7.3,5879,1,Drama
261,The Fifth Element,143383177,24.30526,1997,420463489,126,7.3,3962,1,Drama
262,Moana,159812500,9.143457000000001,2016,685099637,107,7.3,3471,0,Action & Adventure
263,Casino Royale,190252976,23.065078,2006,759801845,144,7.3,3930,2,Action & Adventure
264,Ghostbusters,73830606,22.089729000000002,1984,726523848,107,7.3,2431,1,Action & Adventure
265,Man on Fire,94753838,9.635691,2004,176368992,146,7.3,1583,1,Action & Adventure
266,Apollo 13,87246719,18.761467,1995,596025849,140,7.3,1637,1,Action & Adventure
267,Apocalypto,50734126,7.735233,2006,152424710,139,7.3,1252,0,None
268,The Great Gatsby,115229613,17.598936,2013,385240494,143,7.3,3885,2,Classics
269,Jackie Brown,19117757,16.415498,1997,63205155,154,7.3,1580,1,Action & Adventure
270,Saving Mr. Banks,38409871,15.130888,2013,123509223,125,7.3,1256,1,Comedy
271,Now You See Me,82306866,17.852022,2013,129165696,115,7.3,5635,1,Mystery & Suspense
272,Inside Man,57075892,13.393548000000001,2006,233854207,129,7.3,1671,1,Action & Adventure
274,The Artist,17054246,11.440947999999999,2011,151706453,100,7.3,1075,1,Comedy
275,"O Brother, Where Art Thou?",38607433,12.434175,2000,106717370,106,7.3,1144,1,Comedy
276,The Revenant,145651898,23.501228,2015,575001871,156,7.3,6558,1,Action & Adventure
277,Predator,40515845,18.495694,1987,221116457,107,7.3,2129,1,Action & Adventure
278,Creed,39919409,33.449723,2015,187262575,133,7.3,1963,1,Drama
279,Frozen,164613733,24.248243,2013,1398359659,102,7.3,5440,1,Drama
280,Begin Again,8779399,10.289628,2013,69647918,104,7.3,1285,1,Comedy
281,The Last Samurai,194554347,19.582325,2003,634746040,154,7.3,1946,1,Action & Adventure
282,Coraline,71524475,16.639915,2009,148528200,100,7.3,1432,1,Action & Adventure
283,District 9,35762237,11.589835,2009,251312701,112,7.3,3451,0,Action & Adventure
284,The Curious Case of Benjamin Button,178146771,17.934821,2008,396592817,166,7.3,3398,1,Drama
285,Dawn of the Planet of the Apes,183645965,75.385211,2014,767688278,130,7.3,4511,0,Action & Adventure
286,The Wrestler,7125870,7.903956,2008,53092482,109,7.3,1031,1,Drama
287,Training Day,64971767,13.664622,2001,151422093,122,7.3,1665,1,Action & Adventure
288,American Psycho,10394308,13.686715,2000,50882464,102,7.3,2128,1,Comedy
290,Predestination,5941487,10.524204,2014,3240811,97,7.3,1971,1,Mystery & Suspense
291,The Big Short,30209282,13.143061,2015,143867939,130,7.3,2679,1,Drama
292,Shrek,86629023,17.987728,2001,699398289,90,7.3,4183,1,Animation
293,Toy Story 2,138133253,17.547693,1999,763365596,92,7.3,3914,1,Animation
294,The Machinist,6768131,10.737565,2004,11104114,101,7.3,1280,1,Drama
295,Southpaw,32367088,12.370125999999999,2015,98946003,123,7.3,2112,1,Drama
296,Being John Malkovich,19952581,11.416319,1999,35091365,112,7.3,1124,1,Comedy
297,The Butterfly Effect,17597141,12.994939,2004,130030499,113,7.3,2119,1,Drama
298,Changeling,65320483,11.672394,2008,134227957,141,7.3,1151,1,Drama
299,Sin City,52370711,15.010525,2005,207825078,124,7.2,2755,1,Action & Adventure
300,Finding Neverland,33840656,15.529604,2004,158058276,106,7.2,1269,1,Drama
301,The Bourne Supremacy,101521969,20.40426,2004,390521468,108,7.2,2873,1,Action & Adventure
302,Get Out,5216238,36.894806,2017,263351439,104,7.2,2978,0,Horror
303,Crash,8798570,9.785147,2004,133210442,112,7.2,1172,1,Drama
304,The Judge,54013519,17.887943,2014,90439575,141,7.2,1433,1,Comedy
305,Corpse Bride,52370711,12.920032,2005,153439718,77,7.2,1957,0,None
306,Baby Driver,35470420,228.032744,2017,234220906,113,7.2,2083,0,Action & Adventure
307,Saw,1624351,23.508433,2004,140657563,103,7.2,2255,0,Horror
308,The Butler,27435622,11.061894,2013,127215880,132,7.2,1134,0,None
309,Match Point,19639016,9.020372,2005,111688888,124,7.2,1134,1,Drama
310,Chef,11882974,8.720309,2014,49657798,114,7.2,1203,1,Comedy
311,Les Misérables,67934233,13.52408,2012,492032918,157,7.2,1925,1,Drama
312,Life of Pi,133641114,14.045042,2012,678247106,127,7.2,5912,1,Action & Adventure
313,End of Watch,7795731,7.452789999999999,2012,53597196,109,7.2,1186,1,Drama
314,The Girl with the Dragon Tattoo,102325477,8.907829,2011,264474330,158,7.2,2479,1,Drama
315,Fantastic Beasts and Where to Find Them,191775000,41.051421000000005,2016,862286809,133,7.2,5612,1,Action & Adventure
316,True Grit,44551123,10.730765,2010,295768960,110,7.2,1701,2,Classics
317,The Fighter,29309949,14.141836999999999,2010,109756392,116,7.2,1512,1,Drama
318,Sicario,32367088,19.511221,2015,90655701,121,7.2,2465,1,Action & Adventure
319,Wonder Woman,155443900,294.337037,2017,856068626,141,7.2,5025,2,Action & Adventure
321,The Blind Side,34570163,12.753109,2009,368599368,129,7.2,1626,1,Comedy
322,Law Abiding Citizen,63179953,16.639047,2009,151024795,109,7.2,1522,1,Drama
323,The Lego Batman Movie,83459812,17.070748000000002,2017,325441506,104,7.2,1473,0,Action & Adventure
324,Bridge of Spies,43156118,13.707888,2015,178535078,141,7.2,2633,1,Drama
325,Zombieland,28132960,11.063029,2009,122058164,88,7.2,3655,1,Comedy
326,(500) Days of Summer,8940559,16.376657,2009,72386028,95,7.2,2993,0,None
327,The Hangover,41722610,23.947351,2009,547484835,100,7.2,6324,1,Comedy
328,Brooklyn,11867932,7.991613,2015,66974131,111,7.2,1235,1,Drama
329,Nocturnal Animals,23971875,18.908782000000002,2016,31166610,116,7.2,1990,1,Drama
330,Taken,29691128,16.367481,2008,269394223,93,7.2,4444,1,Action & Adventure
331,Hell or High Water,12785000,12.565896,2016,40048262,102,7.2,1304,0,Drama
332,Gone Baby Gone,23436082,6.148516000000001,2007,42702638,113,7.2,1034,1,Drama
333,Stardust,86343463,14.784525,2007,167210316,127,7.2,1215,1,Action & Adventure
334,Arrival,50074583,30.83786,2016,216693163,113,7.2,5729,1,Drama
335,Scott Pilgrim vs. the World,70343878,13.793301000000001,2010,55881832,112,7.2,2185,1,Action & Adventure
336,The Hurt Locker,17814677,9.403724,2008,49881096,131,7.2,1881,1,Action & Adventure
337,The Devil's Advocate,90809345,10.920124000000001,1997,243663237,144,7.2,1414,1,Action & Adventure
338,A Nightmare on Elm Street,4429836,13.694713,1984,62767121,91,7.2,1212,1,Horror
339,Contact,143383177,14.374866,1997,272619739,150,7.2,1338,1,Mystery & Suspense
340,Black Hawk Down,132831168,10.064446,2001,249765408,144,7.2,1832,1,Action & Adventure
341,Interview with the Vampire,103522267,11.970205,1994,385904455,123,7.2,1558,1,Horror
342,Fear and Loathing in Las Vegas,29021165,9.220346000000001,1998,16754271,118,7.2,1321,1,Comedy
343,Ocean's Eleven,122724449,12.114932000000001,2001,650753107,116,7.2,3857,1,Action & Adventure
344,First Blood,39746113,14.778884,1982,331781757,93,7.2,1523,1,Action & Adventure
345,Grease,23530674,7.8548990000000005,1978,713033450,110,7.2,1633,1,Comedy
346,The Fugitive,77860207,10.089369999999999,1993,652744164,130,7.2,1240,2,Drama
347,Close Encounters of the Third Kind,84389438,10.610446000000001,1977,1281827623,135,7.2,1122,1,Action & Adventure
348,The Emperor's New Groove,148490127,12.297375,2000,251434898,78,7.2,1544,1,Animation
349,Goldfinger,20620967,13.788839999999999,1964,1030067340,110,7.2,1005,1,Action & Adventure
350,Who Framed Roger Rabbit,151301775,16.78596,1988,712856061,104,7.2,1466,1,Action & Adventure
351,The Little Mermaid,82483870,17.496832,1989,458404112,83,7.2,1921,0,Animation
352,Enemy at the Gates,98179559,10.704813,2001,140015992,131,7.2,1023,1,Action & Adventure
353,Home Alone,35214996,0.702543,1990,932580500,103,7.1,2487,1,Comedy
354,Mission: Impossible - Rogue Nation,161835443,17.836882,2015,736168002,131,7.1,3274,0,None
355,The Social Network,46895919,16.972995,2010,263696123,120,7.1,3492,1,Drama
356,The Illusionist,50734126,11.494009,2006,110238937,110,7.1,1657,1,Drama
357,The Naked Gun: From the Files of Police Squad!,25937447,15.698222,1988,170227848,85,7.1,1020,1,Comedy
358,Tarzan,230222088,12.453452,1999,687596638,88,7.1,1715,0,Action & Adventure
359,Despicable Me,80895460,22.274502,2010,637214699,95,7.1,6595,1,Animation
360,Beetlejuice,32421808,10.627364,1988,158492210,92,7.1,1475,1,Comedy
361,Nerve,20242916,14.9837,2016,90817710,96,7.1,2262,1,Mystery & Suspense
362,The Intern,37761603,15.651704999999998,2015,209916399,121,7.1,1926,1,Comedy
363,Back to the Future Part III,78255547,13.043999000000001,1990,478390994,118,7.1,2978,1,Action & Adventure
364,The Fly,34995437,13.534589000000002,1986,141449598,96,7.1,1038,1,Classics
365,Identity,41690217,17.955897,2003,125431322,90,7.1,1090,1,Horror
366,Kick-Ass,32827143,17.26045,2010,112771675,117,7.1,4747,1,Action & Adventure
368,Gangs of New York,142134519,14.922398999999999,2002,275417616,167,7.1,1964,1,Classics
369,28 Days Later,7106725,17.656951,2002,117573510,113,7.1,1816,1,Horror
370,Indiana Jones and the Temple of Doom,68908565,15.802306,1984,819519730,118,7.1,2841,1,Action & Adventure
371,The Aristocats,26360824,9.834047,1970,366911423,78,7.1,1287,0,Animation
372,The Equalizer,59414871,17.618057,2014,207769200,132,7.1,2997,1,Mystery & Suspense
373,Perfume: The Story of a Murderer,63417658,10.297303999999999,2006,167651332,147,7.1,1198,0,Drama
374,The Godfather: Part III,105644988,17.185349,1990,267567575,162,7.1,1589,0,None
375,The Man from U.N.C.L.E.,80917721,14.656875,2015,116678077,116,7.1,2306,0,Action & Adventure
376,Dirty Dancing,13505281,14.044122,1987,481585456,100,7.1,1371,1,Drama
377,Star Wars: Episode III - Revenge of the Sith,147947260,13.165420999999998,2005,1112877624,140,7.1,4200,1,Action & Adventure
378,Minority Report,144977209,20.666063,2002,509371635,145,7.1,2663,1,Action & Adventure
379,Dracula,72900926,16.777675,1992,393414756,128,7.1,1087,2,Classics
380,RoboCop,29261443,13.485582999999998,1987,119296654,102,7.1,1494,0,Action & Adventure
381,Captain America: Civil War,266354166,145.882135,2016,1228749830,147,7.1,7462,1,Action & Adventure
382,X-Men: First Class,181911960,0.738633,2011,402052861,132,7.1,5252,1,Action & Adventure
383,Fast Five,142118719,1.420361,2011,711887076,130,7.1,2491,1,Action & Adventure
384,Eyes Wide Shut,99762905,13.268483999999999,1999,248779843,159,7.1,1266,1,Drama
385,Total Recall,127165263,12.954444,1990,511239421,113,7.1,1745,2,Action & Adventure
386,Source Code,36382392,9.796961999999999,2011,167509873,93,7.1,2752,1,Action & Adventure
387,Argo,49558580,14.238234,2012,258733795,120,7.1,3473,1,Drama
388,Wreck-It Ralph,183756533,13.697597,2012,524789602,108,7.1,4656,0,Animation
389,The Hobbit: The Battle of the Five Armies,270067596,31.718977000000002,2014,1032759863,144,7.1,4884,0,Action & Adventure
390,The Terminal,81217575,14.092373,2004,297008957,128,7.1,1974,1,Comedy
391,Lilo & Stitch,113707615,18.469238,2002,207191659,85,7.1,1371,0,Action & Adventure
392,Airplane!,10861043,13.063203,1980,258969295,88,7.1,1104,0,Comedy
393,Limitless,30697643,12.114955,2011,184014698,105,7.1,3888,1,Mystery & Suspense
394,Rise of the Guardians,161483013,10.943775,2012,341833558,97,7.1,1981,1,Action & Adventure
395,Ice Age,83859366,17.328902,2002,544740687,81,7.1,3954,0,Animation
396,Doctor Strange,175793750,43.847654,2016,722052473,115,7.1,5880,1,Action & Adventure
397,Sweeney Todd: The Demon Barber of Fleet Street,61673902,10.038401,2007,187488663,116,7.0,1745,1,Drama
399,P.S. I Love You,37004341,10.304881,2007,193452948,126,7.0,1011,1,Comedy
400,Maleficent,194448669,19.467404000000002,2014,819428065,97,7.0,4607,1,Science Fiction & Fantasy
401,The Bucket List,55506512,9.070642999999999,2007,216318131,97,7.0,1138,1,Action & Adventure
402,Juno,9251085,11.791591,2007,285441109,96,7.0,2313,1,Comedy
403,Ant-Man,140257383,26.882388,2015,560287212,117,7.0,6029,1,Action & Adventure
404,22 Jump Street,54013519,10.901496,2014,203567894,112,7.0,3375,1,Action & Adventure
405,Superbad,24669561,16.205105,2007,149822223,113,7.0,2152,1,Comedy
406,Scream,22815806,13.326443,1996,282014223,111,7.0,1520,0,Horror
407,Bridge to Terabithia,74008683,8.460206,2007,169710622,96,7.0,1146,0,Action & Adventure
408,Lethal Weapon,33763204,13.183804,1987,270571851,110,7.0,1367,1,Action & Adventure
409,300,82442956,18.108407999999997,2006,536019266,117,7.0,5092,1,Action & Adventure
410,Watchmen,154969696,16.551503,2009,220842526,163,7.0,2892,1,Action & Adventure
411,Sunshine,61673902,12.715571,2007,39493257,107,7.0,1210,2,Classics
412,The Maze Runner,36729193,76.93789,2014,376279630,113,7.0,5540,0,Action & Adventure
413,John Wick,21605407,183.870374,2014,95886593,101,7.0,5499,1,Action & Adventure
414,Peter Pan,38164179,16.861532999999998,1953,833931688,77,7.0,1380,0,Animation
415,War Horse,75038683,8.166363,2011,201905084,146,7.0,1016,0,Action & Adventure
416,The NeverEnding Story,66447545,14.225919000000001,1984,49611233,102,7.0,1031,0,Kids & Family
417,Split,9588750,28.920839,2016,295037312,117,7.0,4461,1,Drama
418,Monsters University,219484978,16.267502,2013,816000821,104,7.0,3622,1,Action & Adventure
419,Pretty Woman,27389441,13.348451,1990,905807957,119,7.0,1807,1,Comedy
420,127 Hours,21103163,11.176797,2010,41846307,94,7.0,2668,1,Drama
421,Mud,10974248,7.8815789999999994,2013,23690879,130,7.0,1080,1,Drama
422,The Impossible,46774390,10.027434,2012,200766956,113,7.0,2071,1,Action & Adventure
423,The Hobbit: An Unexpected Journey,278418989,23.253089000000003,2012,1137178494,169,7.0,8427,1,Action & Adventure
424,The Aviator,157020645,9.86738,2004,138069878,170,7.0,1526,1,Drama
425,Silver Linings Playbook,23387195,14.488110999999998,2012,229126259,122,7.0,4840,1,Comedy
426,Love Actually,55586956,10.586815,2003,340375285,135,7.0,1917,0,Comedy
427,"Crazy, Stupid, Love.",56847487,10.246172999999999,2011,162414633,118,7.0,2522,1,Comedy
428,Blue Jasmine,19753648,12.61244,2013,108871369,98,7.0,1126,1,Comedy
429,One Day,17054246,11.239011999999999,2011,67522801,107,7.0,1006,1,Comedy
430,Collateral,87985706,13.455112,2004,294771462,120,7.0,1476,1,Action & Adventure
431,The Vow,33410278,9.524298,2012,218408081,104,7.0,1328,1,Drama
432,Rise of the Planet of the Apes,105736327,41.613762,2011,548987769,105,7.0,4452,1,Action & Adventure
433,Moneyball,56847487,15.785663000000001,2011,125298930,133,7.0,1409,1,Drama
434,50/50,9095598,11.869481,2011,44554540,100,7.0,1287,1,Comedy
435,Robin Hood,86385135,11.179855,1973,184613482,83,7.0,1155,2,Action & Adventure
436,Sherlock Holmes: A Game of Shadows,142118719,18.695329,2011,380440442,129,7.0,3971,1,Action & Adventure
437,Hugo,193281458,14.046164000000001,2011,211211337,126,7.0,2197,1,Kids & Family
438,Despicable Me 2,83404291,24.82355,2013,1065338257,98,7.0,4729,1,Animation
439,The Town,43378725,13.081203,2010,180579931,125,7.0,1516,1,Action & Adventure
440,Sully,63925000,18.275689,2016,254069947,96,7.0,2106,1,Action & Adventure
441,Snowden,42616666,14.384554000000001,2016,39718135,134,7.0,1285,1,Drama
442,Pirates of the Caribbean: Dead Man's Chest,253670634,29.455314,2006,1351633005,151,7.0,5380,1,Action & Adventure
443,The Devil Wears Prada,44392361,13.102383999999999,2006,414182116,109,7.0,3198,1,Comedy
444,Batman,72173387,19.10673,1989,848241289,126,7.0,2145,0,None
445,The Secret Life of Walter Mitty,98768240,8.684892,2013,206462190,114,7.0,3213,0,Action & Adventure
446,Invictus,71524475,9.109838,2009,145712011,134,7.0,1150,1,Drama
447,Mrs. Doubtfire,44238754,11.16553,1993,780878062,125,7.0,1638,1,Comedy
448,Lord of War,54989247,8.745216000000001,2005,31589875,122,7.0,1356,1,Action & Adventure
449,Sherlock Holmes,107286713,15.68604,2009,624681273,128,7.0,5883,1,Action & Adventure
450,The Nice Guys,53270833,16.075615,2016,66895613,116,7.0,2382,1,Comedy
451,The Conjuring 2,42616666,14.767317000000002,2016,341114462,134,7.0,2018,1,Horror
452,Notting Hill,64462184,9.874042999999999,1999,558502945,124,7.0,1309,1,Comedy
453,Big,38906170,9.562292,1988,327825067,104,6.9,1022,1,Comedy
454,Jumanji,109058398,17.015539,1995,440926880,104,6.9,2413,1,Action & Adventure
455,Divergent,91822982,21.572585,2014,311925799,139,6.9,4784,1,Action & Adventure
456,Cube,398286,12.095263000000001,1997,799469,90,6.9,1101,0,Horror
457,Sleepy Hollow,153481392,11.072361,1999,316281410,105,6.9,1774,1,Horror
458,Marley & Me,71258708,9.729747999999999,2008,289883249,115,6.9,1392,1,Comedy
459,Gremlins,27071222,11.333125,1984,376740608,106,6.9,1629,0,Comedy
460,Superman,215697852,15.460102,1978,1177388760,143,6.9,1042,1,Action & Adventure
461,I Am Legend,185021707,11.379355,2007,722015156,101,6.9,4977,1,Action & Adventure
462,Men in Black,143383177,15.781023999999999,1997,938985425,98,6.9,4521,1,Action & Adventure
463,Skyfall,222735191,20.309585000000002,2012,1234577748,143,6.9,7718,1,Action & Adventure
464,The Hunger Games,83525696,20.031667000000002,2012,769784729,142,6.9,9634,1,Drama
465,Kung Fu Panda,154393869,16.897541,2008,750288360,90,6.9,3231,1,Action & Adventure
466,Unbreakable,111367595,14.67855,2000,368430914,106,6.9,1994,1,Drama
467,Meet Joe Black,141184049,14.026744,1998,224231801,178,6.9,1174,1,Drama
468,Troy,236884595,15.387275,2004,673307036,163,6.9,2841,1,Action & Adventure
469,Shooter,75242161,14.246917999999999,2007,118040144,124,6.9,1495,1,Action & Adventure
470,Mean Girls,23011646,11.454835000000001,2004,174675818,97,6.9,2401,1,Comedy
471,Die Hard: With a Vengeance,151003937,15.138855,1995,614253254,128,6.9,2094,1,Action & Adventure
473,The Walk,37761603,9.425787,2015,66009377,123,6.9,1151,1,Action & Adventure
474,Babel,31708829,12.60853,2006,171646465,143,6.9,1083,1,Drama
475,From Dusk Till Dawn,30964308,15.339153,1996,42105944,108,6.9,1644,1,Drama
476,Pinocchio,47487142,14.202283999999999,1940,1539679285,88,6.9,1412,1,Art House & International
477,The Simpsons Movie,92510853,14.302910999999998,2007,650127859,87,6.9,2335,0,Animation
479,The Rock,122227533,13.249823999999998,1996,546051702,136,6.9,1474,1,Action & Adventure
480,Equilibrium,28426903,12.671636999999999,2002,7617905,107,6.9,1584,1,Drama
481,Collateral Beauty,38355000,14.575883,2016,93134485,97,6.9,1553,1,Drama
482,Spy,70128691,13.257467000000002,2015,254260979,120,6.9,2590,1,Comedy
483,Ghost,43040550,11.945397,1990,987976281,127,6.9,1381,1,Comedy
484,The Accountant,46878333,13.465656,2016,165310097,128,6.9,2121,1,Drama
485,3:10 to Yuma,67841292,18.079094,2007,86363470,122,6.9,1210,1,Classics
486,The Place Beyond the Pines,16461373,7.4926580000000005,2013,38942789,140,6.8,1689,0,Drama
487,Sleeping Beauty,52541095,14.276169,1959,446599315,75,6.8,1332,1,Animation
488,The Road,38146386,14.958098000000001,2009,32943344,111,6.8,1113,1,Drama
489,Steve Jobs,32367088,16.224866,2015,37159438,122,6.8,1608,1,Drama
490,A.I. Artificial Intelligence,144381705,13.249364000000002,2001,340634778,146,6.8,2011,1,Drama
491,Sinister,3341027,12.490637,2012,86546474,110,6.8,1611,1,Horror
492,Hotel Transylvania,94662456,16.231945,2012,399114293,91,6.8,2622,1,Animation
493,The Hunchback of Notre Dame,162970044,13.553999,1996,163196330,91,6.8,1182,2,Classics
494,Rush Hour,51767484,11.840557,1998,383372522,98,6.8,1254,1,Action & Adventure
495,X2,152864130,0.9130959999999999,2003,566586103,133,6.8,3572,0,None
496,The Spectacular Now,2743562,8.098964,2013,7522420,95,6.8,1074,1,Comedy
497,8 Mile,58275152,8.374355,2002,305589216,110,6.8,1676,0,Drama
498,Non-Stop,54013519,19.650229,2014,240694612,106,6.8,2302,1,Action & Adventure
500,A Monster Calls,45812916,24.483893,2016,49704636,108,6.8,1023,1,Comedy
501,Speed,51761133,10.859292,1994,604653108,116,6.8,1814,1,Action & Adventure
502,School of Rock,48638586,17.951420000000002,2003,182440489,108,6.8,1454,1,Comedy
503,Insidious,1758596,17.24814,2010,113733331,103,6.8,1775,1,Horror
504,Iron Man 3,219484978,23.721242999999998,2013,1333854105,130,6.8,8951,1,Action & Adventure
506,The Patriot,163339140,15.960788,2000,319690843,165,6.8,1130,1,Action & Adventure
507,The Croods,148152360,14.757874,2013,642189922,98,6.8,2447,1,Action & Adventure
508,True Lies,198417678,11.396099000000001,1994,653712769,141,6.8,1138,0,None
509,Face/Off,127451713,11.467391000000001,1997,391398071,138,6.8,1612,1,Action & Adventure
510,Finding Dory,213083333,14.477676999999998,2016,1095856567,97,6.8,4333,1,Animation
511,Pitch Perfect 2,31288185,15.862632000000001,2015,310191281,115,6.8,1997,1,Comedy
512,Home,145651898,13.422713,2015,397976018,94,6.8,1539,1,Comedy
513,Insomnia,65381878,11.424974,2002,161628026,118,6.8,1181,1,Drama
514,10 Cloverfield Lane,15981250,14.421528,2016,115370157,103,6.8,2537,1,Drama
515,The Fate of the Furious,260811913,48.573287,2017,1292338434,136,6.8,3803,1,Action & Adventure
516,American Hustle,43896995,16.478036,2013,275642193,138,6.8,2868,1,Drama
517,Beauty and the Beast,166919624,287.253654,2017,1317503208,129,6.8,5530,1,Animation
518,The DUFF,9170675,8.592449,2015,46963171,100,6.8,1372,0,Comedy
519,Spider-Man,197566981,29.413341,2002,1167931498,121,6.8,5398,1,Action & Adventure
520,A Bug's Life,188245398,16.869208999999998,1998,569848406,95,6.8,2379,1,Animation
521,Mission: Impossible - Ghost Protocol,164857714,14.258429999999999,2011,789854207,133,6.8,4026,0,None
522,Thor: The Dark World,186562231,34.905446999999995,2013,707368701,112,6.8,4873,1,Action & Adventure
523,Dumbo,14124380,14.655879,1941,27831292,64,6.8,1206,1,Animation
524,Big Eyes,10802703,7.412826,2014,31202001,105,6.8,1236,1,Drama
526,Sing,79906250,20.045673,2016,673816078,108,6.8,2363,1,Animation
527,Dawn of the Dead,37901535,13.157873,2004,138552284,101,6.8,1039,1,Drama
528,We're the Millers,40604721,18.474368,2013,296298267,110,6.8,3053,0,Comedy
529,Lawless,28955574,7.968423,2012,59778316,115,6.8,1055,1,Drama
530,War Dogs,42616666,16.453573000000002,2016,91875698,114,6.8,1392,1,Comedy
531,X-Men,111367595,0.954467,2000,440034942,104,6.8,4172,1,Action & Adventure
532,Pacific Rim,197536480,33.949359,2013,447313575,131,6.7,4903,1,Action & Adventure
533,Escape Plan,54871244,14.191610999999998,2013,134890102,115,6.7,1688,1,Action & Adventure
534,The World's End,21948497,9.830382,2013,50579530,109,6.7,1820,1,Comedy
535,"The Chronicles of Narnia: The Lion, the Witch and the Wardrobe",235668202,18.13542,2005,980388832,143,6.7,2709,0,Kids & Family
536,Now You See Me 2,95887500,39.540653000000006,2016,356809466,129,6.7,3362,1,Mystery & Suspense
537,Don't Breathe,10547625,25.869882999999998,2016,167377858,88,6.7,1830,0,Horror
538,World War Z,219484978,26.114917000000002,2013,583681890,116,6.7,5683,1,Action & Adventure
539,Top Gun,34995437,20.301019,1986,832496210,110,6.7,1736,1,Action & Adventure
540,Easy A,9379183,15.138144,2010,87873931,92,6.7,2282,1,Comedy
541,Brave,206030052,15.876341,2012,600252639,93,6.7,4760,0,Animation
542,War for the Planet of the Apes,158573643,146.161786,2017,385905614,140,6.7,1675,1,Action & Adventure
543,The Adventures of Tintin,147803468,19.201504,2011,422877172,107,6.7,2095,1,Action & Adventure
544,In Time,45477990,10.324613000000001,2011,197750348,109,6.7,3512,0,Mystery & Suspense
545,Spider-Man 2,270725251,10.834506,2004,1060926698,127,6.7,4432,1,Action & Adventure
546,Anchorman: The Legend of Ron Burgundy,35194282,10.330119999999999,2004,122603599,94,6.7,1523,0,None
547,"I, Robot",162435150,14.43075,2004,470026299,115,6.7,3889,1,Action & Adventure
548,Pitch Black,34152729,6.424399,2000,78978422,108,6.7,1812,1,Horror
549,Pocahontas,92280183,13.280069000000001,1995,580660091,81,6.7,1509,0,Action & Adventure
550,John Wick: Chapter 2,41729906,49.247505,2017,178958584,122,6.7,2924,1,Action & Adventure
551,21 Jump Street,46774390,11.250764,2012,224500733,109,6.7,4151,1,Action & Adventure
552,Shrek 2,203043938,16.229860000000002,2004,1245117895,93,6.7,3082,1,Animation
553,Fast & Furious 6,175587982,1.6576369999999998,2013,865516899,130,6.7,5282,1,Action & Adventure
554,Kung Fu Panda 2,170542463,11.481921,2011,756858676,91,6.7,1925,1,Action & Adventure
555,Passengers,117195833,20.303632,2016,322974831,116,6.7,4134,2,Drama
556,Hook,131417033,14.508137,1991,564820691,144,6.7,1563,1,Action & Adventure
557,Lemony Snicket's A Series of Unfortunate Events,189507676,12.817945,2004,283007575,108,6.7,1521,1,Action & Adventure
558,Seven Psychopaths,16705139,9.643538000000001,2012,21630105,110,6.7,1224,1,Comedy
559,Trolls,133177083,16.83711,2016,369555178,92,6.7,1054,1,Animation
560,Charlie and the Chocolate Factory,196390168,22.038404999999997,2005,621861304,115,6.7,3759,1,Comedy
561,Lincoln,72388937,10.680330999999999,2012,306587696,149,6.7,1456,1,Drama
562,Zero Dark Thirty,44547038,9.649303,2012,147919238,157,6.7,1723,1,Drama
563,Megamind,152411737,11.603905000000001,2010,377379913,95,6.7,1968,1,Action & Adventure
564,Kung Fu Panda 3,154485416,14.696548000000002,2016,555264083,95,6.7,1630,1,Animation
565,Enemy of the State,141184049,12.978750999999999,1998,393197319,132,6.7,1266,1,Action & Adventure
566,The Princess and the Frog,125167832,16.616517,2009,318338471,97,6.7,1293,0,Animation
567,Orphan,23841491,8.730934,2009,49585833,123,6.7,1296,1,Drama
568,Step Up,15220238,14.21769,2006,144839396,104,6.7,1092,1,Drama
569,The Proposal,47682983,8.058337,2009,378334710,108,6.7,1858,1,Comedy
570,Everest,59339662,10.758754,2015,219478621,121,6.7,1805,2,Action & Adventure
571,Phone Booth,18477487,9.142772,2002,139060345,81,6.7,1087,1,Mystery & Suspense
572,Mission: Impossible,130376035,15.793477,1996,745907960,110,6.7,2677,1,Action & Adventure
573,The Gift,5394514,8.585856,2015,63632242,108,6.7,1077,2,Drama
574,The Holiday,107810019,14.043416,2006,246274487,136,6.7,1259,1,Comedy
575,Lethal Weapon 2,51552419,12.834276,1989,469856969,114,6.7,1066,1,Action & Adventure
576,Valkyrie,89073385,8.635464,2008,237856819,121,6.7,1195,1,Drama
577,Starship Troopers,167280373,14.412644,1997,193112250,129,6.7,1584,0,Action & Adventure
578,The Jungle Book,186447916,17.432758,2016,1029779118,106,6.7,2977,0,Action & Adventure
579,Death Proof,30836951,13.412137,2007,30883696,113,6.7,1359,1,Action & Adventure
580,Vicky Cristina Barcelona,17814677,9.648539,2008,114499267,96,6.7,1050,1,Comedy
581,Red Dragon,110864924,2.968157,2002,297340152,124,6.7,1142,1,Drama
582,The Lobster,4315611,11.223033000000001,2015,16891512,118,6.7,1340,1,Comedy
583,Focus,54053037,10.035362,2015,166111095,105,6.7,2588,1,Comedy
584,Cinderella,102495780,19.801128,2015,586399240,105,6.7,2426,0,Animation
585,Romeo + Juliet,23630656,11.774061,1996,240052856,120,6.7,1406,1,Drama
586,The Mist,22202604,8.435642,2007,70426897,126,6.7,1438,0,Horror
587,Atlantis: The Lost Empire,173258046,10.901602,2001,268627540,95,6.7,1257,0,None
588,Independence Day,122227533,17.634197,1996,1331415180,145,6.7,3334,1,Action & Adventure
589,Hotel Transylvania 2,86312236,11.760218,2015,510565962,89,6.7,1528,1,Animation
590,Up in the Air,29801864,8.338562,2009,195106848,109,6.7,1246,1,Comedy
591,The Matrix Reloaded,208451086,16.229317,2003,1026412736,138,6.7,3500,1,Mystery & Suspense
592,Pearl Harbor,202134387,11.419388,2001,648592860,183,6.6,1833,1,Action & Adventure
593,Dredd,55683797,12.1524,2012,45702746,95,6.6,1971,1,Action & Adventure
594,The Hunger Games: Mockingjay - Part 2,172624472,26.628178000000002,2015,704985680,137,6.6,4117,1,Action & Adventure
595,Super 8,56847487,19.529911,2011,295716068,112,6.6,2496,0,Action & Adventure
596,A Christmas Carol,238414918,12.869273,2009,387703024,96,6.6,1137,0,Classics
597,Pineapple Express,32066418,8.461369,2008,120694251,111,6.6,1169,1,Comedy
598,Looper,33410278,12.727269,2012,52389544,118,6.6,4777,1,Action & Adventure
599,50 First Dates,101521969,11.134888,2004,265964388,99,6.6,2161,1,Comedy
600,Captain America: The First Avenger,159172965,19.323582000000002,2011,421319213,124,6.6,7174,1,Action & Adventure
601,Thor,170542463,29.158489000000003,2011,510861788,115,6.6,6678,1,Action & Adventure
602,Star Trek Beyond,197102083,20.659284,2016,365940597,122,6.6,2636,1,Action & Adventure
603,Ender's Game,120716738,12.500305,2013,137767638,114,6.6,2354,1,Action & Adventure
604,The Good Dinosaur,188808016,12.319595,2015,358116100,93,6.6,1782,1,Action & Adventure
605,Meet the Parents,81669570,14.178281,2000,490676784,108,6.6,1743,1,Comedy
606,King Kong,271018433,19.761164,2005,720097286,187,6.6,2403,2,Action & Adventure
607,The Cabin in the Woods,33410278,14.811957999999999,2012,74043948,95,6.6,2314,0,Horror
608,Chappie,52866244,30.206365,2015,112636980,120,6.6,3124,0,Action & Adventure
609,Cloud Atlas,113594947,13.494245999999999,2012,145315633,172,6.6,3031,1,Drama
610,The Transporter,29848249,13.217421,2002,62438176,92,6.6,1724,1,Action & Adventure
611,GoldenEye,97313648,14.686035999999998,1995,590918730,130,6.6,1194,1,Action & Adventure
612,The Book of Eli,93791838,14.39853,2010,184192815,118,6.6,2207,1,Action & Adventure
613,The Italian Job,83380434,13.995044,2003,244680123,110,6.6,1949,2,Action & Adventure
614,Enchanted,104845634,11.447797999999999,2007,419984045,107,6.6,1512,1,Comedy
615,Real Steel,125064473,19.265552,2011,340253256,127,6.6,2749,1,Action & Adventure
616,Dear John,29309949,8.371478999999999,2010,134798924,115,6.6,1302,1,Drama
617,Die Hard 2,136947207,18.785984,1990,469594114,124,6.6,1920,1,Action & Adventure
618,It Follows,2157805,20.359336,2015,15831903,100,6.6,1894,0,Horror
619,Panic Room,68224569,14.969501999999999,2002,279148521,111,6.6,1303,1,Drama
620,Batman Returns,145801853,15.001681,1992,510306486,126,6.6,1706,0,None
621,Pirates of the Caribbean: Dead Men Tell No Tales,239946960,133.82782,2017,828538928,129,6.6,2814,1,Action & Adventure
622,Cars,152202380,18.907948,2006,585957793,117,6.6,3991,1,Action & Adventure
623,Chronicle,16705139,12.47441,2012,161483013,84,6.6,1965,0,Art House & International
624,Transformers,185021707,5.587707,2007,875411436,144,6.6,4113,1,Action & Adventure
625,Disturbia,24669561,18.006895999999998,2007,145254540,105,6.6,1038,1,Drama
626,The Hunger Games: Mockingjay - Part 1,135033798,147.098006,2014,812471603,123,6.6,5767,1,Action & Adventure
627,The Purge: Anarchy,9722433,27.756026000000002,2014,117514887,104,6.6,2008,0,Horror
628,2 Guns,66942918,13.336511999999999,2013,144794691,109,6.6,1611,1,Action & Adventure
629,RED,67999082,12.595165,2010,84019856,111,6.6,2858,0,Drama
630,The Mummy,122785114,23.984065,1999,638306838,124,6.6,2796,3,Classics
631,Blended,43210815,10.395472,2014,133407569,117,6.6,1028,1,Comedy
632,Underworld,30572826,20.624333,2003,133003545,121,6.6,2556,1,Action & Adventure
633,Déjà Vu,95126488,14.922904,2006,229010741,126,6.6,1519,1,Action & Adventure
634,The Call,14266523,8.611077,2013,75253034,94,6.6,1275,1,Mystery & Suspense
635,The Fast and the Furious,54865048,1.406181,2001,299280065,106,6.6,3485,1,Action & Adventure
636,9,35762237,18.502876999999998,2009,57729863,79,6.6,1291,1,Action & Adventure
637,Mad Max,1408815,11.412619,1979,352203856,93,6.6,1235,1,Action & Adventure
638,Love & Other Drugs,35171939,7.575696000000001,2010,120545969,112,6.6,1268,0,None
639,Madagascar,98195084,16.136217000000002,2005,697421646,86,6.6,3322,1,Animation
640,Kingdom of Heaven,170204813,16.296471,2005,277097570,144,6.6,1187,1,Action & Adventure
641,The Lovely Bones,77484848,12.738789,2009,111489474,136,6.6,1101,1,Drama
642,Rango,153488216,10.581925,2011,279376527,107,6.6,2094,1,Action & Adventure
643,Crank,15220238,12.627593,2006,54451722,88,6.6,1172,1,Action & Adventure
644,Allied,90560416,13.085186,2016,127338624,124,6.6,1415,1,Action & Adventure
645,Constantine,130926779,9.615691,2005,302289938,121,6.6,1837,1,Action & Adventure
646,Iron Man 2,234479596,19.083344,2010,731498178,124,6.6,6969,1,Action & Adventure
647,The Mask,39683535,14.134879999999999,1994,606611856,101,6.6,2550,1,Action & Adventure
648,Bridget Jones's Diary,36095426,10.780524,2001,407055045,97,6.6,1397,1,Comedy
649,The Hitchhiker's Guide to the Galaxy,65463389,13.257254999999999,2005,136790225,109,6.6,1340,1,Comedy
650,Money Monster,28766250,11.953822,2016,99384841,98,6.5,1096,1,Drama
651,Miss Peregrine's Home for Peculiar Children,117195833,36.262655,2016,315880826,127,6.5,3213,1,Kids & Family
652,Man of Steel,246920600,18.538834,2013,727423171,143,6.5,6462,1,Action & Adventure
653,The Amazing Spider-Man 2,216054076,26.23687,2014,762365641,142,6.5,4274,1,Action & Adventure
654,The Heat,47189270,12.706403,2013,174132994,117,6.5,1595,1,Comedy
655,King Arthur: Legend of the Sword,182568339,44.251369,2017,152496794,126,6.5,1506,0,Action & Adventure
656,Deepwater Horizon,117195833,13.1984,2016,129757493,107,6.5,1478,1,Action & Adventure
657,Austin Powers: International Man of Mystery,26286915,11.749158999999999,1997,107830504,94,6.5,1033,1,Action & Adventure
658,Blade,70592024,15.043454,1998,205789132,120,6.5,1950,1,Action & Adventure
659,Alice Through the Looking Glass,181120833,14.616079999999998,2016,318953877,113,6.5,1782,1,Action & Adventure
660,Space Jam,130376035,11.054250999999999,1996,407751051,88,6.5,1335,0,Comedy
661,Project X,13364111,9.803023,2012,111367595,88,6.5,1624,1,Action & Adventure
662,Bad Boys,31878608,9.262184,1995,237255748,118,6.5,1729,2,Action & Adventure
663,Armageddon,219619631,13.235111999999999,1998,868751834,151,6.5,2540,1,Action & Adventure
664,Maze Runner: The Scorch Trials,65813080,41.225769,2015,335816016,132,6.5,3148,0,Action & Adventure
665,Penguins of Madagascar,142595690,22.201607,2014,403537264,92,6.5,1375,0,Animation
667,The Babadook,2160540,8.832788,2014,7212393,93,6.5,1890,0,Drama
668,In the Heart of the Sea,107890295,11.696923,2015,101223492,122,6.5,1300,1,Action & Adventure
669,Con Air,119485981,11.545982,1997,356884288,115,6.5,1289,1,Action & Adventure
670,Flight,34523954,10.973822,2012,180162004,138,6.5,2449,1,Drama
671,There's Something About Mary,36080368,11.688958,1998,580242363,119,6.5,1616,1,Comedy
672,Dumb and Dumber,27605937,9.844558000000001,1994,426641789,107,6.5,1894,1,Action & Adventure
673,The Amazing Spider-Man,239440331,31.102266999999998,2012,837724715,136,6.5,6734,1,Action & Adventure
674,Cloudy with a Chance of Meatballs,119207459,11.665693,2009,289660376,90,6.5,1799,0,Animation
675,Hellboy II: The Golden Army,100949837,11.928661,2008,190484104,120,6.5,1555,0,None
676,Paul,45477990,10.24382,2011,110911779,104,6.5,1825,1,Art House & International
677,Vanilla Sky,98179559,10.071057000000001,2001,293655555,136,6.5,1100,1,Drama
678,Mr. & Mrs. Smith,144019457,15.724373000000002,2005,626101704,120,6.5,3048,2,Classics
679,The Da Vinci Code,158544146,18.566706,2006,973867516,149,6.5,2773,1,Action & Adventure
680,Mission: Impossible III,190252976,15.687983,2006,504614325,126,6.5,2062,1,Action & Adventure
681,Burn After Reading,43942870,13.206798999999998,2008,194441345,96,6.5,1251,1,Comedy
682,The Island,164967741,11.443647,2005,213344092,136,6.5,1813,1,Drama
683,Tropic Thunder,109263353,8.980941,2008,223363568,107,6.5,1707,1,Comedy
684,Step Brothers,77196934,8.579638000000001,2008,152146419,98,6.5,1084,1,Comedy
685,The Tree of Life,36382392,11.204539,2011,62161847,139,6.5,1009,1,Action & Adventure
686,21,41567580,8.33756,2008,82925183,123,6.5,1406,0,Drama
687,Bridesmaids,36950867,6.8109910000000005,2011,327877575,125,6.5,1697,1,Comedy
688,Rio,102325477,10.403228,2011,551006508,96,6.5,2213,1,Action & Adventure
689,Hanna,34108492,8.071196,2011,72517017,111,6.5,1284,1,Action & Adventure
690,The Ring,68224569,13.740965,2002,354410906,115,6.5,1720,1,Drama
691,Ice Age: The Meltdown,101468253,16.646029000000002,2006,838306336,91,6.5,3034,0,None
692,Unknown,34108492,14.443598999999999,2011,148697562,113,6.5,1288,0,Drama
693,Borat: Cultural Learnings of America for Make Benefit Glorious Nation of Kazakhstan,22830357,8.278336,2006,331766620,82,6.5,1617,1,Comedy
694,The Adjustment Bureau,57074877,9.420301,2011,145381059,106,6.5,1677,1,Science Fiction & Fantasy
695,The Princess Diaries,53421230,7.387171,2001,238713713,115,6.5,1063,1,Comedy
696,Hellboy,89339332,13.206854000000002,2004,134440788,122,6.5,2278,0,Action & Adventure
697,Friends with Benefits,39793241,10.009007,2011,171092479,109,6.5,2306,0,Comedy
698,Angels & Demons,178811188,22.211558,2009,425109819,138,6.5,2183,1,Drama
699,Chicken Run,66820557,11.834245,2000,333857131,84,6.5,1190,1,Action & Adventure
700,Fast & Furious,101326340,1.498902,2009,432918893,107,6.5,2426,1,Action & Adventure
701,Public Enemies,95365967,10.364794,2009,255228677,140,6.5,1371,1,Action & Adventure
702,1408,30836951,9.196883999999999,2007,116785206,104,6.5,1372,1,Horror
703,Ocean's Thirteen,104845634,12.16276,2007,383997288,122,6.5,2040,1,Action & Adventure
704,Ice Age: Dawn of the Dinosaurs,107286713,12.980624,2009,1056996825,94,6.5,2330,0,None
705,28 Weeks Later,18502170,12.884191,2007,79236705,100,6.5,1225,0,None
706,Underworld: Evolution,63417658,12.496805,2006,141219458,106,6.4,1548,1,Action & Adventure
707,Demolition Man,100864359,11.626116,1993,281457161,115,6.4,1018,1,Action & Adventure
708,Signs,102336853,11.211568,2002,580261213,106,6.4,1624,1,Mystery & Suspense
709,Live Free or Die Hard,135682585,14.886039000000002,2007,473077642,128,6.4,2122,1,Action & Adventure
710,Epic,109742489,11.913405000000001,2013,294578070,102,6.4,1143,0,Action & Adventure
711,Forgetting Sarah Marshall,35629354,15.106676,2008,124908339,111,6.4,1194,1,Comedy
712,Warm Bodies,38409871,10.430238000000001,2013,128377490,97,6.4,2698,1,Comedy
713,Rambo,59382257,9.915560000000001,2008,134494031,92,6.4,1009,0,None
714,Oblivion,131690987,14.654053,2013,314048514,124,6.4,4862,1,Action & Adventure
715,The Ugly Truth,45298834,8.450799,2009,244731610,96,6.4,1005,1,Comedy
716,X-Men: Apocalypse,189644166,28.712521999999996,2016,579517187,144,6.4,4831,1,Action & Adventure
717,Evil Dead,18656223,12.01525,2013,107046063,91,6.4,1754,0,Horror
718,Cloverfield,29691128,12.868098,2008,202807066,85,6.4,2297,0,Action & Adventure
719,Minions,79838818,547.4882980000001,2015,1248000451,91,6.4,4729,0,Animation
720,Star Wars: Episode II - Attack of the Clones,170561423,14.072510999999999,2002,923019191,142,6.4,4074,1,Cult Movies
721,Elysium,126203862,15.232738000000001,2013,314017927,109,6.4,3510,1,Drama
722,Bruce Almighty,111173913,15.947524,2003,673398227,101,6.4,3121,1,Comedy
723,Side Effects,32922746,11.645847,2013,69546841,106,6.4,1340,2,Comedy
724,Crimson Peak,59339662,13.492683999999999,2015,80572280,119,6.4,1494,1,Horror
725,Joy,64734177,12.975936,2015,109113834,124,6.4,1619,1,Drama
726,Night at the Museum,139518849,16.661966,2006,728644598,108,6.4,2949,1,Action & Adventure
727,Mamma Mia!,61757547,10.534436999999999,2008,724275460,108,6.4,1435,1,Comedy
728,Let's Be Cops,18364596,15.962793,2014,147587912,104,6.4,1234,0,Action & Adventure
729,Ace Ventura: Pet Detective,25880566,11.247957000000001,1994,184989798,86,6.4,1684,1,Action & Adventure
730,The Grey,27841898,14.31675,2012,86063019,117,6.4,1476,1,Action & Adventure
731,Hannibal,125612083,2.48875,2001,507779293,131,6.4,1296,1,Drama
732,Alice in Wonderland,234479596,17.285093,2010,1202283708,108,6.4,4773,1,Animation
733,Final Destination,34152729,14.961416,2000,79148674,98,6.4,1416,0,Horror
734,Yes Man,83135160,9.756289,2008,268397088,104,6.4,1869,1,Comedy
735,Rush Hour 2,129943534,8.345985,2001,501474915,90,6.4,1078,1,Action & Adventure
736,The Giver,27006759,12.472206,2014,72357002,94,6.4,1859,1,Drama
737,Secret Window,54145050,9.524283,2004,125769707,96,6.4,1007,1,Drama
738,The Polar Express,223348332,14.275360000000001,2004,414041419,100,6.4,1524,0,Animation
739,Horrible Bosses,39793241,9.856955000000001,2011,133023121,98,6.4,2341,1,Comedy
740,National Treasure,135362625,18.932203,2004,470320006,131,6.4,1974,1,Action & Adventure
741,Ocean's Twelve,148898888,11.869347,2004,491020182,125,6.4,2169,1,Action & Adventure
742,Elf,44469565,8.754132,2003,240967397,97,6.4,1007,1,Comedy
743,American Pie,16882953,18.344227,1999,361422593,95,6.4,2358,0,Comedy
744,Wanted,89073385,12.457896,2008,306733121,110,6.4,2583,1,Action & Adventure
745,The Matrix Revolutions,208451086,15.368205,2003,590595030,129,6.4,3155,1,Mystery & Suspense
746,Star Wars: Episode I - The Phantom Menace,176503601,15.649091,1999,1418655459,136,6.4,4526,1,Cult Movies
747,Wedding Crashers,52370711,11.100597,2005,373372722,119,6.4,1406,1,Comedy
749,Resident Evil,46904391,7.781292999999999,2002,146377038,100,6.4,2100,1,Action & Adventure
750,Madagascar 3: Europe's Most Wanted,161483013,13.829042000000001,2012,831828265,93,6.4,1857,1,Action & Adventure
751,Liar Liar,71691588,10.102471000000001,1997,482262331,86,6.4,1456,0,None
752,Bolt,178146771,15.580915,2008,368146235,98,6.3,1798,1,Action & Adventure
753,Oculus,5487124,8.698042999999998,2013,48319887,104,6.3,1079,0,Drama
754,Lucy,43210815,36.447603,2014,136704787,89,6.3,6048,1,Action & Adventure
755,Warcraft,170466666,12.572718,2016,462046898,123,6.3,2325,0,Action & Adventure
756,Run All Night,53945147,16.838145,2015,77208069,114,6.3,1169,1,Mystery & Suspense
757,The Mask of Zorro,149027607,11.348096,1998,392630523,136,6.3,1211,1,Action & Adventure
758,Kick-Ass 2,30727897,13.570264000000002,2013,66613690,103,6.3,2275,1,Action & Adventure
759,The Chronicles of Narnia: Prince Caspian,267220157,12.490891,2008,498396963,150,6.3,1668,0,Action & Adventure
760,Blade II,76752640,17.050639999999998,2002,220322763,117,6.3,1556,1,Action & Adventure
761,Machete,23447959,7.120403,2010,36728765,105,6.3,1171,0,Action & Adventure
762,Eagle Eye,95011611,14.324875,2008,211479896,118,6.3,1038,1,Drama
763,White House Down,164613733,9.920223,2013,225374569,131,6.3,1910,1,Action & Adventure
764,The Wolverine,131690987,3.9182870000000003,2013,455914935,126,6.3,4110,1,Action & Adventure
765,Sin City: A Dame to Kill For,70217574,20.623642,2014,42570880,102,6.3,1314,0,None
766,Insidious: Chapter 3,10789029,10.098792,2015,112533732,97,6.3,1005,0,Horror
767,The Number 23,37004341,8.140941,2007,95676963,101,6.3,1045,1,Mystery & Suspense
768,The Blair Witch Project,92088,14.838385999999998,1999,380633853,81,6.3,1090,0,Horror
769,Safe House,94662456,8.338675,2012,231729466,115,6.3,1361,1,Action & Adventure
770,Why Him?,40485833,14.531429000000001,2016,125755681,111,6.3,1203,1,Comedy
771,Saw II,5237071,15.399863,2005,200219899,92,6.3,1288,0,Horror
772,Bad Boys II,180657608,8.191436,2003,379852850,147,6.3,1588,1,Action & Adventure
773,Just Go with It,90955980,9.267959,2011,244351430,117,6.3,1588,1,Comedy
774,Life,60508363,36.263803,2017,104890003,103,6.3,1959,3,Comedy
775,Lights Out,5220541,11.494907000000001,2016,158607337,81,6.3,1174,1,Horror
776,13 Going on 30,50084171,12.632595,2004,130564964,98,6.3,1260,1,Comedy
777,The Chronicles of Riddick,142130757,5.060352,2004,156713011,119,6.3,1593,1,Action & Adventure
778,Bad Moms,21308333,9.362055999999999,2016,195968558,100,6.3,1287,1,Comedy
779,The Lorax,77957317,7.689394999999999,2012,388495073,86,6.3,1048,0,None
780,Ted,55683797,19.638605,2012,611818284,106,6.3,4811,1,Comedy
781,Home Alone 2: Lost in New York,32805416,13.293722,1992,654270654,120,6.3,2459,1,Comedy
782,Prometheus,144777874,16.624854,2012,449000894,124,6.3,5152,1,Action & Adventure
783,Men in Black 3,250577090,10.684385,2012,694963617,106,6.3,4228,0,None
784,Power Rangers,104324765,23.247298,2017,148492991,124,6.3,1321,0,None
785,The Mechanic,45477990,9.832342,2011,58064941,93,6.3,1066,2,Action & Adventure
786,TRON: Legacy,199307657,21.259,2010,469032776,125,6.3,2895,0,None
787,The Witch,3728958,11.840138,2016,43068344,92,6.3,1471,0,Horror
788,Unstoppable,117239798,12.697059,2010,196734789,98,6.3,1193,1,Action & Adventure
789,Self/less,28051476,25.301568,2015,32931598,116,6.3,1122,1,Drama
790,The Beach,59396051,14.430310999999998,2000,213910234,119,6.3,1271,1,Action & Adventure
791,Black Mass,57181856,10.61072,2015,106636472,122,6.3,1262,1,Drama
792,Jack Reacher,66820557,12.789812,2012,243160671,130,6.3,3046,1,Drama
793,Spectre,264331223,24.926576999999998,2015,950162436,148,6.3,4552,1,Action & Adventure
794,X-Men: The Last Stand,266354166,0.867943,2006,582630149,104,6.3,3581,1,Action & Adventure
795,Over the Hedge,101468253,9.382953,2006,435548988,83,6.3,1116,1,Animation
796,Silent Hill,63417658,7.9384570000000005,2006,123800722,125,6.3,1093,0,Action & Adventure
797,Ghostbusters II,76297580,16.414239000000002,1989,444164794,108,6.3,1131,0,None
798,Hitch,91648745,13.350760000000001,2005,481942024,118,6.3,1721,1,Comedy
799,X-Men Origins: Wolverine,178811188,1.456541,2009,444718761,107,6.2,4086,0,None
800,The Other Woman,43210815,9.389353999999999,2014,212576895,109,6.2,1467,2,Drama
801,DodgeBall: A True Underdog Story,27072525,11.967379,2004,227033322,92,6.2,1009,0,None
802,Neighbors,19444866,11.90575,2014,289682497,96,6.2,2773,1,Comedy
803,Underworld: Rise of the Lycans,41722610,11.654958,2009,108900187,92,6.2,1447,0,None
804,Kong: Skull Island,193000815,29.429112,2017,591159216,118,6.2,3161,1,Action & Adventure
805,Despicable Me 3,83459812,36.631519,2017,1064178732,96,6.2,2002,1,Animation
806,The Village,81217575,8.172707,2004,347472503,108,6.2,1101,0,Drama
807,The Day After Tomorrow,169203282,15.049695000000002,2004,736741414,124,6.2,2462,1,Action & Adventure
808,The 40 Year Old Virgin,34040962,11.519662,2005,143298360,116,6.2,2020,1,Comedy
809,A Walk Among the Tombstones,30247570,14.914924,2014,57450507,113,6.2,1145,1,Action & Adventure
810,The Shallows,18112083,13.689175,2016,126891932,86,6.2,1619,1,Drama
811,Alien³,91126158,17.126768,1992,291190986,114,6.2,1664,0,None
812,Insurgent,118679324,27.887186,2015,318533367,119,6.2,3921,1,Action & Adventure
813,Ted 2,73365400,42.061481,2015,234146311,115,6.2,2524,1,Comedy
814,Knocked Up,37004341,9.058516000000001,2007,270226076,129,6.2,1255,1,Comedy
815,Goosebumps,62576371,12.365292,2015,170642299,103,6.2,1022,1,Horror
816,2 Fast 2 Furious,105615217,2.32462,2003,328450347,107,6.2,2087,1,Action & Adventure
817,Central Intelligence,53270833,11.374041,2016,231166163,107,6.2,1699,1,Action & Adventure
818,Madagascar: Escape 2 Africa,178146771,12.668733,2008,717219324,89,6.2,1866,1,Action & Adventure
819,Hancock,178146771,11.017324,2008,741125453,92,6.2,3050,1,Action & Adventure
820,Transporter 2,41896569,11.359658999999999,2005,111507246,87,6.2,1076,1,Action & Adventure
821,The Lost World: Jurassic Park,116299688,0.7881229999999999,1997,364949257,129,6.2,2528,0,None
822,Tomorrowland,204991561,22.296076,2015,225657215,130,6.2,2904,1,Science Fiction & Fantasy
823,War of the Worlds,172823348,19.929377,2005,774745310,116,6.2,2397,1,Action & Adventure
824,The Girl on the Train,47943750,10.217291000000001,2016,184515100,112,6.2,1837,1,Drama
825,Dracula Untold,75618926,16.316318,2014,232829812,92,6.2,2439,0,Action & Adventure
826,Transformers: The Last Knight,271244390,39.186819,2017,631104471,149,6.2,1440,1,Action & Adventure
827,The A-Team,128963778,16.747792999999998,2010,207794406,117,6.2,1737,1,Action & Adventure
828,Olympus Has Fallen,76819742,10.978188000000001,2013,176713545,120,6.2,3010,1,Action & Adventure
829,The Karate Kid,46895919,11.690781,2010,419545425,140,6.2,1675,0,Drama
830,Ice Age: Continental Drift,105799216,13.26958,2012,976966423,88,6.2,2731,0,Action & Adventure
831,How the Grinch Stole Christmas,182642857,11.642462,2000,512500910,104,6.2,1440,1,Animation
832,Due Date,76205868,11.73956,2010,248291410,95,6.2,1737,1,Comedy
833,The Hangover Part II,90955980,21.893532,2011,289303671,102,6.2,3836,1,Comedy
834,Contagion,68216985,8.244359,2011,156389251,106,6.2,1351,1,Action & Adventure
835,Salt,128963778,8.704455000000001,2010,343898413,100,6.2,2125,1,Action & Adventure
836,Riddick,41702145,9.596377,2013,107917795,119,6.2,2066,1,Action & Adventure
837,This Is the End,35117596,11.414048,2013,138320884,107,6.2,2394,1,Action & Adventure
838,The Mortal Instruments: City of Bones,65845493,14.336186999999999,2013,99388747,130,6.2,1649,1,Action & Adventure
839,Prince of Persia: The Sands of Time,175859697,18.459954999999997,2010,392934627,116,6.2,2372,1,Action & Adventure
840,The Chronicles of Narnia: The Voyage of the Dawn Treader,181721687,12.383398,2010,487349682,113,6.2,1555,0,Action & Adventure
841,Gangster Squad,65845493,8.581558,2013,115450089,113,6.2,1805,1,Drama
842,Upside Down,66820557,7.37535,2012,9027986,104,6.2,1094,0,Drama
843,Robin Hood,234479596,10.56812,2010,364228341,140,6.2,1434,2,Action & Adventure
844,Mars Attacks!,114079031,15.63424,1996,165204391,106,6.1,1544,1,Action & Adventure
845,Meet the Fockers,108290100,11.876386,2004,699341447,115,6.1,1412,1,Comedy
846,Quantum of Solace,237529029,13.678120000000002,2008,696067807,106,6.1,3015,1,Action & Adventure
847,Turbo,148152360,8.979753,2013,310100100,96,6.1,1094,1,Animation
848,Horrible Bosses 2,45371356,20.903361999999998,2014,116313097,108,6.1,1575,1,Comedy
849,Taken 3,51852978,18.081483,2014,351921221,109,6.1,2225,1,Action & Adventure
850,Night at the Museum: Secret of the Tomb,137194338,19.539436,2014,377472703,97,6.1,1893,1,Action & Adventure
851,The Interview,47531896,14.526048999999999,2014,13333379,112,6.1,2340,2,Drama
852,Austin Powers: The Spy Who Shagged Me,50648859,13.984182,1999,477235174,95,6.1,1034,1,Comedy
853,American Reunion,55683797,8.10609,2012,261702250,113,6.1,1641,0,Comedy
854,Transformers: Dark of the Moon,221705202,4.5035050000000005,2011,1277643872,154,6.1,3351,1,Action & Adventure
855,The Expendables 2,111367595,14.881566000000001,2012,348105506,103,6.1,2940,1,Action & Adventure
856,The Other Guys,117239798,12.536621,2010,199815219,107,6.1,1406,1,Action & Adventure
857,That Awkward Moment,8642163,8.060402999999999,2014,28140051,94,6.1,1020,0,Comedy
858,The Fast and the Furious: Tokyo Drift,107810019,2.238808,2006,200993761,104,6.1,1749,0,Action & Adventure
859,Saw III,12683531,14.938035000000001,2006,207853678,108,6.1,1104,0,Horror
860,The Twilight Saga: Breaking Dawn - Part 2,133641114,26.080995,2012,923237369,115,6.1,2641,0,None
861,Vacation,33445991,11.33038,2015,112620408,99,6.1,1218,1,Action & Adventure
862,Gone in Sixty Seconds,133641114,14.091764999999999,2000,352221996,118,6.1,1511,0,None
863,No Strings Attached,28423743,8.88057,2011,168018935,107,6.1,1367,1,Comedy
864,Pain & Gain,27435622,9.218002,2013,94570909,130,6.1,1595,1,Action & Adventure
865,The Internship,63650643,0.393865,2013,48286695,119,6.1,1691,0,Comedy
866,Paper Towns,12946835,9.662730999999999,2015,92259473,109,6.1,1997,0,Drama
867,Resident Evil: Extinction,55506512,3.009134,2007,183063024,94,6.1,1308,1,Action & Adventure
868,Men in Black II,198988326,16.775716,2002,627977031,88,6.1,3188,1,Comedy
869,The Purge: Election Year,10654166,13.1789,2016,126345503,105,6.1,1356,0,Action & Adventure
870,Taken 2,50115418,16.376482,2012,418899529,91,6.1,2783,1,Mystery & Suspense
871,National Treasure: Book of Secrets,160352146,12.854372999999999,2007,564147429,124,6.1,1782,1,Action & Adventure
872,John Carter,289555749,14.670353,2012,316438884,132,6.1,2170,1,Action & Adventure
873,Magic Mike,7795731,8.732425,2012,186230643,110,6.1,1062,1,Comedy
874,27 Dresses,35629354,10.342202,2008,190331202,111,6.1,1013,1,Comedy
875,The Incredible Hulk,178146771,19.125536999999998,2008,194431850,114,6.1,3086,1,Action & Adventure
876,Resident Evil: Apocalypse,60913181,7.850797,2004,175152246,94,6.1,1286,1,Horror
877,The Boss Baby,130405956,13.392824,2017,520387482,97,6.1,2336,1,Animation
878,300: Rise of an Empire,118829742,12.904677000000001,2014,364677731,102,6.1,2438,0,Action & Adventure
879,Need for Speed,71297845,18.271383,2014,219594809,130,6.1,1560,0,Action & Adventure
880,Ace Ventura: When Nature Calls,50334645,8.205447999999999,1995,356345018,90,6.1,1128,0,None
881,Godzilla,172843261,14.019239,2014,571545208,123,6.1,3232,2,Action & Adventure
882,Baywatch,71984088,35.637691,2017,185548638,116,6.1,1829,1,Action & Adventure
883,What Women Want,103943089,9.963078999999999,2000,555518951,127,6.1,1021,1,Art House & International
884,The Woman in Black,18932491,8.896678999999999,2012,142250649,95,6.1,1237,1,Drama
885,17 Again,23841491,11.362762,2009,162440995,102,6.1,1388,0,Comedy
886,Zoolander,40426877,10.40782,2001,87756616,89,6.1,1363,1,Comedy
887,The Expendables 3,97224334,14.753545,2014,222722093,127,6.1,1830,1,Action & Adventure
888,Underworld: Awakening,77957317,12.345348,2012,178313632,88,6.1,1885,1,Action & Adventure
889,The Family,32922746,8.047735000000001,2013,40488640,111,6.1,1052,1,Action & Adventure
890,Casper,83891076,12.812539,1995,483092120,100,6.0,1045,1,Drama
891,The Mummy Returns,141494071,16.945657,2001,625191948,130,6.0,2258,1,Action & Adventure
892,The Expendables,93791838,14.75562,2010,321788536,103,6.0,2977,1,Action & Adventure
893,Monsters vs Aliens,208613053,14.243634,2009,454788222,94,6.0,1464,0,None
894,Antz,94122699,16.025625,1998,269438561,83,6.0,1320,1,Animation
895,Shrek Forever After,193445667,11.803808,2010,882347738,93,6.0,2021,1,Action & Adventure
896,The Purge,3292274,23.207663,2013,98031458,86,6.0,2498,1,Mystery & Suspense
897,American Wedding,76432065,14.397139000000001,2003,321638919,103,6.0,1158,0,Comedy
898,Death Race,53444031,13.530029999999998,2008,87603694,105,6.0,1205,1,Action & Adventure
899,The Hangover Part III,113034763,25.085639,2013,397267890,100,6.0,2991,1,Comedy
900,Transformers: Revenge of the Fallen,178811188,4.351756,2009,996928676,150,6.0,3192,1,Action & Adventure
901,Scary Movie,28213124,12.446738,2000,412831913,88,6.0,1468,1,Comedy
902,The Host,48286695,11.342024,2013,69496846,125,6.0,1859,1,Action & Adventure
903,Fifty Shades Darker,57378620,29.130443,2017,395210894,118,6.0,2341,1,Drama
904,The BFG,149158333,18.769476,2016,195339446,120,6.0,1026,0,Kids & Family
905,Johnny English Reborn,51162739,10.668658,2011,182001309,101,6.0,1026,0,Comedy
906,Shrek the Third,197356488,14.072479000000001,2007,985497360,93,6.0,2355,1,Animation
907,The Huntsman: Winter's War,122522916,17.260203,2016,175369887,114,6.0,1575,1,Action & Adventure
908,The Visit,5394514,15.021057999999998,2015,106218062,94,6.0,1405,0,Horror
909,American Ultra,30209282,9.534828,2015,29280912,96,6.0,1099,1,Action & Adventure
910,Under the Skin,14367596,6.707974,2014,5812125,108,6.0,1118,1,Science Fiction & Fantasy
911,The Tourist,117239798,12.845044999999999,2010,326784094,103,6.0,1744,1,Action & Adventure
912,Van Helsing,216580201,12.643312,2004,406436402,132,6.0,1674,1,Action & Adventure
913,The Bourne Legacy,144777874,14.89499,2012,308012631,120,6.0,2683,1,Action & Adventure
914,Mama,16461373,16.018525,2013,160770300,100,6.0,1452,1,Art House & International
915,Robots,98195084,12.949715,2005,341322178,91,6.0,1383,1,Animation
916,San Andreas,118679324,20.547925,2015,507613948,114,6.0,3017,1,Action & Adventure
917,Click,104639136,9.796552,2006,301463830,107,6.0,2167,1,Comedy
918,Percy Jackson & the Olympians: The Lightning Thief,111377808,9.785895,2010,265544870,118,6.0,2079,1,Action & Adventure
919,Predators,46895919,9.034929,2010,148013853,107,6.0,1231,1,Action & Adventure
920,Get Smart,95011611,11.35779,2008,273972458,110,6.0,1072,1,Action & Adventure
921,Grown Ups,93791838,23.981251,2010,318224205,102,6.0,1746,1,Comedy
922,American Pie 2,43314511,10.25103,2001,415174783,108,6.0,1375,0,Comedy
923,Jobs,13169098,14.294019,2013,39432023,128,6.0,1183,1,Drama
924,Mission: Impossible II,185612659,18.97178,2000,811332395,123,5.9,1966,0,None
925,Jack Ryan: Shadow Recruit,64816223,11.234862,2014,54606703,105,5.9,1194,1,Action & Adventure
926,Sucker Punch,93229879,13.779526999999998,2011,102089563,110,5.9,1661,1,Action & Adventure
927,Allegiant,117195833,18.386172,2016,190972600,121,5.9,2064,0,None
928,The Secret Life of Pets,79906250,11.01395,2016,932727477,87,5.9,3536,0,Animation
929,How to Be Single,40485833,8.898988000000001,2016,119692651,110,5.9,1225,0,Comedy
930,Knight and Day,137170563,12.758942,2010,307086708,109,5.9,1583,0,None
931,Suicide Squad,186447916,42.965027,2016,794374724,123,5.9,7717,1,Action & Adventure
932,I Am Number Four,56847487,9.388376,2011,164281087,109,5.9,1606,0,Action & Adventure
933,Surrogates,95365967,16.211937,2009,145963301,89,5.9,1219,1,Action & Adventure
934,Percy Jackson: Sea of Monsters,98768240,10.338222,2013,191587067,106,5.9,1685,1,Action & Adventure
935,Transcendence,108027038,9.730176,2014,111310258,119,5.9,2339,1,Drama
936,Paranormal Activity,18502,12.706424,2007,238500135,86,5.9,1351,0,Horror
937,Date Night,64481889,8.443736,2010,178513865,97,5.9,1148,1,Comedy
938,The Twilight Saga: Eclipse,79723062,34.047399,2010,818909846,124,5.9,2382,1,Drama
939,Terminator 3: Rise of the Machines,277934782,20.818907,2003,604508152,109,5.9,2177,0,None
940,Jason Bourne,127850000,19.133256,2016,442664552,123,5.9,2386,1,Action & Adventure
942,Transporter 3,35629354,9.296824,2008,129429032,104,5.9,1110,1,Action & Adventure
943,Waterworld,293618766,16.885184,1995,443311016,135,5.9,1017,1,Action & Adventure
944,Alien: Resurrection,111520249,15.57784,1997,258089719,109,5.9,1388,0,None
945,Happy Feet,126835317,15.088318,2006,487473288,108,5.9,1457,1,Animation
946,Final Destination 2,36131521,12.638573,2003,125663216,90,5.9,1046,0,Horror
947,The Angry Birds Movie,77775416,11.171927,2016,372660954,97,5.9,1048,1,Animation
948,The Lone Ranger,279843347,12.729104,2013,97988969,149,5.9,2361,1,Action & Adventure
949,Trainwreck,37761603,17.310647,2015,151904996,125,5.9,1193,0,Comedy
950,Resident Evil: The Final Chapter,42616666,0.75571,2016,332668497,107,5.9,1139,1,Action & Adventure
951,The Dictator,72388937,7.446085000000001,2012,199770673,83,5.9,1789,1,Comedy
952,The Magnificent Seven,95887500,13.809622000000001,2016,172981727,132,5.9,2358,2,Action & Adventure
953,47 Ronin,192049356,14.889370000000001,2013,165669977,119,5.9,1357,1,Action & Adventure
954,Knowing,59603729,9.806904,2009,185303658,121,5.9,1528,1,Drama
955,This Means War,72388937,12.366641,2012,174818790,103,5.9,1411,1,Action & Adventure
956,Terminator Salvation,238414918,16.507496,2009,442680477,115,5.9,2496,1,Action & Adventure
957,The Sorcerer's Apprentice,175859697,12.533525,2010,252398224,109,5.9,1526,1,Action & Adventure
958,Night at the Museum: Battle of the Smithsonian,178811188,15.417181,2009,492453369,105,5.9,2026,0,None
959,Jumper,100949837,11.038969999999999,2008,263931789,88,5.9,1855,1,Action & Adventure
960,Ghost in the Shell,114757241,68.726676,2017,177145455,107,5.9,2547,1,Animation
961,Journey 2: The Mysterious Island,87980400,9.46307,2012,396126475,94,5.8,1050,1,Action & Adventure
962,The Boy,10654166,17.028854,2016,68387356,97,5.8,1133,0,Horror
963,Snow White and the Huntsman,189324912,18.751554000000002,2012,441683885,127,5.8,3183,1,Action & Adventure
964,Transformers: Age of Extinction,226856780,18.495599,2014,1179012603,165,5.8,3136,1,Action & Adventure
965,Resident Evil: Afterlife,70343878,0.452934,2010,351986799,97,5.8,1382,1,Action & Adventure
966,London Has Fallen,63925000,15.037993,2016,219214217,99,5.8,1656,1,Action & Adventure
967,Journey to the Center of the Earth,53444031,10.419974,2008,120785957,93,5.8,1353,2,Action & Adventure
968,Grown Ups 2,87793991,9.411725,2013,271046694,100,5.8,1180,1,Comedy
969,Snitch,38409871,13.542675,2013,47112957,112,5.8,1155,1,Action & Adventure
970,Teenage Mutant Ninja Turtles,135033798,22.337973,2014,515505027,101,5.8,2677,1,Action & Adventure
971,Cars 2,227389951,13.693001999999998,2011,636524044,106,5.8,2088,1,Action & Adventure
972,Die Another Day,198988326,12.996474000000001,2002,613980068,133,5.8,1112,1,Action & Adventure
973,Carrie,32922746,18.399055,2013,90421542,100,5.8,1505,2,Horror
974,Terminator Genisys,167229957,30.188198,2015,475368457,126,5.8,3677,1,Action & Adventure
975,Twilight,43942870,31.282028999999998,2008,466289229,122,5.8,3688,2,Mystery & Suspense
976,Shark Tale,101521969,17.999273000000002,2004,497153109,90,5.8,1612,1,Action & Adventure
977,The Golden Compass,222026049,11.481378999999999,2007,459143534,113,5.8,1347,1,Action & Adventure
978,The Great Wall,159812500,15.884744,2016,353672632,103,5.8,1465,1,Action & Adventure
979,The Monuments Men,75618926,11.132411,2014,167424663,118,5.8,1545,1,Action & Adventure
980,Total Recall,139209494,16.42635,2012,221401090,121,5.8,2540,2,Action & Adventure
981,The Twilight Saga: Breaking Dawn - Part 1,125064473,25.9725,2011,809703617,117,5.8,2622,0,None
982,xXx,99494163,12.722381,2002,394349923,124,5.8,1454,0,Action & Adventure
983,Blade: Trinity,87985706,18.860681,2004,174489688,123,5.7,1276,1,Action & Adventure
984,Inferno,79906250,18.311054000000002,2016,234414316,121,5.7,2316,1,Horror
985,Dirty Grandpa,12252291,16.290585999999998,2016,100226971,102,5.7,1429,1,Comedy
986,The League of Extraordinary Gentlemen,108394565,10.488764999999999,2003,249120177,110,5.7,1181,1,Action & Adventure
987,Parker,38409871,13.963892000000001,2013,50719292,118,5.7,1467,1,Mystery & Suspense
988,Dark Shadows,167051393,10.665859,2012,273437682,113,5.7,2383,1,Drama
989,Alien: Covenant,101195022,72.884078,2017,242430143,122,5.7,2677,1,Action & Adventure
990,The Last Witch Hunter,97101265,13.412445000000002,2015,158530666,106,5.7,1345,1,Action & Adventure
991,Bee Movie,185021707,8.774374,2007,354741598,91,5.7,1208,0,Animation
992,"Hail, Caesar!",23439166,11.241366000000001,2016,67811273,106,5.7,1338,1,Comedy
993,RoboCop,129632446,10.246549,2014,262169701,102,5.7,2385,0,Action & Adventure
994,Lara Croft: Tomb Raider,166038961,15.851722,2001,396621366,100,5.7,2235,0,None
995,Jurassic Park III,134274985,0.648867,2001,532452020,92,5.7,2109,0,Action & Adventure
996,Batman v Superman: Dawn of Justice,266354166,31.435878999999996,2016,930385965,151,5.7,7189,1,Action & Adventure
997,Valentine's Day,60964695,7.466721000000001,2010,253807344,125,5.7,1043,1,Comedy
998,Hansel & Gretel: Witch Hunters,54871244,10.337211,2013,246704929,88,5.7,3290,0,None
999,Oz: The Great and Powerful,219484978,11.137329,2013,539788788,130,5.7,3576,0,None
1000,Indiana Jones and the Kingdom of the Crystal Skull,219714352,12.577266,2008,934244466,122,5.7,2558,1,Action & Adventure
1001,Exodus: Gods and Kings,151237853,16.320249,2014,289546845,150,5.6,1957,1,Classics
1002,Ice Age: Collision Course,111868750,20.151037,2016,435306916,100,5.6,1170,0,Animation
1003,Resident Evil: Retribution,72388937,0.948759,2012,267459588,95,5.6,1618,0,Action & Adventure
1004,Into the Woods,54013519,9.580785,2014,229992127,125,5.6,1688,1,Kids & Family
1005,The 5th Wave,40485833,10.788263,2016,117096080,112,5.6,1993,1,Action & Adventure
1006,Charlie's Angels,136610917,9.774985000000001,2000,392170661,98,5.6,1253,1,Action & Adventure
1007,AVP: Alien vs. Predator,94753838,12.636205,2004,231718971,101,5.6,1241,0,None
1008,Pixels,94943459,21.14796,2015,262860777,105,5.6,2564,1,Animation
1009,Clash of the Titans,146549747,11.972347000000001,2010,272832414,106,5.6,2280,1,Action & Adventure
1010,Planet of the Apes,144381705,17.319836,2001,522967486,119,5.6,1270,2,Classics
1011,The Twilight Saga: New Moon,59603729,30.121291999999997,2009,846167282,130,5.6,2518,1,Horror
1012,2012,238414918,16.698628,2009,917484495,158,5.6,4994,1,Action & Adventure
1013,Hercules,108027038,19.606895,2014,262937811,99,5.6,1707,1,Animation
1014,G.I. Joe: The Rise of Cobra,208613053,11.787058,2009,360565630,118,5.6,1988,0,Action & Adventure
1015,Sausage Party,20242916,17.56963,2016,149909795,83,5.6,2310,1,Animation
1016,Identity Thief,38409871,7.321172,2013,190913532,111,5.6,1667,1,Comedy
1017,Neighbors 2: Sorority Rising,37289583,9.914008,2016,115873140,91,5.6,1490,1,Comedy
1018,Beautiful Creatures,65845493,20.485203,2013,65902711,124,5.6,1017,0,Comedy
1019,Battle: Los Angeles,79586482,6.7537460000000005,2011,230194528,116,5.5,1462,1,Action & Adventure
1020,The Smurfs,125064473,10.219758,2011,640954654,103,5.5,1201,1,Action & Adventure
1021,Mirror Mirror,94662456,14.170182999999998,2012,203823327,106,5.5,1148,1,Science Fiction & Fantasy
1022,You Don't Mess with the Zohan,106888063,13.116461,2008,239424876,113,5.5,1068,0,Comedy
1023,Jack the Giant Slayer,213997854,11.606061,2013,216947296,114,5.5,2634,1,Action & Adventure
1024,Wrath of the Titans,167051393,7.739903999999999,2012,335216463,99,5.5,1459,1,Action & Adventure
1025,The Green Hornet,136433970,7.888013000000001,2011,259016764,119,5.5,1274,1,Action & Adventure
1026,xXx: Return of Xander Cage,88676050,17.918269,2017,361117732,107,5.5,1497,1,Action & Adventure
1027,Abraham Lincoln: Vampire Hunter,76843641,7.922636,2012,125026986,94,5.5,1297,0,Action & Adventure
1028,Annabelle,7021757,23.242452,2014,275764740,99,5.5,1588,0,Horror
1029,Fantastic Four,130926779,19.382082,2005,432817379,106,5.5,3040,2,Action & Adventure
1030,Battleship,232758275,13.106966,2012,337472197,131,5.5,2141,1,Action & Adventure
1031,Little Fockers,117239798,9.739410000000001,2010,364206119,98,5.5,1092,1,Comedy
1032,Unfriended,1078902,10.07817,2015,67843672,82,5.5,1092,0,Horror
1033,Alvin and the Chipmunks,74008683,11.805233,2007,445737810,92,5.5,1212,0,Animation
1034,Lara Croft Tomb Raider: The Cradle of Life,132019021,13.076349,2003,217491454,117,5.5,1443,0,None
1035,Hitman: Agent 47,37761603,10.721799,2015,88434923,96,5.5,1183,0,Action & Adventure
1036,Noah,135033798,14.924487,2014,391746522,139,5.5,2408,1,Classics
1037,The Legend of Tarzan,191775000,45.382979999999996,2016,380080002,109,5.5,2488,1,Action & Adventure
1038,G.I. Joe: Retaliation,142665236,10.560608,2013,408106284,110,5.4,3045,1,Action & Adventure
1039,The Mummy,130405956,33.704935,2017,425413455,110,5.4,2122,3,Classics
1040,Assassin's Creed,133177083,27.54107,2016,256443507,115,5.4,2776,1,Action & Adventure
1042,The Circle,18778457,88.439243,2017,21384327,110,5.4,1015,1,Drama
1043,Scary Movie 2,64971767,10.869056,2001,203896823,83,5.4,1019,1,Comedy
1044,Dumb and Dumber To,43210815,15.402597,2014,183469892,110,5.4,1140,1,Comedy
1045,Fantastic 4: Rise of the Silver Surfer,160352146,12.924254,2007,356534071,92,5.4,2648,0,None
1046,R.I.P.D.,142665236,9.369679,2013,67654598,96,5.4,1280,1,Action & Adventure
1047,Bad Teacher,22738995,7.3106860000000005,2011,245805685,92,5.4,1634,1,Comedy
1048,Mortdecai,64734177,10.241861,2015,32818674,106,5.4,1078,1,Action & Adventure
1049,Cowboys & Aliens,185322810,10.958669,2011,198764199,119,5.4,2054,1,Action & Adventure
1050,Jack Reacher: Never Go Back,63925000,15.605620000000002,2016,172753131,118,5.3,1843,1,Action & Adventure
1051,Evan Almighty,215858658,9.156877,2007,213391702,96,5.3,1194,1,Comedy
1052,Ghostbusters,153420000,17.162744,2016,244137575,116,5.3,2203,1,Action & Adventure
1053,Hulk,190385326,15.422638000000001,2003,340971058,138,5.3,1571,1,Action & Adventure
1054,The Bling Ring,16461373,7.913028999999999,2013,21011002,90,5.3,1205,1,Drama
1055,Mechanic: Resurrection,42616666,14.288576999999998,2016,133954448,99,5.3,1236,1,Action & Adventure
1056,Godzilla,203932515,11.295121,1998,594564140,139,5.3,1075,2,Action & Adventure
1057,Ghost Rider,135682585,11.902353999999999,2007,282143787,114,5.2,1754,1,Action & Adventure
1058,The Mummy: Tomb of the Dragon Emperor,172208546,14.250226999999999,2008,476398481,112,5.2,1418,1,Action & Adventure
1059,Sex Tape,43210815,27.470696000000004,2014,136189156,97,5.2,1733,1,Comedy
1060,A Good Day to Die Hard,100963090,12.471865,2013,334335082,98,5.2,3519,0,Action & Adventure
1061,Jupiter Ascending,189886923,21.463465,2015,198504897,124,5.2,2816,1,Action & Adventure
1062,Pompeii,140435149,12.204174,2014,127290021,105,5.2,1294,1,Action & Adventure
1063,Gods of Egypt,149158333,13.337707,2016,160537903,127,5.2,1303,0,Action & Adventure
1064,Fifty Shades of Grey,43156118,33.068431,2015,616060198,125,5.2,3350,0,Romance
1065,The Day the Earth Stood Still,95011611,9.265322,2008,276832790,104,5.2,1057,1,Classics
1066,Batman Forever,167782152,13.321354000000001,1995,564635840,121,5.2,1529,1,Action & Adventure
1067,Underworld: Blood Wars,37289583,20.02976,2016,86398167,91,5.2,1619,1,Action & Adventure
1068,Wild Wild West,260918367,9.887602000000001,1999,340889357,106,5.1,1042,1,Action & Adventure
1069,Green Lantern,227389951,13.985631,2011,249959736,114,5.1,2551,1,Action & Adventure
1070,Daredevil,108394565,11.415558,2003,249001379,103,5.0,1551,1,Action & Adventure
1071,After Earth,142665236,10.747641999999999,2013,267599517,100,5.0,2579,1,Action & Adventure
1072,Spring Breakers,5487124,14.830235,2013,34815018,94,5.0,1580,1,Action & Adventure
1073,Ouija,5401351,13.288564000000001,2014,111905501,89,4.9,1006,0,Action & Adventure
1074,Independence Day: Resurgence,175793750,16.993841,2016,415173628,120,4.9,2550,1,Action & Adventure
1075,Rings,26081191,24.535733,2017,86673943,102,4.8,1075,0,Drama
1076,The Last Airbender,175859697,9.544657,2010,373412184,103,4.7,1180,0,Action & Adventure
1077,Ghost Rider: Spirit of Vengeance,64806136,9.421301,2011,169652635,95,4.7,1163,1,Action & Adventure
1078,Fantastic Four,129468354,17.246484,2015,181231524,100,4.4,2322,2,Action & Adventure
1079,Batman & Robin,199143302,17.038823999999998,1997,379498823,125,4.2,1447,1,Action & Adventure
1080,The Boy Next Door,4315611,10.200398,2015,56562409,91,4.1,1034,1,Mystery & Suspense
